Letterboxd URI,Name,Year,Average Rating,Watches,Likes,Updated
https://boxd.it/wupe,#Home,2021,3.86,12978,,2026-08-12T10:37:50Z
https://boxd.it/6oFS,'Til Madness Do Us Part,2013,4.26,3195,,2026-08-12T10:37:51Z
https://boxd.it/1EmM,(500) Days of Summer,2009,3.65,3299536,,2026-08-12T10:37:52Z
https://boxd.it/WcBg7,(500) Days of Summer,2009,4.0,,,2026-08-12T10:37:53Z
https://boxd.it/1XLw,(T)Raumschiff Surprise - Periode 1,2004,3.16,19238,,2026-08-12T10:37:53Z
https://boxd.it/44gO,*Corpus Callosum,2002,3.82,1475,,2026-08-12T10:37:54Z
https://boxd.it/eIo4,...No Lies,1973,3.74,675,,2026-08-12T10:37:55Z
https://boxd.it/8x6c,0.5 mm,2014,4.01,3067,,2026-08-12T10:37:56Z
https://boxd.it/1XH9RN,10 Things I Hate About You,1999,5.0,,,2026-08-12T10:37:57Z
https://boxd.it/23AO,10 Things I Hate About You,1999,4.07,4252276,,2026-08-12T10:37:56Z
https://boxd.it/jt5w,100,2019,3.09,1523,,2026-08-12T10:37:58Z
https://boxd.it/NpbA,100 METERS,2025,4.0,115755,,2026-08-12T10:37:59Z
https://boxd.it/fvcG,100 Years,2017,3.24,369,,2026-08-12T10:37:59Z
https://boxd.it/a8tk,100 Yen Love,2014,3.67,6149,,2026-08-12T10:38:00Z
https://boxd.it/2auI,12 Angry Men,1957,4.63,1670008,,2026-08-12T10:38:01Z
https://boxd.it/WcC2F,12 Angry Men,1957,4.5,,,2026-08-12T10:38:01Z
https://boxd.it/1cEQ2f,12 Years a Slave,2013,4.0,,,2026-08-12T10:38:03Z
https://boxd.it/2D2e,12 Years a Slave,2013,4.18,748909,,2026-08-12T10:38:02Z
https://boxd.it/1cEPZv,127 Hours,2010,4.5,,,2026-08-12T10:38:04Z
https://boxd.it/SLa,127 Hours,2010,3.48,497050,,2026-08-12T10:38:04Z
https://boxd.it/63crUz,12th Fail,2023,4.0,,,2026-08-12T10:38:06Z
https://boxd.it/I1sM,12th Fail,2023,4.15,72402,,2026-08-12T10:38:05Z
https://boxd.it/jqc,13 Assassins,2010,3.9,61526,,2026-08-12T10:38:07Z
https://boxd.it/elNg,13th,2016,4.31,122075,,2026-08-12T10:38:08Z
https://boxd.it/1cEQmz,1917,2019,4.0,,,2026-08-12T10:38:11Z
https://boxd.it/jj4y,1917,2019,4.13,1966308,,2026-08-12T10:38:10Z
https://boxd.it/60hs,1971,2007,3.58,567,,2026-08-12T10:38:12Z
https://boxd.it/i8ke,1985,2018,3.86,7478,,2026-08-12T10:38:12Z
https://boxd.it/7jOs,1: Nenokkadine,2014,3.54,7877,,2026-08-12T10:38:13Z
https://boxd.it/WcBCd,1: Nenokkadine,2014,4.5,,,2026-08-12T10:38:14Z
https://boxd.it/OIke,1st Kiss,2025,3.65,2051,,2026-08-12T10:38:15Z
https://boxd.it/eEjh2j,1st Kiss,2025,4.0,,,2026-08-12T10:38:15Z
https://boxd.it/WcC3j,2.0,2018,4.0,,,2026-08-12T10:38:17Z
https://boxd.it/cXRm,2.0,2018,2.34,18422,,2026-08-12T10:38:16Z
https://boxd.it/DRPy,"20,000 Species of Bees",2023,3.9,33355,,2026-08-12T10:38:18Z
https://boxd.it/2bf0,2001: A Space Odyssey,1968,4.23,1563925,,2026-08-12T10:38:18Z
https://boxd.it/WcCb3,2001: A Space Odyssey,1968,4.5,,,2026-08-12T10:38:19Z
https://boxd.it/29tu,2046,2004,4.05,150404,,2026-08-12T10:38:20Z
https://boxd.it/4h3Byl,2046,2004,4.0,,,2026-08-12T10:38:21Z
https://boxd.it/dSZC,20th Century Nostalgia,1997,3.8,2226,,2026-08-12T10:38:22Z
https://boxd.it/1XHa4x,20th Century Women,2016,3.5,,,2026-08-12T10:38:23Z
https://boxd.it/bqU6,20th Century Women,2016,4.01,241044,,2026-08-12T10:38:23Z
https://boxd.it/2ajK,21 Grams,2003,3.74,116839,,2026-08-12T10:38:24Z
https://boxd.it/cKPi,24,2016,3.6,15906,,2026-08-12T10:38:25Z
https://boxd.it/OKMO,24: Redemption,2008,3.27,4461,,2026-08-12T10:38:26Z
https://boxd.it/duC,25th Anniversary Studio Ghibli Concert,2008,4.5,2026,,2026-08-12T10:38:26Z
https://boxd.it/qN06,27,2023,3.56,23504,,2026-08-12T10:38:27Z
https://boxd.it/4cJY,27 Down,1974,3.62,629,,2026-08-12T10:38:28Z
https://boxd.it/2aXU,28 Days Later,2002,3.73,1450837,,2026-08-12T10:38:29Z
https://boxd.it/MwlA,28 Years Later: The Bone Temple,2026,3.82,800521,,2026-08-12T10:38:29Z
https://boxd.it/2mmG,3 Deewarein,2003,3.49,509,,2026-08-12T10:38:30Z
https://boxd.it/1Dsa,3 Idiots,2009,4.17,229440,,2026-08-12T10:38:31Z
https://boxd.it/WcBlV,3 Idiots,2009,4.5,,,2026-08-12T10:38:31Z
https://boxd.it/YPs,3 Women,1977,4.14,79534,,2026-08-12T10:38:32Z
https://boxd.it/joJw,"3,000 Miles",2017,3.64,434,,2026-08-12T10:38:33Z
https://boxd.it/1nuLEd,3-Iron,2004,3.5,,,2026-08-12T10:38:34Z
https://boxd.it/28WK,3-Iron,2004,4.09,73805,,2026-08-12T10:38:34Z
https://boxd.it/uFi,301/302,1995,3.62,2625,,2026-08-12T10:38:35Z
https://boxd.it/30haev,303,2018,3.5,,,2026-08-12T10:38:37Z
https://boxd.it/hNBe,303,2018,3.89,17426,,2026-08-12T10:38:36Z
https://boxd.it/3ci2,36 Chowringhee Lane,1981,3.58,345,,2026-08-12T10:38:38Z
https://boxd.it/kWb6,37 Seconds,2019,3.71,9782,,2026-08-12T10:38:38Z
https://boxd.it/23g0,3:10 to Yuma,2007,3.79,202829,,2026-08-12T10:38:39Z
https://boxd.it/27DW,"4 Months, 3 Weeks and 2 Days",2007,4.25,65854,,2026-08-12T10:38:40Z
https://boxd.it/2qSw,404: Error Not Found,2011,3.39,1388,,2026-08-12T10:38:41Z
https://boxd.it/16G4,5 Centimeters per Second,2007,3.51,172326,,2026-08-12T10:38:41Z
https://boxd.it/WcCCt,5 Centimeters per Second,2007,3.5,,,2026-08-12T10:38:42Z
https://boxd.it/10Tw,50/50,2011,3.61,341215,,2026-08-12T10:38:43Z
https://boxd.it/XXng,6 Days,2025,3.82,16549,,2026-08-12T10:38:44Z
https://boxd.it/fnQS,7 Days in Entebbe,2018,2.89,8732,,2026-08-12T10:38:47Z
https://boxd.it/1tLc,7 Men from Now,1956,3.8,8060,,2026-08-12T10:38:48Z
https://boxd.it/1gAU,71 Fragments of a Chronology of Chance,1994,3.77,19394,,2026-08-12T10:38:49Z
https://boxd.it/4EgA,79 Springs,1969,3.84,1312,,2026-08-12T10:38:49Z
https://boxd.it/1xDQ,7G Rainbow Colony,2004,3.65,4964,,2026-08-12T10:38:50Z
https://boxd.it/2bew,8 Mile,2002,3.64,674002,,2026-08-12T10:38:51Z
https://boxd.it/1LL0,84 Charing Cross Road,1987,3.75,8442,,2026-08-12T10:38:51Z
https://boxd.it/25ke,88 Minutes,2007,2.43,18657,,2026-08-12T10:38:52Z
https://boxd.it/1GvG,8x10 Tasveer,2009,3.02,2019,,2026-08-12T10:38:53Z
https://boxd.it/2aqm,8½,1963,4.26,272963,,2026-08-12T10:38:54Z
https://boxd.it/7jWrBh,8½,1963,4.5,,,2026-08-12T10:38:54Z
https://boxd.it/3oFW,9,2005,3.48,8865,,2026-08-12T10:38:55Z
https://boxd.it/1Jqk,9 Souls,2003,4.01,5048,,2026-08-12T10:38:56Z
https://boxd.it/7aPQ,9 Variations on a Dance Theme,1967,3.61,990,,2026-08-12T10:38:56Z
https://boxd.it/WcCfT,96,2018,4.5,,,2026-08-12T10:38:58Z
https://boxd.it/fHYM,96,2018,3.99,28487,,2026-08-12T10:38:57Z
https://boxd.it/EhA,964 Pinocchio,1991,3.34,40090,,2026-08-12T10:38:59Z
https://boxd.it/1XHadJ,99 Songs,2019,5.0,,,2026-08-12T10:39:00Z
https://boxd.it/jTuC,99 Songs,2019,3.13,544,,2026-08-12T10:38:59Z
https://boxd.it/1cEPSz,[REC],2007,3.5,,,2026-08-12T10:39:01Z
https://boxd.it/20ma,[REC],2007,3.69,527176,,2026-08-12T10:39:01Z
https://boxd.it/232i,A Bay of Blood,1971,3.37,40877,,2026-08-12T10:39:02Z
https://boxd.it/i7vA,A Beautiful Day in the Neighborhood,2019,3.61,155922,,2026-08-12T10:39:03Z
https://boxd.it/2amk,A Beautiful Mind,2001,3.88,657039,,2026-08-12T10:39:03Z
https://boxd.it/WcBGf,A Beautiful Mind,2001,4.0,,,2026-08-12T10:39:04Z
https://boxd.it/1U4Y,A Bittersweet Life,2005,3.93,62551,,2026-08-12T10:39:05Z
https://boxd.it/dj9c,A Bride for Rip Van Winkle,2016,4.1,18852,,2026-08-12T10:39:06Z
https://boxd.it/22nO,A Bridge Too Far,1977,3.73,33315,,2026-08-12T10:39:07Z
https://boxd.it/1Luy,A Brighter Summer Day,1991,4.49,80309,,2026-08-12T10:39:07Z
https://boxd.it/1xifJL,A Bronx Tale,1993,4.5,,,2026-08-12T10:39:09Z
https://boxd.it/28uQ,A Bronx Tale,1993,4.16,356532,,2026-08-12T10:39:08Z
https://boxd.it/bw3C,A Century of Energy,2015,3.67,539,,2026-08-12T10:39:09Z
https://boxd.it/1QDq,A Charlie Brown Christmas,1965,4.28,209118,,2026-08-12T10:39:10Z
https://boxd.it/2n8VCv,A Charlie Brown Christmas,1965,4.5,,,2026-08-12T10:39:11Z
https://boxd.it/29sw,A Christmas Story,1983,3.54,247081,,2026-08-12T10:39:11Z
https://boxd.it/2aVE,A Clockwork Orange,1971,4.1,1517339,,2026-08-12T10:39:12Z
https://boxd.it/WcCdD,A Clockwork Orange,1971,4.5,,,2026-08-12T10:39:13Z
https://boxd.it/2aca,A Close Shave,1995,4.16,89520,,2026-08-12T10:39:13Z
https://boxd.it/uNc,A Confucian Confusion,1994,3.98,13359,,2026-08-12T10:39:14Z
https://boxd.it/W8G,A Cop,1972,3.56,21754,,2026-08-12T10:39:15Z
https://boxd.it/77Ub9J,A Day in the Country,1946,4.0,,,2026-08-12T10:39:16Z
https://boxd.it/Tm6,A Day in the Country,1946,3.84,16541,,2026-08-12T10:39:16Z
https://boxd.it/enKe,A Death in the Gunj,2016,3.79,9813,,2026-08-12T10:39:17Z
https://boxd.it/BoEC,A Different Man,2024,3.81,307484,,2026-08-12T10:39:18Z
https://boxd.it/pkO,A Difficult Life,1961,4.03,4168,,2026-08-12T10:39:18Z
https://boxd.it/1b5s,A Dog's Life,1918,3.76,24895,,2026-08-12T10:39:19Z
https://boxd.it/12u4,A Dog's Will,2000,4.15,127566,,2026-08-12T10:39:20Z
https://boxd.it/1XH9Yf,A Dog's Will,2000,4.5,,,2026-08-12T10:39:21Z
https://boxd.it/phg,A Drama of Jealousy (and other things),1970,3.88,14575,,2026-08-12T10:39:21Z
https://boxd.it/laGW,A Dream Longer Than the Night,1976,3.52,2058,,2026-08-12T10:39:22Z
https://boxd.it/2lyc,A Face in the Crowd,1957,4.2,31591,,2026-08-12T10:39:23Z
https://boxd.it/29nw,A Few Good Men,1992,4.06,347058,,2026-08-12T10:39:24Z
https://boxd.it/1cEQf9,A Fistful of Dollars,1964,4.0,,,2026-08-12T10:39:25Z
https://boxd.it/2auo,A Fistful of Dollars,1964,3.98,380801,,2026-08-12T10:39:24Z
https://boxd.it/3yYY,A Garden Without Birds,1992,3.28,1672,,2026-08-12T10:39:26Z
https://boxd.it/8K0d4D,A Gentle Woman,1969,3.5,,,2026-08-12T10:39:27Z
https://boxd.it/qSM,A Gentle Woman,1969,3.8,8058,,2026-08-12T10:39:27Z
https://boxd.it/7nZE,A Girl Walks Home Alone at Night,2014,3.8,156305,,2026-08-12T10:39:28Z
https://boxd.it/7DL4,"A Girl, She Is 100%",1983,3.88,14454,,2026-08-12T10:39:29Z
https://boxd.it/2acu,A Grand Day Out,1989,4.12,105745,,2026-08-12T10:39:30Z
https://boxd.it/x8c,A Grin Without a Cat,1977,4.12,3522,,2026-08-12T10:39:30Z
https://boxd.it/29LS,A Hard Day's Night,1964,3.89,126701,,2026-08-12T10:39:31Z
https://boxd.it/Ja0,A Heart in Winter,1992,3.9,9812,,2026-08-12T10:39:32Z
https://boxd.it/p2zw,A Hero,2021,3.89,47307,,2026-08-12T10:39:32Z
https://boxd.it/eb1Q,A Hidden Life,2019,4.06,76602,,2026-08-12T10:39:33Z
https://boxd.it/2bfa,A History of Violence,2005,3.73,293635,,2026-08-12T10:39:34Z
https://boxd.it/Kffw,A House on Fire,2024,3.72,34403,,2026-08-12T10:39:35Z
https://boxd.it/TRLI,A Ladder,2025,3.67,771,,2026-08-12T10:39:35Z
https://boxd.it/19iu,A Lake,2008,3.76,2757,,2026-08-12T10:39:36Z
https://boxd.it/9Sq,A Lizard in a Woman's Skin,1971,3.56,15829,,2026-08-12T10:39:37Z
https://boxd.it/Wb6,A Man and a Woman,1966,4.06,31726,,2026-08-12T10:39:37Z
https://boxd.it/1MzY,A Man Escaped,1956,4.34,73919,,2026-08-12T10:39:38Z
https://boxd.it/1q6K,A Matter of Life and Death,1946,4.26,57929,,2026-08-12T10:39:39Z
https://boxd.it/1O4S,A Matter of Loaf and Death,2008,3.82,68587,,2026-08-12T10:39:40Z
https://boxd.it/T6W,A Moment of Innocence,1996,4.25,28536,,2026-08-12T10:39:40Z
https://boxd.it/2PLU,A Moment of Romance,1990,3.84,12240,,2026-08-12T10:39:41Z
https://boxd.it/1LmO,A Moment to Remember,2004,3.96,20009,,2026-08-12T10:39:42Z
https://boxd.it/75Va,A Most Violent Year,2014,3.56,82424,,2026-08-12T10:39:43Z
https://boxd.it/3q1O,A New Life,2002,3.79,3990,,2026-08-12T10:39:44Z
https://boxd.it/3F36,A New Love in Tokyo,1994,3.95,4040,,2026-08-12T10:39:45Z
https://boxd.it/17G0,A Night at the Opera,1935,3.9,34812,,2026-08-12T10:39:46Z
https://boxd.it/3zd0,A Night in Nude,1993,3.76,1528,,2026-08-12T10:39:47Z
https://boxd.it/4XJGEF,A Night of Knowing Nothing,2021,4.0,,,2026-08-12T10:39:48Z
https://boxd.it/vBUw,A Night of Knowing Nothing,2021,3.96,6622,,2026-08-12T10:39:47Z
https://boxd.it/2aw0,A Nightmare on Elm Street,1984,3.72,810301,,2026-08-12T10:39:49Z
https://boxd.it/271I,A Nos Amours,1983,3.84,27855,,2026-08-12T10:39:50Z
https://boxd.it/4h3BWH,A Nos Amours,1983,3.5,,,2026-08-12T10:39:50Z
https://boxd.it/3i2u,A Page of Madness,1926,3.78,27314,,2026-08-12T10:39:51Z
https://boxd.it/5h45tt,A Page of Madness,1926,4.0,,,2026-08-12T10:39:53Z
https://boxd.it/1Ld8,A Passage to India,1984,3.62,14838,,2026-08-12T10:39:53Z
https://boxd.it/RwhS,A Personal Journey with Martin Scorsese Through American Movies,1995,4.22,8482,,2026-08-12T10:39:54Z
https://boxd.it/3Ifa,A Pigeon Sat on a Branch Reflecting on Existence,2014,3.81,36891,,2026-08-12T10:39:55Z
https://boxd.it/OjEe,A Place for Her,2025,3.96,14929,,2026-08-12T10:39:56Z
https://boxd.it/1vlg,A Place in the Sun,1951,3.95,30938,,2026-08-12T10:39:56Z
https://boxd.it/kwFu,A Place We Call Reality,2018,3.51,893,,2026-08-12T10:39:57Z
https://boxd.it/UkD4,A Poet,2025,4.11,76974,,2026-08-12T10:39:58Z
https://boxd.it/7imW,A Portrait of Ga,1952,3.73,2707,,2026-08-12T10:39:58Z
https://boxd.it/1BGE,A Prophet,2009,4.18,106023,,2026-08-12T10:39:59Z
https://boxd.it/cMXe,A Quiet Passion,2016,3.49,10687,,2026-08-12T10:40:00Z
https://boxd.it/WcCdj,A Quiet Place,2018,3.5,,,2026-08-12T10:40:01Z
https://boxd.it/fVJQ,A Quiet Place,2018,3.64,2047262,,2026-08-12T10:40:00Z
https://boxd.it/1UfC,A Room with a View,1986,3.7,83362,,2026-08-12T10:40:02Z
https://boxd.it/R0hQ,A Sad and Beautiful World,2025,3.93,6941,,2026-08-12T10:40:02Z
https://boxd.it/7QjC,A Season in Hakkari,1983,3.77,5566,,2026-08-12T10:40:03Z
https://boxd.it/erY,A Sense of History,1992,3.99,3042,,2026-08-12T10:40:04Z
https://boxd.it/1cEQ0X,A Separation,2011,4.5,,,2026-08-12T10:40:05Z
https://boxd.it/gvo,A Separation,2011,4.4,207456,,2026-08-12T10:40:04Z
https://boxd.it/2wBc,A Serbian Film,2010,1.7,142090,,2026-08-12T10:40:06Z
https://boxd.it/1VtK,A Short Film About Killing,1988,4.12,57195,,2026-08-12T10:40:07Z
https://boxd.it/2n8VJ7,A Short Film About Killing,1988,5.0,,,2026-08-12T10:40:07Z
https://boxd.it/1jXC,A Short Film About Love,1988,4.07,64934,,2026-08-12T10:40:08Z
https://boxd.it/2n8VIX,A Short Film About Love,1988,4.0,,,2026-08-12T10:40:09Z
https://boxd.it/4h3Bwz,A Short Story,2022,4.0,,,2026-08-12T10:40:10Z
https://boxd.it/zDD6,A Short Story,2022,3.78,26931,,2026-08-12T10:40:09Z
https://boxd.it/1cEQdx,A Silent Voice: The Movie,2016,4.5,,,2026-08-12T10:40:11Z
https://boxd.it/d99c,A Silent Voice: The Movie,2016,4.23,978242,,2026-08-12T10:40:11Z
https://boxd.it/3uzA,A Single Girl,1995,3.51,2732,,2026-08-12T10:40:12Z
https://boxd.it/1dx4,A Single Man,2009,3.9,116901,,2026-08-12T10:40:13Z
https://boxd.it/5oFHlT,A Single Man,2009,3.5,,,2026-08-12T10:40:13Z
https://boxd.it/1fuQ,A Snake of June,2002,3.7,20280,,2026-08-12T10:40:15Z
https://boxd.it/5bh2,A Soft Note on a Sharp Scale,1961,3.64,694,,2026-08-12T10:40:15Z
https://boxd.it/mU00,A Space Exodus,2008,3.37,371,,2026-08-12T10:40:16Z
https://boxd.it/Xqc,A Special Day,1977,4.33,50284,,2026-08-12T10:40:17Z
https://boxd.it/4Jea,A Spring for the Thirsty,1965,3.91,1502,,2026-08-12T10:40:17Z
https://boxd.it/25I6,A Star Is Born,1954,3.89,30927,,2026-08-12T10:40:18Z
https://boxd.it/WcBsn,A Star Is Born,2018,4.0,,,2026-08-12T10:40:20Z
https://boxd.it/aXgc,A Star Is Born,2018,3.64,1151297,,2026-08-12T10:40:19Z
https://boxd.it/61pM,A Story of Yonosuke,2013,4.11,5003,,2026-08-12T10:40:21Z
https://boxd.it/YOa,A Stranger Among Us,1992,2.7,2313,,2026-08-12T10:40:21Z
https://boxd.it/1XHa4H,A Streetcar Named Desire,1951,4.5,,,2026-08-12T10:40:23Z
https://boxd.it/29Mc,A Streetcar Named Desire,1951,4.01,164427,,2026-08-12T10:40:22Z
https://boxd.it/HDO,A Summer Dress,1996,3.71,5980,,2026-08-12T10:40:23Z
https://boxd.it/41eq,A Summer in La Goulette,1996,3.54,1484,,2026-08-12T10:40:24Z
https://boxd.it/183e,A Summer's Tale,1996,4.1,91242,,2026-08-12T10:40:25Z
https://boxd.it/1XH9OJ,A Summer's Tale,1996,4.0,,,2026-08-12T10:40:25Z
https://boxd.it/1WJY,A Tale of Autumn,1998,3.88,19068,,2026-08-12T10:40:26Z
https://boxd.it/4h3Bqr,A Tale of Autumn,1998,4.0,,,2026-08-12T10:40:27Z
https://boxd.it/6cmk,A Tale of Sorrow and Sadness,1977,3.7,2402,,2026-08-12T10:40:27Z
https://boxd.it/1pZ0,A Tale of Springtime,1990,3.67,24406,,2026-08-12T10:40:28Z
https://boxd.it/248m,A Tale of Two Sisters,2003,3.71,142590,,2026-08-12T10:40:28Z
https://boxd.it/1WJO,A Tale of Winter,1992,3.85,25544,,2026-08-12T10:40:29Z
https://boxd.it/4h3BbL,A Tale of Winter,1992,4.0,,,2026-08-12T10:40:30Z
https://boxd.it/1wtA,A Taste of Honey,1961,3.74,12443,,2026-08-12T10:40:30Z
https://boxd.it/fwac,A Taxi Driver,2017,4.23,122609,,2026-08-12T10:40:31Z
https://boxd.it/5Fvo,A Touch of Sin,2013,3.89,27568,,2026-08-12T10:40:32Z
https://boxd.it/Hm5i,A Traveler's Needs,2024,3.5,13976,,2026-08-12T10:40:32Z
https://boxd.it/29EC,A Trip to the Moon,1902,3.93,309964,,2026-08-12T10:40:33Z
https://boxd.it/4bLO,A Visit to the Louvre,2004,3.77,1188,,2026-08-12T10:40:34Z
https://boxd.it/1EFE,A Wednesday!,2008,3.58,13399,,2026-08-12T10:40:35Z
https://boxd.it/WcBpj,A Wednesday!,2008,4.0,,,2026-08-12T10:40:35Z
https://boxd.it/1iUC,A Woman Is a Woman,1961,3.9,84115,,2026-08-12T10:40:36Z
https://boxd.it/1myg,A Woman Under the Influence,1974,4.4,152635,,2026-08-12T10:40:37Z
https://boxd.it/3a1o,A Woman's Revenge,2012,3.85,1812,,2026-08-12T10:40:37Z
https://boxd.it/1g9a,A Zed & Two Noughts,1985,3.85,14426,,2026-08-12T10:40:38Z
https://boxd.it/dSDQ,A. K.,1985,3.67,3380,,2026-08-12T10:40:39Z
https://boxd.it/4UqQ,A.K.A. Serial Killer,1975,3.74,1803,,2026-08-12T10:40:39Z
https://boxd.it/1yAe,Aa Naluguru,2004,3.71,859,,2026-08-12T10:40:40Z
https://boxd.it/2BjC,Aaahh Belinda,1986,3.95,11624,,2026-08-12T10:40:41Z
https://boxd.it/kfza,Aadai,2019,3.02,1369,,2026-08-12T10:40:42Z
https://boxd.it/hP4Q,Aadu 2,2017,3.38,3870,,2026-08-12T10:40:43Z
https://boxd.it/2elq,Aadukalam,2011,4.0,8640,,2026-08-12T10:40:44Z
https://boxd.it/1QMs,Aamir,2008,3.47,1533,,2026-08-12T10:40:45Z
https://boxd.it/1cEPWL,Aamir,2008,4.0,,,2026-08-12T10:40:45Z
https://boxd.it/kTVA,Aamis,2019,3.65,10006,,2026-08-12T10:40:46Z
https://boxd.it/eWB2,Aanandam,2016,3.47,6089,,2026-08-12T10:40:47Z
https://boxd.it/esyM,Aandavan Kattalai,2016,3.76,4683,,2026-08-12T10:40:48Z
https://boxd.it/ir4,Aandhi,1975,3.56,492,,2026-08-12T10:40:49Z
https://boxd.it/1BdM,Aankhen,2002,3.3,3286,,2026-08-12T10:40:49Z
https://boxd.it/5Y6W,Aaram Thamburan,1997,3.59,2501,,2026-08-12T10:40:50Z
https://boxd.it/1nuLq1,Aaranya Kaandam,2011,4.0,,,2026-08-12T10:40:51Z
https://boxd.it/3Xc6,Aaranya Kaandam,2011,4.09,8902,,2026-08-12T10:40:51Z
https://boxd.it/2Pgi,Aarya,2004,3.48,4859,,2026-08-12T10:40:52Z
https://boxd.it/5Y0,Aayitha Ezhuthu,2004,3.77,6872,,2026-08-12T10:40:53Z
https://boxd.it/1JWg,Ab Tak Chhappan,2004,3.57,1210,,2026-08-12T10:40:53Z
https://boxd.it/26n4,Abel,1986,3.57,1600,,2026-08-12T10:40:54Z
https://boxd.it/2Ajm,Abhimaan,1973,3.52,1314,,2026-08-12T10:40:54Z
https://boxd.it/5h45nb,About Dry Grasses,2023,4.5,,,2026-08-12T10:40:56Z
https://boxd.it/oNbO,About Dry Grasses,2023,4.01,61107,,2026-08-12T10:40:55Z
https://boxd.it/18Ry,About Elly,2009,4.14,50519,,2026-08-12T10:40:57Z
https://boxd.it/bHua,About Endlessness,2019,3.68,24423,,2026-08-12T10:40:57Z
https://boxd.it/1XH9Vl,About Time,2013,4.5,,,2026-08-12T10:40:58Z
https://boxd.it/43bI,About Time,2013,4.08,1599998,,2026-08-12T10:40:58Z
https://boxd.it/eTZU,Above Suspicion,2019,2.56,5616,,2026-08-12T10:40:59Z
https://boxd.it/ji2w,Abrahaminte Santhathikal,2018,3.03,1815,,2026-08-12T10:41:00Z
https://boxd.it/Qg1i,"Ach, diese Lücke, diese entsetzliche Lücke",2026,3.62,9889,,2026-08-12T10:41:00Z
https://boxd.it/iW7a,Active Measures,2018,3.58,1135,,2026-08-12T10:41:01Z
https://boxd.it/5Mzs,Acto da Primavera,1963,3.75,911,,2026-08-12T10:41:02Z
https://boxd.it/Rxgc,Acts of Love,2025,3.45,262,,2026-08-12T10:41:02Z
https://boxd.it/4i4W,Adaminte Makan Abu,2011,3.55,586,,2026-08-12T10:41:03Z
https://boxd.it/26mA,Adaptation.,2002,4.1,329991,,2026-08-12T10:41:04Z
https://boxd.it/TFGw,Adolescence,2025,4.08,1245386,,2026-08-12T10:41:04Z
https://boxd.it/d4Y,Adoption,1975,3.8,5465,,2026-08-12T10:41:05Z
https://boxd.it/1NVm,Adrift in Tokyo,2007,3.83,4242,,2026-08-12T10:41:06Z
https://boxd.it/bZZ6,Adventure Time,2007,4.55,83905,,2026-08-12T10:41:07Z
https://boxd.it/cMLPhf,Afire,2023,3.5,,,2026-08-12T10:41:09Z
https://boxd.it/y06K,Afire,2023,3.7,55716,,2026-08-12T10:41:08Z
https://boxd.it/hLoC,After Before,2017,3.69,699,,2026-08-12T10:41:09Z
https://boxd.it/1VfS,After Hours,1985,4.13,517274,,2026-08-12T10:41:10Z
https://boxd.it/1HMI,After Life,1998,4.16,61365,,2026-08-12T10:41:10Z
https://boxd.it/25eg,After the Wedding,2006,3.76,18723,,2026-08-12T10:41:11Z
https://boxd.it/30halr,After Yang,2021,4.5,,,2026-08-12T10:41:12Z
https://boxd.it/lx5a,After Yang,2021,3.83,144036,,2026-08-12T10:41:12Z
https://boxd.it/gxxS,Afternoon Clouds,2017,3.67,2092,,2026-08-12T10:41:13Z
https://boxd.it/APRc,Afternoons of Solitude,2024,3.78,22326,,2026-08-12T10:41:14Z
https://boxd.it/3zBco3,Aftersun,2022,4.5,,,2026-08-12T10:41:15Z
https://boxd.it/Arw0,Aftersun,2022,4.21,1662888,,2026-08-12T10:41:15Z
https://boxd.it/6oi,Agatha and the Limitless Readings,1981,3.93,2630,,2026-08-12T10:41:16Z
https://boxd.it/WcBfX,Agent Sai Srinivasa Athreya,2019,4.5,,,2026-08-12T10:41:17Z
https://boxd.it/mygg,Agent Sai Srinivasa Athreya,2019,3.79,9313,,2026-08-12T10:41:16Z
https://boxd.it/HJrw,AGGRO DR1FT,2023,3.04,19005,,2026-08-12T10:41:18Z
https://boxd.it/18pE,Agneepath,1990,3.56,2802,,2026-08-12T10:41:18Z
https://boxd.it/27Fe,"Aguirre, the Wrath of God",1972,4.1,149432,,2026-08-12T10:41:19Z
https://boxd.it/3gsU,Aguner Poroshmoni,1995,3.78,518,,2026-08-12T10:41:20Z
https://boxd.it/17VY,Aha Naa Pellanta!,1987,3.77,898,,2026-08-12T10:41:21Z
https://boxd.it/WcC13,Ahalya,2015,4.0,,,2026-08-12T10:41:22Z
https://boxd.it/bNYK,Ahalya,2015,3.62,2984,,2026-08-12T10:41:21Z
https://boxd.it/WcBWx,Airlift,2016,4.0,,,2026-08-12T10:41:23Z
https://boxd.it/d2t0,Airlift,2016,3.34,8533,,2026-08-12T10:41:23Z
https://boxd.it/1cEQl7,Airplane!,1980,4.0,,,2026-08-12T10:41:25Z
https://boxd.it/29yu,Airplane!,1980,3.82,617698,,2026-08-12T10:41:24Z
https://boxd.it/a1hc,Aithe,2003,3.56,834,,2026-08-12T10:41:25Z
https://boxd.it/ae0S,Aka Ana,2008,3.86,1084,,2026-08-12T10:41:26Z
https://boxd.it/2b1i,Akira,1988,4.28,890357,,2026-08-12T10:41:27Z
https://boxd.it/WcCx9,Akira,1988,4.5,,,2026-08-12T10:41:29Z
https://boxd.it/29yE,Aladdin,1992,3.91,1142342,,2026-08-12T10:41:29Z
https://boxd.it/WcBgL,Aladdin,1992,4.0,,,2026-08-12T10:41:30Z
https://boxd.it/H1U,Alaipayuthey,2000,3.93,10950,,2026-08-12T10:41:31Z
https://boxd.it/WcBDF,Alaipayuthey,2000,4.0,,,2026-08-12T10:41:31Z
https://boxd.it/36ey,Albert Pinto Ko Gussa Kyoon Aata Hai,1981,3.58,977,,2026-08-12T10:41:32Z
https://boxd.it/10zw,Alexandria… Why?,1979,3.86,6009,,2026-08-12T10:41:33Z
https://boxd.it/1Z24,Ali G Indahouse,2002,3.07,80025,,2026-08-12T10:41:34Z
https://boxd.it/2aRi,Ali: Fear Eats the Soul,1974,4.17,71091,,2026-08-12T10:41:35Z
https://boxd.it/6paL2B,Ali: Fear Eats the Soul,1974,4.0,,,2026-08-12T10:41:36Z
https://boxd.it/1KIa,Alice Doesn't Live Here Anymore,1974,3.82,62774,,2026-08-12T10:41:37Z
https://boxd.it/1lYi,Alice in Chains: MTV Unplugged,1996,4.6,14367,,2026-08-12T10:41:38Z
https://boxd.it/1cEQkt,Alien,1979,4.5,,,2026-08-12T10:41:39Z
https://boxd.it/2awY,Alien,1979,4.25,1963691,,2026-08-12T10:41:38Z
https://boxd.it/1cEQov,Aliens,1986,4.5,,,2026-08-12T10:41:40Z
https://boxd.it/29PA,Aliens,1986,4.12,939410,,2026-08-12T10:41:40Z
https://boxd.it/cRto,Aligarh,2015,3.82,5910,,2026-08-12T10:41:41Z
https://boxd.it/rXZq,"All About ""All About Lily Chou-Chou""",2002,4.02,1363,,2026-08-12T10:41:42Z
https://boxd.it/1cEQ8n,All About Eve,1950,4.5,,,2026-08-12T10:41:43Z
https://boxd.it/29LI,All About Eve,1950,4.37,151924,,2026-08-12T10:41:42Z
https://boxd.it/1JP0,All About Lily Chou-Chou,2001,4.17,212801,,2026-08-12T10:41:44Z
https://boxd.it/2n8Vvp,All About Lily Chou-Chou,2001,5.0,,,2026-08-12T10:41:45Z
https://boxd.it/2b9c,All About My Mother,1999,4.19,302177,,2026-08-12T10:41:46Z
https://boxd.it/dzmc,All in Order,1980,3.71,425,,2026-08-12T10:41:46Z
https://boxd.it/UMOO,All of a Sudden,2026,4.02,4649,,2026-08-12T10:41:47Z
https://boxd.it/5h45xZ,All of Us Strangers,2023,4.0,,,2026-08-12T10:41:48Z
https://boxd.it/Bz3C,All of Us Strangers,2023,3.94,716147,,2026-08-12T10:41:48Z
https://boxd.it/2b2g,All Quiet on the Western Front,1930,4.18,76510,,2026-08-12T10:41:49Z
https://boxd.it/3zBbQl,All Quiet on the Western Front,2022,4.0,,,2026-08-12T10:41:50Z
https://boxd.it/H08,All Quiet on the Western Front,2022,4.1,1221115,,2026-08-12T10:41:50Z
https://boxd.it/UNi,All That Heaven Allows,1955,4.07,61440,,2026-08-12T10:41:51Z
https://boxd.it/1JB8,All That Jazz,1979,4.34,151066,,2026-08-12T10:41:52Z
https://boxd.it/7jsBkP,All That Jazz,1979,4.5,,,2026-08-12T10:41:52Z
https://boxd.it/BYjU,All the Beauty and the Bloodshed,2022,4.22,65603,,2026-08-12T10:41:53Z
https://boxd.it/1kkQ,All the Colours of the Dark,1972,3.52,20159,,2026-08-12T10:41:55Z
https://boxd.it/F3Re,All the Long Nights,2024,3.75,8700,,2026-08-12T10:41:55Z
https://boxd.it/29lU,All the President's Men,1976,4.19,252226,,2026-08-12T10:41:56Z
https://boxd.it/1QLa,All the Real Girls,2003,3.6,8362,,2026-08-12T10:41:57Z
https://boxd.it/1Mmg,All the World's Memory,1956,3.93,4041,,2026-08-12T10:41:58Z
https://boxd.it/d55U,All These Sleepless Nights,2016,3.58,6784,,2026-08-12T10:41:58Z
https://boxd.it/xTmc,All Too Well: The Short Film,2021,4.19,324291,,2026-08-12T10:41:59Z
https://boxd.it/5Ose,All Watched Over by Machines of Loving Grace,2011,4.12,5713,,2026-08-12T10:42:00Z
https://boxd.it/7xh2JT,All We Imagine as Light,2024,4.5,,,2026-08-12T10:42:01Z
https://boxd.it/yXaQ,All We Imagine as Light,2024,3.87,106232,,2026-08-12T10:42:01Z
https://boxd.it/1Ao0,Allegro non troppo,1976,3.82,7174,,2026-08-12T10:42:02Z
https://boxd.it/1nuLsh,Almost Famous,2000,4.5,,,2026-08-12T10:42:05Z
https://boxd.it/29CQ,Almost Famous,2000,4.09,819634,,2026-08-12T10:42:03Z
https://boxd.it/as8w,Alone in the Woods: The Legend of Cambo,2015,3.49,1253,,2026-08-12T10:42:05Z
https://boxd.it/7298,Along the Coast,1958,3.96,17247,,2026-08-12T10:42:06Z
https://boxd.it/1TBi,Altered States,1980,3.7,80853,,2026-08-12T10:42:07Z
https://boxd.it/12xs,Alucarda,1977,3.47,33742,,2026-08-12T10:42:08Z
https://boxd.it/32bK,Always for Pleasure,1978,3.94,2438,,2026-08-12T10:42:10Z
https://boxd.it/2aH8,Amadeus,1984,4.37,568339,,2026-08-12T10:42:10Z
https://boxd.it/WcCtL,Amadeus,1984,4.5,,,2026-08-12T10:42:12Z
https://boxd.it/etNS,Amanda Knox,2016,3.33,38380,,2026-08-12T10:42:13Z
https://boxd.it/16Xa,Amar Akbar Anthony,1977,3.65,5624,,2026-08-12T10:42:13Z
https://boxd.it/1ngW,Amar Prem,1972,3.63,1002,,2026-08-12T10:42:14Z
https://boxd.it/70dC,Amaram,1991,3.68,863,,2026-08-12T10:42:15Z
https://boxd.it/20NA,Amarcord,1973,4.09,74721,,2026-08-12T10:42:15Z
https://boxd.it/5uqi,Amen,2013,3.8,4525,,2026-08-12T10:42:16Z
https://boxd.it/hE4K,American Animals,2018,3.66,102720,,2026-08-12T10:42:17Z
https://boxd.it/71Y,American Beauty,1999,3.94,1227282,,2026-08-12T10:42:18Z
https://boxd.it/WcBuX,American Beauty,1999,4.5,,,2026-08-12T10:42:18Z
https://boxd.it/kJuY,American Factory,2019,3.67,40445,,2026-08-12T10:42:19Z
https://boxd.it/23wi,American Gangster,2007,3.95,393107,,2026-08-12T10:42:20Z
https://boxd.it/29us,American Graffiti,1973,3.73,151692,,2026-08-12T10:42:21Z
https://boxd.it/2bdo,American History X,1998,4.17,962239,,2026-08-12T10:42:21Z
https://boxd.it/WcBnn,American History X,1998,4.5,,,2026-08-12T10:42:22Z
https://boxd.it/bk7C,American Honey,2016,3.78,152763,,2026-08-12T10:42:23Z
https://boxd.it/28Vs,American Psycho,2000,3.75,4051442,,2026-08-12T10:42:25Z
https://boxd.it/WcBrp,American Psycho,2000,3.5,,,2026-08-12T10:42:25Z
https://boxd.it/7QWu,Amor,1980,3.62,732,,2026-08-12T10:42:27Z
https://boxd.it/1nuLwt,Amores Perros,2000,4.0,,,2026-08-12T10:42:28Z
https://boxd.it/2bfu,Amores Perros,2000,4.19,307157,,2026-08-12T10:42:28Z
https://boxd.it/34Q6,Amour,2012,4.24,151378,,2026-08-12T10:42:29Z
https://boxd.it/2aUc,Amélie,2001,4.2,1410674,,2026-08-12T10:42:30Z
https://boxd.it/WcBzN,Amélie,2001,4.5,,,2026-08-12T10:42:31Z
https://boxd.it/4h3Bt1,An Action Hero,2022,3.0,,,2026-08-12T10:42:32Z
https://boxd.it/xk3Y,An Action Hero,2022,3.22,12538,,2026-08-12T10:42:32Z
https://boxd.it/8wBmw5,An Autumn Afternoon,1962,4.0,,,2026-08-12T10:42:34Z
https://boxd.it/CUU,An Autumn Afternoon,1962,4.21,35529,,2026-08-12T10:42:33Z
https://boxd.it/1nuLnr,An Education,2009,3.5,,,2026-08-12T10:42:35Z
https://boxd.it/1xcg,An Education,2009,3.56,88898,,2026-08-12T10:42:34Z
https://boxd.it/i1EQ,An Elephant Sitting Still,2018,4.38,42101,,2026-08-12T10:42:36Z
https://boxd.it/6qwI,An Extraordinary Person,2013,3.79,1841,,2026-08-12T10:42:36Z
https://boxd.it/jaiw,An Hour with Alice,2012,3.54,773,,2026-08-12T10:42:37Z
https://boxd.it/x4O,An Occurrence at Owl Creek Bridge,1961,3.9,6188,,2026-08-12T10:42:39Z
https://boxd.it/15kG,An Unmarried Woman,1978,3.92,12145,,2026-08-12T10:42:40Z
https://boxd.it/KLzS,An Urban Allegory,2024,3.66,13076,,2026-08-12T10:42:41Z
https://boxd.it/7JMs,Ana,1982,3.89,1029,,2026-08-12T10:42:41Z
https://boxd.it/avRE,Analife,2005,3.91,868,,2026-08-12T10:42:42Z
https://boxd.it/1uhM,Anand,1971,3.95,14447,,2026-08-12T10:42:43Z
https://boxd.it/WcCdt,Anand,1971,4.5,,,2026-08-12T10:42:43Z
https://boxd.it/30hanH,Anantaram,1987,4.5,,,2026-08-12T10:42:45Z
https://boxd.it/8m3G,Anantaram,1987,4.07,4705,,2026-08-12T10:42:44Z
https://boxd.it/5h45tj,Anatomy of a Fall,2023,4.5,,,2026-08-12T10:42:47Z
https://boxd.it/yuDE,Anatomy of a Fall,2023,4.12,1531609,,2026-08-12T10:42:46Z
https://boxd.it/2baa,Anatomy of a Murder,1959,4.25,97229,,2026-08-12T10:42:48Z
https://boxd.it/2wR0,Anatomy of Hell,2004,3.07,14957,,2026-08-12T10:42:49Z
https://boxd.it/tnQw,Anaïs in Love,2021,3.58,20011,,2026-08-12T10:42:51Z
https://boxd.it/1sU8,Anbe Sivam,2003,4.24,16450,,2026-08-12T10:42:51Z
https://boxd.it/WcBON,Anbe Sivam,2003,4.5,,,2026-08-12T10:42:52Z
https://boxd.it/ge6o,And So We Put Goldfish in the Pool.,2017,4.03,8375,,2026-08-12T10:42:53Z
https://boxd.it/laoy,And The Oscar Goes To...,2019,3.2,769,,2026-08-12T10:42:53Z
https://boxd.it/cTHC,And Then There Were None,2015,3.91,28606,,2026-08-12T10:42:54Z
https://boxd.it/m0e6,And Then We Danced,2019,4.09,55280,,2026-08-12T10:42:55Z
https://boxd.it/lavk,And Your Bird Can Sing,2018,3.67,3485,,2026-08-12T10:42:57Z
https://boxd.it/415y,Andaz,1949,3.34,418,,2026-08-12T10:42:57Z
https://boxd.it/WcBin,Andaz Apna Apna,1994,4.0,,,2026-08-12T10:42:59Z
https://boxd.it/l4C,Andaz Apna Apna,1994,3.7,11544,,2026-08-12T10:42:58Z
https://boxd.it/WcCor,Andhadhun,2018,4.5,,,2026-08-12T10:43:00Z
https://boxd.it/jtfc,Andhadhun,2018,3.93,56964,,2026-08-12T10:43:00Z
https://boxd.it/swim,Andhaghaaram,2020,3.54,3228,,2026-08-12T10:43:01Z
https://boxd.it/29lg,Andrei Rublev,1966,4.44,102954,,2026-08-12T10:43:02Z
https://boxd.it/4cli,Andrei Tarkovsky: A Poet in the Cinema,1984,3.78,512,,2026-08-12T10:43:02Z
https://boxd.it/mRXS,Andrey Tarkovsky. A Cinema Prayer,2019,3.95,3438,,2026-08-12T10:43:03Z
https://boxd.it/fIEe,Angamaly Diaries,2017,3.87,9600,,2026-08-12T10:43:04Z
https://boxd.it/7ioo,Angel,1957,3.62,3558,,2026-08-12T10:43:04Z
https://boxd.it/hrji,Angel,2018,3.3,543,,2026-08-12T10:43:05Z
https://boxd.it/1esa,Angel Dust,1994,3.88,15051,,2026-08-12T10:43:06Z
https://boxd.it/29WG,Angel Heart,1987,3.67,92440,,2026-08-12T10:43:06Z
https://boxd.it/1LeA,Angel's Egg,1985,4.08,171493,,2026-08-12T10:43:07Z
https://boxd.it/8lWpbn,Angel's Egg,1985,4.0,,,2026-08-12T10:43:08Z
https://boxd.it/1yug,Angels in America,2003,4.26,24502,,2026-08-12T10:43:09Z
https://boxd.it/1PBI,Angels with Dirty Faces,1938,3.93,18344,,2026-08-12T10:43:10Z
https://boxd.it/1BdC,Angoor,1982,3.66,1994,,2026-08-12T10:43:10Z
https://boxd.it/WcBAh,Angoor,1982,4.5,,,2026-08-12T10:43:11Z
https://boxd.it/bQfy,Angrej,2015,3.8,932,,2026-08-12T10:43:12Z
https://boxd.it/1G46,Angst,1983,3.7,69451,,2026-08-12T10:43:13Z
https://boxd.it/fqQc,Ani*Kuri15: Good Morning,2007,3.88,34341,,2026-08-12T10:43:13Z
https://boxd.it/ky38,Ani... Dr. Kashinath Ghanekar,2018,3.54,511,,2026-08-12T10:43:14Z
https://boxd.it/WcBhp,Anima,2019,4.5,,,2026-08-12T10:43:15Z
https://boxd.it/mxuc,Anima,2019,3.93,105995,,2026-08-12T10:43:15Z
https://boxd.it/osoi,Anjaam Pathiraa,2020,3.57,9812,,2026-08-12T10:43:16Z
https://boxd.it/6Cn4,Anjali,1990,3.67,2120,,2026-08-12T10:43:17Z
https://boxd.it/vve,Anjathe,2008,3.73,3283,,2026-08-12T10:43:17Z
https://boxd.it/1cEQ6r,Ankhon Dekhi,2013,3.5,,,2026-08-12T10:43:19Z
https://boxd.it/76UC,Ankhon Dekhi,2013,3.85,7534,,2026-08-12T10:43:19Z
https://boxd.it/5hJG,Ankur: The Seedling,1974,3.84,2199,,2026-08-12T10:43:20Z
https://boxd.it/ixl2,Anne,2018,3.08,316,,2026-08-12T10:43:21Z
https://boxd.it/IIQM,Anne of Green Gables,1985,4.24,27565,,2026-08-12T10:43:22Z
https://boxd.it/1cEQiH,Annie Hall,1977,4.5,,,2026-08-12T10:43:23Z
https://boxd.it/29M2,Annie Hall,1977,4.0,372648,,2026-08-12T10:43:23Z
https://boxd.it/97TE,Anomalisa,2015,3.83,160621,,2026-08-12T10:43:24Z
https://boxd.it/7GZHpf,Anora,2024,4.5,,,2026-08-12T10:43:25Z
https://boxd.it/Egcw,Anora,2024,3.78,2542911,,2026-08-12T10:43:25Z
https://boxd.it/W4Lq,Another Day,2026,3.43,3252,,2026-08-12T10:43:26Z
https://boxd.it/2n8ViZ,Another Round,2020,4.5,,,2026-08-12T10:43:27Z
https://boxd.it/lkba,Another Round,2020,4.1,700840,,2026-08-12T10:43:27Z
https://boxd.it/1Aw4,Another Woman,1988,3.7,16839,,2026-08-12T10:43:28Z
https://boxd.it/T1C,Another Year,2010,4.01,23078,,2026-08-12T10:43:29Z
https://boxd.it/3vmW,Ant-Man,2015,3.22,1774104,,2026-08-12T10:43:29Z
https://boxd.it/WcBZV,Ant-Man,2015,4.0,,,2026-08-12T10:43:30Z
https://boxd.it/WcC4r,Ant-Man and the Wasp,2018,4.0,,,2026-08-12T10:43:32Z
https://boxd.it/cqUW,Ant-Man and the Wasp,2018,2.82,1317153,,2026-08-12T10:43:31Z
https://boxd.it/3RjU,Antaheen,2008,3.7,1158,,2026-08-12T10:43:32Z
https://boxd.it/bOr8,Anthropoid,2016,3.61,40404,,2026-08-12T10:43:33Z
https://boxd.it/236a,Anthropophagous,1980,2.77,13654,,2026-08-12T10:43:34Z
https://boxd.it/1jti,Anti-Clock,1979,3.67,1094,,2026-08-12T10:43:34Z
https://boxd.it/1Inu,Antichrist,2009,3.36,259923,,2026-08-12T10:43:35Z
https://boxd.it/4Jw4,Anticipation of the Night,1958,4.08,3222,,2026-08-12T10:43:35Z
https://boxd.it/6ecG,Antigone,1992,3.83,3386,,2026-08-12T10:43:36Z
https://boxd.it/eDjy,Antiporno,2016,3.51,44766,,2026-08-12T10:43:37Z
https://boxd.it/2aKQ,Antoine and Colette,1962,3.75,44268,,2026-08-12T10:43:37Z
https://boxd.it/18J0,Antonio Gaudí,1984,3.76,4605,,2026-08-12T10:43:38Z
https://boxd.it/2P6W,Anukokunda Oka Roju,2005,3.73,1905,,2026-08-12T10:43:39Z
https://boxd.it/lfDS,Anukul,2017,3.47,677,,2026-08-12T10:43:39Z
https://boxd.it/6gUA,Anupama,1966,3.48,345,,2026-08-12T10:43:40Z
https://boxd.it/1HzO,Anvil! The Story of Anvil,2008,3.84,13992,,2026-08-12T10:43:41Z
https://boxd.it/29kW,Aparajito,1956,4.26,34077,,2026-08-12T10:43:43Z
https://boxd.it/WcC1n,Aparajito,1956,4.5,,,2026-08-12T10:43:44Z
https://boxd.it/iNpk,Apocalypse After,2018,3.07,5172,,2026-08-12T10:43:44Z
https://boxd.it/1nuLOH,Apocalypse Now,1979,4.5,,,2026-08-12T10:43:46Z
https://boxd.it/6ZS,Apocalypse Now,1979,4.43,1037927,,2026-08-12T10:43:45Z
https://boxd.it/2Mfm,Apocalypse: The Second World War,2009,4.32,3319,,2026-08-12T10:43:47Z
https://boxd.it/28yy,Apocalypto,2006,3.87,298162,,2026-08-12T10:43:48Z
https://boxd.it/k4r0,Apollo 11,2019,4.1,47037,,2026-08-12T10:43:48Z
https://boxd.it/2a6G,Apollo 13,1995,3.82,312483,,2026-08-12T10:43:49Z
https://boxd.it/DCxu,"Apolonia, Apolonia",2022,4.0,6583,,2026-08-12T10:43:50Z
https://boxd.it/8pi,Apoorva Sagodharargal,1989,3.77,2810,,2026-08-12T10:43:50Z
https://boxd.it/2VoW,April,1961,3.71,927,,2026-08-12T10:43:51Z
https://boxd.it/2n9o,April Story,1998,3.8,26817,,2026-08-12T10:43:52Z
https://boxd.it/4XJGEv,April Story,1998,3.5,,,2026-08-12T10:43:52Z
https://boxd.it/85zK,Apur Panchali,2013,3.56,595,,2026-08-12T10:43:53Z
https://boxd.it/29l6,Apur Sansar,1959,4.37,33597,,2026-08-12T10:43:54Z
https://boxd.it/WcC5J,Apur Sansar,1959,4.5,,,2026-08-12T10:43:54Z
https://boxd.it/d6YQ,Aquarius,2016,3.97,62815,,2026-08-12T10:43:55Z
https://boxd.it/KO6,Arabian Nights,1974,3.66,15094,,2026-08-12T10:43:56Z
https://boxd.it/Oa,Archipelago,2010,3.46,6093,,2026-08-12T10:43:57Z
https://boxd.it/3vQi,Ardh Satya,1983,3.79,2694,,2026-08-12T10:43:59Z
https://boxd.it/4XJH3Z,"Are You There God? It's Me, Margaret.",2023,4.0,,,2026-08-12T10:44:00Z
https://boxd.it/kiYC,"Are You There God? It's Me, Margaret.",2023,3.73,320927,,2026-08-12T10:43:59Z
https://boxd.it/qLxM,Argentina 1985,2022,3.99,169521,,2026-08-12T10:44:01Z
https://boxd.it/1cEPRV,Argo,2012,4.5,,,2026-08-12T10:44:03Z
https://boxd.it/2czU,Argo,2012,3.75,522265,,2026-08-12T10:44:02Z
https://boxd.it/5oFIT3,Ariel,1988,3.5,,,2026-08-12T10:44:04Z
https://boxd.it/73K,Ariel,1988,3.89,23829,,2026-08-12T10:44:03Z
https://boxd.it/WcCj7,Arjun Reddy,2017,4.5,,,2026-08-12T10:44:05Z
https://boxd.it/gYiq,Arjun Reddy,2017,3.2,12652,,2026-08-12T10:44:04Z
https://boxd.it/kLC6,Arjun Suravaram,2019,3.14,673,,2026-08-12T10:44:06Z
https://boxd.it/1Mli,Army of Shadows,1969,4.35,68652,,2026-08-12T10:44:07Z
https://boxd.it/1cEQ3x,Arrival,2016,4.0,,,2026-08-12T10:44:08Z
https://boxd.it/aNGk,Arrival,2016,4.14,2653900,,2026-08-12T10:44:07Z
https://boxd.it/2aRW,Arsenic and Old Lace,1944,3.97,65796,,2026-08-12T10:44:09Z
https://boxd.it/kN12,Art of Style: Jean Cocteau,2018,3.72,2396,,2026-08-12T10:44:09Z
https://boxd.it/7x3g,Artemide’s Knee,2008,4.07,1482,,2026-08-12T10:44:10Z
https://boxd.it/3kBw,Arth,1982,3.65,993,,2026-08-12T10:44:11Z
https://boxd.it/WcBgB,Article 15,2019,3.5,,,2026-08-12T10:44:12Z
https://boxd.it/m0mO,Article 15,2019,3.67,15659,,2026-08-12T10:44:11Z
https://boxd.it/WcC9h,Aruvi,2016,4.5,,,2026-08-12T10:44:14Z
https://boxd.it/eYdQ,Aruvi,2016,3.82,5837,,2026-08-12T10:44:13Z
https://boxd.it/268y,As Good as It Gets,1997,3.63,236463,,2026-08-12T10:44:14Z
https://boxd.it/4gcu,"As I Was Moving Ahead, Occasionally I Saw Brief Glimpses of Beauty",2000,4.48,16486,,2026-08-12T10:44:15Z
https://boxd.it/RYti,As if Swallowed by Earth,2025,3.9,1852,,2026-08-12T10:44:16Z
https://boxd.it/hyNk,Asako I & II,2018,3.82,39747,,2026-08-12T10:44:17Z
https://boxd.it/a2SS,Ascension,2014,3.32,1089,,2026-08-12T10:44:17Z
https://boxd.it/uZ22,Ascension,2021,3.6,10555,,2026-08-12T10:44:18Z
https://boxd.it/3MT4,Ashes,2012,3.49,5644,,2026-08-12T10:44:19Z
https://boxd.it/23q0,Ashes and Diamonds,1958,4.04,34985,,2026-08-12T10:44:19Z
https://boxd.it/1E36,Ashes and Snow,2005,3.96,2768,,2026-08-12T10:44:20Z
https://boxd.it/dELw,Ashes in the Snow,2018,3.04,3972,,2026-08-12T10:44:21Z
https://boxd.it/3f80,Ashik Kerib,1988,3.82,5134,,2026-08-12T10:44:21Z
https://boxd.it/Dqw,Ask Me If I'm Happy,2000,3.92,22216,,2026-08-12T10:44:22Z
https://boxd.it/19AS,Asparagus,1979,3.84,23830,,2026-08-12T10:44:23Z
https://boxd.it/1I2c,Assault on Precinct 13,1976,3.82,111565,,2026-08-12T10:44:23Z
https://boxd.it/268o,Asterix & Obelix: Mission Cleopatra,2002,3.66,156491,,2026-08-12T10:44:24Z
https://boxd.it/s3ds,Asteroid City,2023,3.47,1120479,,2026-08-12T10:44:25Z
https://boxd.it/Svfy,Asura,2025,3.96,3814,,2026-08-12T10:44:26Z
https://boxd.it/WcCxj,Asuran,2019,4.5,,,2026-08-12T10:44:27Z
https://boxd.it/lbR2,Asuran,2019,3.98,18618,,2026-08-12T10:44:26Z
https://boxd.it/6iDw,At Berkeley,2013,3.95,2534,,2026-08-12T10:44:28Z
https://boxd.it/RWc,At Land,1944,4.01,18608,,2026-08-12T10:44:29Z
https://boxd.it/6x2U,At the First Breath of Wind,2002,4.07,2350,,2026-08-12T10:44:29Z
https://boxd.it/18T0,Athadu,2005,4.01,9680,,2026-08-12T10:44:30Z
https://boxd.it/dn6w,"Athens, Return to the Acropolis",1983,3.66,842,,2026-08-12T10:44:31Z
https://boxd.it/hVEK,Atlantics,2019,3.68,46923,,2026-08-12T10:44:31Z
https://boxd.it/4wOO,Atlantiques,2009,3.5,6613,,2026-08-12T10:44:32Z
https://boxd.it/1cEQjF,Atonement,2007,4.5,,,2026-08-12T10:44:34Z
https://boxd.it/24ui,Atonement,2007,4.02,803209,,2026-08-12T10:44:33Z
https://boxd.it/9mIc,Attack on Titan,2015,3.08,38162,,2026-08-12T10:44:35Z
https://boxd.it/qUeE,aTypical Wednesday,2020,3.62,979,,2026-08-12T10:44:36Z
https://boxd.it/288U,Au Revoir les Enfants,1987,4.2,60405,,2026-08-12T10:44:36Z
https://boxd.it/1UHm,Audition,1999,3.8,294121,,2026-08-12T10:44:37Z
https://boxd.it/4LuY,August and After,2012,3.63,308,,2026-08-12T10:44:37Z
https://boxd.it/3xQE,August in the Water,1995,4.07,19278,,2026-08-12T10:44:38Z
https://boxd.it/1KiG,Auntie Mame,1958,3.87,9699,,2026-08-12T10:44:39Z
https://boxd.it/1S22,Autumn,2008,3.87,12294,,2026-08-12T10:44:40Z
https://boxd.it/1Rio,Autumn Sonata,1978,4.5,155653,,2026-08-12T10:44:40Z
https://boxd.it/1nuLNz,Autumn Sonata,1978,4.0,,,2026-08-12T10:44:41Z
https://boxd.it/3qi6,Avengers: Age of Ultron,2015,3.3,2159182,,2026-08-12T10:44:41Z
https://boxd.it/WcBCH,Avengers: Age of Ultron,2015,4.0,,,2026-08-12T10:44:42Z
https://boxd.it/9vE4,Avengers: Endgame,2019,4.01,3780960,,2026-08-12T10:44:43Z
https://boxd.it/WcBVf,Avengers: Endgame,2019,4.5,,,2026-08-12T10:44:43Z
https://boxd.it/9vEe,Avengers: Infinity War,2018,4.08,3825861,,2026-08-12T10:44:44Z
https://boxd.it/WcBV5,Avengers: Infinity War,2018,4.5,,,2026-08-12T10:44:45Z
https://boxd.it/plqe,Aviva,2020,3.37,650,,2026-08-12T10:44:46Z
https://boxd.it/14BQ,Awaara,1951,3.96,7045,,2026-08-12T10:44:46Z
https://boxd.it/1USu,Awakenings,1990,3.99,203264,,2026-08-12T10:44:47Z
https://boxd.it/i4l8,Awe!,2018,3.41,5289,,2026-08-12T10:44:48Z
https://boxd.it/1cEQnd,Axone,2019,3.5,,,2026-08-12T10:44:49Z
https://boxd.it/ndLa,Axone,2019,3.35,1666,,2026-08-12T10:44:48Z
https://boxd.it/gWyw,Ayla: The Daughter of War,2017,3.94,53137,,2026-08-12T10:44:50Z
https://boxd.it/ai0W,B-Movie: Lust & Sound in West-Berlin 1979-1989,2015,3.93,4141,,2026-08-12T10:44:51Z
https://boxd.it/1pYc,Baadasssss!,2003,3.56,3131,,2026-08-12T10:44:51Z
https://boxd.it/lyXW,Baaram,2018,3.54,525,,2026-08-12T10:44:52Z
https://boxd.it/1EK0,Baazigar,1993,3.49,11270,,2026-08-12T10:44:53Z
https://boxd.it/292o,Babel,2006,3.69,223643,,2026-08-12T10:44:53Z
https://boxd.it/1SYU,Babette's Feast,1987,4.05,37870,,2026-08-12T10:44:54Z
https://boxd.it/WcCdN,Babumoshai Bandookbaaz,2017,4.0,,,2026-08-12T10:44:56Z
https://boxd.it/gvCm,Babumoshai Bandookbaaz,2017,3.2,542,,2026-08-12T10:44:55Z
https://boxd.it/WcBSl,Baby Driver,2017,3.5,,,2026-08-12T10:44:57Z
https://boxd.it/bhF2,Baby Driver,2017,3.71,3175718,,2026-08-12T10:44:56Z
https://boxd.it/4h3Bg7,Babylon,2022,4.5,,,2026-08-12T10:44:58Z
https://boxd.it/mM02,Babylon,2022,3.88,1102333,,2026-08-12T10:44:58Z
https://boxd.it/WcBBJ,Back to Backspace,2014,4.5,,,2026-08-12T10:45:00Z
https://boxd.it/2b8e,Back to the Future,1985,4.22,2870021,,2026-08-12T10:45:01Z
https://boxd.it/WcCup,Back to the Future,1985,4.5,,,2026-08-12T10:45:02Z
https://boxd.it/2n8Vtt,Backspace,2012,4.5,,,2026-08-12T10:45:04Z
https://boxd.it/1XH9Vv,backspace,2021,4.5,,,2026-08-12T10:45:06Z
https://boxd.it/fSUG,Bacurau,2019,3.92,187098,,2026-08-12T10:45:07Z
https://boxd.it/2b2K,Bad Education,2004,3.96,123683,,2026-08-12T10:45:08Z
https://boxd.it/Wa8,Bad Girls Go to Hell,1965,3.1,4844,,2026-08-12T10:45:09Z
https://boxd.it/1Src,Bad Lieutenant,1992,3.77,80804,,2026-08-12T10:45:10Z
https://boxd.it/tJOM,Bad Luck Banging or Loony Porn,2021,3.47,32084,,2026-08-12T10:45:10Z
https://boxd.it/1fUE,Bad Timing,1980,3.65,12898,,2026-08-12T10:45:11Z
https://boxd.it/sl1E,Badhaai Do,2022,3.84,32088,,2026-08-12T10:45:12Z
https://boxd.it/WcCld,Badhaai Ho,2018,4.0,,,2026-08-12T10:45:13Z
https://boxd.it/jZv2,Badhaai Ho,2018,3.51,14401,,2026-08-12T10:45:12Z
https://boxd.it/WcCpf,Badla,2019,4.5,,,2026-08-12T10:45:14Z
https://boxd.it/lmKQ,Badla,2019,3.58,19240,,2026-08-12T10:45:14Z
https://boxd.it/1XHabj,Badlands,1973,4.0,,,2026-08-12T10:45:16Z
https://boxd.it/25Fm,Badlands,1973,3.99,193599,,2026-08-12T10:45:15Z
https://boxd.it/WcBP7,Badlapur,2015,4.0,,,2026-08-12T10:45:17Z
https://boxd.it/avnO,Badlapur,2015,3.54,14382,,2026-08-12T10:45:17Z
https://boxd.it/3ch4,Baishe Srabon,2011,3.65,3063,,2026-08-12T10:45:19Z
https://boxd.it/WcBPV,Bajirao Mastani,2015,4.0,,,2026-08-12T10:45:21Z
https://boxd.it/ck2O,Bajirao Mastani,2015,3.58,30111,,2026-08-12T10:45:20Z
https://boxd.it/WcBS1,Bajrangi Bhaijaan,2015,3.5,,,2026-08-12T10:45:22Z
https://boxd.it/bIbo,Bajrangi Bhaijaan,2015,3.91,52033,,2026-08-12T10:45:21Z
https://boxd.it/4tGs,Balak Palak,2013,3.47,479,,2026-08-12T10:45:23Z
https://boxd.it/gevo,Balkan Erotic Epic - Single Channel Version,2005,3.38,584,,2026-08-12T10:45:23Z
https://boxd.it/1ms8,Ball of Fire,1941,4.0,31228,,2026-08-12T10:45:24Z
https://boxd.it/3CAG,Ballet Mécanique,1924,3.52,11785,,2026-08-12T10:45:25Z
https://boxd.it/SrwA,Balloonerism,2025,4.13,6749,,2026-08-12T10:45:25Z
https://boxd.it/25AG,Bambi Meets Godzilla,1969,3.69,11930,,2026-08-12T10:45:26Z
https://boxd.it/20Aw,Band of Outsiders,1964,3.89,70581,,2026-08-12T10:45:27Z
https://boxd.it/5lb4,Bang Bang,1971,3.8,2736,,2026-08-12T10:45:27Z
https://boxd.it/8Lsw,Bang Bang!,2014,2.94,18044,,2026-08-12T10:45:28Z
https://boxd.it/WcBHx,Bang Bang!,2014,3.0,,,2026-08-12T10:45:29Z
https://boxd.it/82ZA,Bangalore Days,2014,4.03,25728,,2026-08-12T10:45:30Z
https://boxd.it/WcBOj,Bangalore Days,2014,4.0,,,2026-08-12T10:45:30Z
https://boxd.it/6dJ0,Banshee Chapter,2013,2.8,12495,,2026-08-12T10:45:31Z
https://boxd.it/WcCnX,Bao,2018,3.5,,,2026-08-12T10:45:32Z
https://boxd.it/iEl4,Bao,2018,3.89,229820,,2026-08-12T10:45:32Z
https://boxd.it/ZsPW,Barbara Forever,2026,3.93,1365,,2026-08-12T10:45:33Z
https://boxd.it/3zBcjn,Barbarian,2022,3.5,,,2026-08-12T10:45:34Z
https://boxd.it/yohi,Barbarian,2022,3.43,1603364,,2026-08-12T10:45:33Z
https://boxd.it/4XJGFt,Barbie,2023,3.5,,,2026-08-12T10:45:35Z
https://boxd.it/bCLK,Barbie,2023,3.68,5989071,,2026-08-12T10:45:35Z
https://boxd.it/1OMK,Barefoot Gen,1983,4.02,21916,,2026-08-12T10:45:36Z
https://boxd.it/WcCff,Bareilly Ki Barfi,2017,3.5,,,2026-08-12T10:45:37Z
https://boxd.it/gJbY,Bareilly Ki Barfi,2017,3.47,16765,,2026-08-12T10:45:37Z
https://boxd.it/4aL4,Barfi!,2012,3.9,43427,,2026-08-12T10:45:38Z
https://boxd.it/WcBz9,Barfi!,2012,3.5,,,2026-08-12T10:45:38Z
https://boxd.it/syu,Barking at the Stars,1998,3.9,5335,,2026-08-12T10:45:39Z
https://boxd.it/4HHY,Barres,1984,3.72,1272,,2026-08-12T10:45:40Z
https://boxd.it/kCBI,Barry,2018,4.04,3279,,2026-08-12T10:45:40Z
https://boxd.it/1XHad5,Barry Lyndon,1975,5.0,,,2026-08-12T10:45:42Z
https://boxd.it/25A2,Barry Lyndon,1975,4.41,452091,,2026-08-12T10:45:41Z
https://boxd.it/5Z14,Barsaat,1949,3.51,552,,2026-08-12T10:45:44Z
https://boxd.it/2aFQ,Barton Fink,1991,4.06,181854,,2026-08-12T10:45:45Z
https://boxd.it/6doQ,Bassae,1964,3.71,853,,2026-08-12T10:45:46Z
https://boxd.it/2aIU,Batman,1989,3.64,651879,,2026-08-12T10:45:46Z
https://boxd.it/2aIg,Batman Begins,2005,3.85,2290480,,2026-08-12T10:45:47Z
https://boxd.it/WcBPL,Batman Begins,2005,4.0,,,2026-08-12T10:45:48Z
https://boxd.it/SU2,Baton Baton Mein,1979,3.38,595,,2026-08-12T10:45:48Z
https://boxd.it/25zS,Battle Royale,2000,3.86,435044,,2026-08-12T10:45:49Z
https://boxd.it/1e0q,Battles Without Honor and Humanity,1973,3.84,13739,,2026-08-12T10:45:50Z
https://boxd.it/29Vo,Battleship Potemkin,1925,4.0,128103,,2026-08-12T10:45:51Z
https://boxd.it/aBAu,Battlestar Galactica,2003,4.15,15064,,2026-08-12T10:45:52Z
https://boxd.it/WcCeh,Bawarchi,1972,4.5,,,2026-08-12T10:45:54Z
https://boxd.it/g98,Bawarchi,1972,3.59,2113,,2026-08-12T10:45:53Z
https://boxd.it/2UO,"Baxter, Vera Baxter",1977,3.51,3238,,2026-08-12T10:45:54Z
https://boxd.it/fde,Bay of Angels,1963,3.77,21759,,2026-08-12T10:45:55Z
https://boxd.it/ACmU,Bay of Cadiz,2022,3.38,667,,2026-08-12T10:45:56Z
https://boxd.it/iK9S,Beanpole,2019,3.81,31119,,2026-08-12T10:45:56Z
https://boxd.it/8Lp8,Beasts of No Nation,2015,3.98,103792,,2026-08-12T10:45:57Z
https://boxd.it/Ada,Beat the Devil,2002,3.5,3549,,2026-08-12T10:45:58Z
https://boxd.it/7OfPu3,Beating Hearts,2024,3.0,,,2026-08-12T10:45:59Z
https://boxd.it/AeF4,Beating Hearts,2024,3.65,261833,,2026-08-12T10:45:59Z
https://boxd.it/WcCsj,Beats,2019,3.0,,,2026-08-12T10:46:01Z
https://boxd.it/mgEk,Beats,2019,2.93,10854,,2026-08-12T10:46:00Z
https://boxd.it/1NI8,Beau Travail,1999,4.12,145179,,2026-08-12T10:46:01Z
https://boxd.it/2tKA,Beauty and the Beast,1978,3.97,19606,,2026-08-12T10:46:02Z
https://boxd.it/1XhG,Beauty and the Beast,1991,3.93,998832,,2026-08-12T10:46:03Z
https://boxd.it/1cEPRL,Beauty and the Beast,1991,4.5,,,2026-08-12T10:46:03Z
https://boxd.it/o0gg,Bebaak,2019,3.57,601,,2026-08-12T10:46:04Z
https://boxd.it/2aKw,Bed and Board,1970,3.79,31889,,2026-08-12T10:46:05Z
https://boxd.it/epeE,Beduíno,2016,3.58,809,,2026-08-12T10:46:05Z
https://boxd.it/6ll6,Bee and PuppyCat,2013,4.2,11393,,2026-08-12T10:46:06Z
https://boxd.it/24QI,Beetlejuice,1988,3.73,1572126,,2026-08-12T10:46:07Z
https://boxd.it/1nuLtT,Before Midnight,2013,4.5,,,2026-08-12T10:46:08Z
https://boxd.it/4ive,Before Midnight,2013,4.01,588447,,2026-08-12T10:46:07Z
https://boxd.it/1nuLm9,Before Sunrise,1995,4.5,,,2026-08-12T10:46:10Z
https://boxd.it/2bcU,Before Sunrise,1995,4.3,1567573,,2026-08-12T10:46:09Z
https://boxd.it/1nuLCr,Before Sunset,2004,4.5,,,2026-08-12T10:46:12Z
https://boxd.it/2bcg,Before Sunset,2004,4.31,947695,,2026-08-12T10:46:11Z
https://boxd.it/1YNo,Before the Fall,2004,3.96,37859,,2026-08-12T10:46:13Z
https://boxd.it/et2W,Before the Flood,2016,3.71,19044,,2026-08-12T10:46:14Z
https://boxd.it/1FAq,Before the Rain,1994,3.85,8751,,2026-08-12T10:46:14Z
https://boxd.it/2Qly,Begin the Beguine,1982,3.51,1886,,2026-08-12T10:46:15Z
https://boxd.it/s2S,Beginners,2010,3.96,88088,,2026-08-12T10:46:16Z
https://boxd.it/an0C,Beijing Watermelon,1989,3.99,3076,,2026-08-12T10:46:16Z
https://boxd.it/1oEg,Being Cyrus,2005,3.4,1456,,2026-08-12T10:46:17Z
https://boxd.it/1cEPWr,Being John Malkovich,1999,4.0,,,2026-08-12T10:46:19Z
https://boxd.it/2ahu,Being John Malkovich,1999,4.07,544517,,2026-08-12T10:46:18Z
https://boxd.it/1WxS,Being There,1979,4.08,81184,,2026-08-12T10:46:19Z
https://boxd.it/e4yo,Belaseshe,2015,3.66,1094,,2026-08-12T10:46:20Z
https://boxd.it/tbEe,Belle,2021,3.49,132953,,2026-08-12T10:46:21Z
https://boxd.it/hArU,Belle de Nature,2009,3.47,214,,2026-08-12T10:46:22Z
https://boxd.it/26FM,Belle Époque,1992,3.57,11347,,2026-08-12T10:46:22Z
https://boxd.it/3uX8,Bells from the Deep,1993,3.75,2739,,2026-08-12T10:46:23Z
https://boxd.it/29RQ,Ben-Hur,1959,4.11,144424,,2026-08-12T10:46:23Z
https://boxd.it/6iXNC7,Ben-Hur,1959,4.0,,,2026-08-12T10:46:24Z
https://boxd.it/568Y,Benilde or the Virgin Mother,1975,3.99,1294,,2026-08-12T10:46:25Z
https://boxd.it/B9mo,Berlin Alexanderplatz,1980,4.22,6857,,2026-08-12T10:46:26Z
https://boxd.it/10RU,Best Worst Movie,2009,3.6,10953,,2026-08-12T10:46:26Z
https://boxd.it/1SBw,Betty Blue,1986,3.92,38359,,2026-08-12T10:46:27Z
https://boxd.it/4h3BWR,Betty Blue,1986,4.0,,,2026-08-12T10:46:28Z
https://boxd.it/2baE,Beverly Hills Cop,1984,3.64,251516,,2026-08-12T10:46:28Z
https://boxd.it/9uxQ,Bey Yaar,2014,3.48,201,,2026-08-12T10:46:29Z
https://boxd.it/l1AK,Bhai: Vyakti Ki Valli - Poorvardha,2019,3.38,239,,2026-08-12T10:46:30Z
https://boxd.it/cJD6,Bhale Bhale Magadivoy,2015,3.49,3268,,2026-08-12T10:46:31Z
https://boxd.it/7jw4,Bharatham,1991,3.74,1208,,2026-08-12T10:46:31Z
https://boxd.it/1Mio,Bheja Fry,2007,3.51,1956,,2026-08-12T10:46:32Z
https://boxd.it/48tW,Bhooter Bhabishyat,2012,3.72,2217,,2026-08-12T10:46:33Z
https://boxd.it/2JMW,Bhumika,1977,3.7,1090,,2026-08-12T10:46:33Z
https://boxd.it/6itG,Bhuvan Shome,1969,3.57,1122,,2026-08-12T10:46:34Z
https://boxd.it/1N06,Bianca,1984,3.79,13423,,2026-08-12T10:46:35Z
https://boxd.it/23hW,Bicycle Thieves,1948,4.28,285650,,2026-08-12T10:46:36Z
https://boxd.it/WcBTD,Bicycle Thieves,1948,4.5,,,2026-08-12T10:46:36Z
https://boxd.it/2a3M,Big Fish,2003,3.95,593864,,2026-08-12T10:46:37Z
https://boxd.it/87IO,Bijou,1972,3.75,1129,,2026-08-12T10:46:37Z
https://boxd.it/si2,Bill Cunningham New York,2010,3.96,6688,,2026-08-12T10:46:38Z
https://boxd.it/kfWe,Billie & Emma,2018,3.59,7726,,2026-08-12T10:46:39Z
https://boxd.it/Wowg,Billie Eilish — Hit Me Hard and Soft: The Tour (Live in 3D),2026,4.26,72152,,2026-08-12T10:46:39Z
https://boxd.it/13C5s,Billions Club Live with Olivia Rodrigo: A Concert Film,2026,4.16,1097,,2026-08-12T10:46:40Z
https://boxd.it/2bdy,Billy Elliot,2000,4.13,402313,,2026-08-12T10:46:41Z
https://boxd.it/GGhm,Bird,2024,3.73,116809,,2026-08-12T10:46:41Z
https://boxd.it/eh1i,Bird Box,2018,2.96,1306635,,2026-08-12T10:46:42Z
https://boxd.it/7Wo4,Bird People,2014,3.44,2967,,2026-08-12T10:46:43Z
https://boxd.it/5RFA,Birdman or (The Unexpected Virtue of Ignorance),2014,4.0,1240094,,2026-08-12T10:46:43Z
https://boxd.it/WcBFh,Birdman or (The Unexpected Virtue of Ignorance),2014,4.0,,,2026-08-12T10:46:44Z
https://boxd.it/fyVu,Birds of Passage,2018,3.93,23524,,2026-08-12T10:46:45Z
https://boxd.it/905xmr,"Birds, Orphans and Fools",1969,3.5,,,2026-08-12T10:46:46Z
https://boxd.it/JBU,"Birds, Orphans and Fools",1969,3.86,3816,,2026-08-12T10:46:46Z
https://boxd.it/1VvQ,Birth,2004,3.71,97711,,2026-08-12T10:46:47Z
https://boxd.it/CzDi,Birthday (Bad Kid Stuff),2022,3.87,2807,,2026-08-12T10:46:47Z
https://boxd.it/1W76,Bitter Moon,1992,3.67,36356,,2026-08-12T10:46:48Z
https://boxd.it/1jXs,Bitter Rice,1949,3.87,11085,,2026-08-12T10:46:49Z
https://boxd.it/OiI,Biutiful,2010,3.9,70065,,2026-08-12T10:46:49Z
https://boxd.it/JyRW,Björk: Cornucopia,2025,4.22,5242,,2026-08-12T10:46:50Z
https://boxd.it/HLI,Björk: Vespertine Live at the Royal Opera House,2001,4.48,1811,,2026-08-12T10:46:51Z
https://boxd.it/XoK,Black and White in Color,1976,3.32,1188,,2026-08-12T10:46:52Z
https://boxd.it/295s,"Black Cat, White Cat",1998,4.1,31840,,2026-08-12T10:46:53Z
https://boxd.it/1oUy,Black Friday,2004,3.94,9360,,2026-08-12T10:46:54Z
https://boxd.it/WcBSZ,Black Friday,2004,4.5,,,2026-08-12T10:46:54Z
https://boxd.it/2fmY,"Black God, White Devil",1964,3.74,36591,,2026-08-12T10:46:55Z
https://boxd.it/29rI,Black Hawk Down,2001,3.71,291480,,2026-08-12T10:46:56Z
https://boxd.it/WcCxD,Black Mirror: Bandersnatch,2018,5.0,,,2026-08-12T10:46:57Z
https://boxd.it/kTDG,Black Mirror: Bandersnatch,2018,3.3,377991,,2026-08-12T10:46:56Z
https://boxd.it/30hadn,Black Mirror: Black Museum,2017,5.0,,,2026-08-12T10:46:59Z
https://boxd.it/hRqu,Black Mirror: Black Museum,2017,3.96,146640,,2026-08-12T10:46:58Z
https://boxd.it/9rwGVx,Black Mirror: Eulogy,2025,3.5,,,2026-08-12T10:47:00Z
https://boxd.it/U1Ww,Black Mirror: Eulogy,2025,3.84,151350,,2026-08-12T10:47:00Z
https://boxd.it/30haft,Black Mirror: Hang the DJ,2017,4.0,,,2026-08-12T10:47:02Z
https://boxd.it/hQYA,Black Mirror: Hang the DJ,2017,4.0,165108,,2026-08-12T10:47:01Z
https://boxd.it/30hafj,Black Mirror: Hated in the Nation,2016,4.5,,,2026-08-12T10:47:03Z
https://boxd.it/hSBI,Black Mirror: Hated in the Nation,2016,3.62,108741,,2026-08-12T10:47:02Z
https://boxd.it/4XJGWp,Black Mirror: Nosedive,2016,4.0,,,2026-08-12T10:47:05Z
https://boxd.it/hK9G,Black Mirror: Nosedive,2016,3.79,204902,,2026-08-12T10:47:04Z
https://boxd.it/30ha9P,Black Mirror: San Junipero,2016,4.5,,,2026-08-12T10:47:06Z
https://boxd.it/k4aS,Black Mirror: San Junipero,2016,4.11,240975,,2026-08-12T10:47:05Z
https://boxd.it/30haf9,Black Mirror: Shut Up and Dance,2016,4.0,,,2026-08-12T10:47:07Z
https://boxd.it/hRRq,Black Mirror: Shut Up and Dance,2016,4.16,207215,,2026-08-12T10:47:07Z
https://boxd.it/30ha2f,Black Mirror: The Entire History of You,2011,4.5,,,2026-08-12T10:47:08Z
https://boxd.it/hQZ4,Black Mirror: The Entire History of You,2011,3.69,159271,,2026-08-12T10:47:08Z
https://boxd.it/hQXi,Black Mirror: USS Callister,2017,3.86,166882,,2026-08-12T10:47:09Z
https://boxd.it/B3qu,Black Mirror: White Christmas,2014,4.21,186841,,2026-08-12T10:47:10Z
https://boxd.it/WcBSF,Black Mirror: White Christmas,2014,5.0,,,2026-08-12T10:47:11Z
https://boxd.it/11PU,Black Orpheus,1959,3.81,39513,,2026-08-12T10:47:11Z
https://boxd.it/8MHs,Black Panther,2018,3.71,2975573,,2026-08-12T10:47:12Z
https://boxd.it/WcBwz,Black Panther,2018,3.5,,,2026-08-12T10:47:13Z
https://boxd.it/20KQ,Black Snake Moan,2006,3.27,30437,,2026-08-12T10:47:13Z
https://boxd.it/Sw0,Black Swan,2010,4.17,3289430,,2026-08-12T10:47:14Z
https://boxd.it/WcCxt,Black Swan,2010,4.0,,,2026-08-12T10:47:15Z
https://boxd.it/5QYG,Blackadder: Back & Forth,1999,3.57,4178,,2026-08-12T10:47:16Z
https://boxd.it/4XJGLL,BlackBerry,2023,4.0,,,2026-08-12T10:47:17Z
https://boxd.it/CoVK,BlackBerry,2023,3.77,275977,,2026-08-12T10:47:16Z
https://boxd.it/4Ym4,Blackfish,2013,4.02,107487,,2026-08-12T10:47:18Z
https://boxd.it/hxL8,BlacKkKlansman,2018,3.95,1205629,,2026-08-12T10:47:18Z
https://boxd.it/2bcA,Blade Runner,1982,4.09,1499693,,2026-08-12T10:47:19Z
https://boxd.it/WcCrl,Blade Runner,1982,4.0,,,2026-08-12T10:47:20Z
https://boxd.it/6iXMEL,Blade Runner 2049,2017,3.5,,,2026-08-12T10:47:21Z
https://boxd.it/b8wK,Blade Runner 2049,2017,4.1,2278689,,2026-08-12T10:47:21Z
https://boxd.it/1UHQ,Blazing Saddles,1974,3.8,217929,,2026-08-12T10:47:22Z
https://boxd.it/2b4G,Blind Chance,1987,3.97,23298,,2026-08-12T10:47:23Z
https://boxd.it/hDMw,Blindspotting,2018,4.08,80147,,2026-08-12T10:47:23Z
https://boxd.it/LFu,Blissfully Yours,2002,3.92,8411,,2026-08-12T10:47:24Z
https://boxd.it/z7UE,BLKNWS: Terms & Conditions,2025,3.84,2751,,2026-08-12T10:47:25Z
https://boxd.it/1dPs,Blonde Venus,1932,3.61,11630,,2026-08-12T10:47:26Z
https://boxd.it/1qme,Blood and Black Lace,1964,3.73,59646,,2026-08-12T10:47:26Z
https://boxd.it/1XHa4R,Blood Diamond,2006,3.5,,,2026-08-12T10:47:28Z
https://boxd.it/28Tm,Blood Diamond,2006,3.75,391374,,2026-08-12T10:47:27Z
https://boxd.it/3cTW,Blood of the Beasts,1949,3.94,5649,,2026-08-12T10:47:28Z
https://boxd.it/1U16,Blood Simple,1984,3.89,203905,,2026-08-12T10:47:29Z
https://boxd.it/8DCBd3,Blood Wedding,1981,4.0,,,2026-08-12T10:47:30Z
https://boxd.it/XDU,Blood Wedding,1981,3.91,3994,,2026-08-12T10:47:30Z
https://boxd.it/RNu,Blow Job,1964,2.94,3225,,2026-08-12T10:47:31Z
https://boxd.it/1TlE,Blow Out,1981,4.1,304260,,2026-08-12T10:47:32Z
https://boxd.it/2966,Blow-Up,1966,3.77,154519,,2026-08-12T10:47:32Z
https://boxd.it/dIDsxZ,Blow-Up,1966,3.0,,,2026-08-12T10:47:33Z
https://boxd.it/3iyA,Blue,1993,4.17,18768,,2026-08-12T10:47:34Z
https://boxd.it/jVO0,Blue,2018,3.59,7021,,2026-08-12T10:47:35Z
https://boxd.it/i4cU,Blue Christmas,2017,3.66,2120,,2026-08-12T10:47:35Z
https://boxd.it/xwJW,Blue Giant,2023,4.18,31884,,2026-08-12T10:47:36Z
https://boxd.it/IWJq,Blue Heron,2025,3.95,43950,,2026-08-12T10:47:37Z
https://boxd.it/1xifXN,Blue Is the Warmest Color,2013,4.0,,,2026-08-12T10:47:38Z
https://boxd.it/4O40,Blue Is the Warmest Color,2013,3.19,379972,,2026-08-12T10:47:37Z
https://boxd.it/50MI,Blue Jasmine,2013,3.68,177913,,2026-08-12T10:47:39Z
https://boxd.it/AHhg,Blue Jean,2022,3.84,51404,,2026-08-12T10:47:39Z
https://boxd.it/Nzwy,Blue Moon,2025,3.57,185812,,2026-08-12T10:47:40Z
https://boxd.it/30ha3x,Blue Ruin,2013,3.5,,,2026-08-12T10:47:41Z
https://boxd.it/5H8G,Blue Ruin,2013,3.71,121776,,2026-08-12T10:47:41Z
https://boxd.it/1fIo,Blue Spring,2001,4.0,49353,,2026-08-12T10:47:42Z
https://boxd.it/3iaaTh,Blue Spring,2001,4.0,,,2026-08-12T10:47:42Z
https://boxd.it/1XH9N7,Blue Valentine,2010,4.0,,,2026-08-12T10:47:44Z
https://boxd.it/MxG,Blue Valentine,2010,3.78,549913,,2026-08-12T10:47:43Z
https://boxd.it/1XHahL,Blue Velvet,1986,4.0,,,2026-08-12T10:47:45Z
https://boxd.it/29BI,Blue Velvet,1986,4.06,986157,,2026-08-12T10:47:44Z
https://boxd.it/4M0q,Bluebeard's Castle,1963,3.67,1196,,2026-08-12T10:47:46Z
https://boxd.it/1XH9RD,Bo Burnham: Inside,2021,5.0,,,2026-08-12T10:47:47Z
https://boxd.it/v2uy,Bo Burnham: Inside,2021,4.24,493019,,2026-08-12T10:47:46Z
https://boxd.it/e436,Bo Burnham: Make Happy,2016,4.21,74288,,2026-08-12T10:47:48Z
https://boxd.it/7au4,Bo Burnham: What.,2013,4.07,61976,,2026-08-12T10:47:48Z
https://boxd.it/1uC6,Bob le Flambeur,1956,3.79,20131,,2026-08-12T10:47:49Z
https://boxd.it/PWk,Boccaccio '70,1962,3.61,6248,,2026-08-12T10:47:50Z
https://boxd.it/1TGW,Body Double,1984,3.76,119107,,2026-08-12T10:47:51Z
https://boxd.it/1O9S,Body Heat,1981,3.78,55821,,2026-08-12T10:47:52Z
https://boxd.it/2vV6,Bodyguard,2011,2.76,16158,,2026-08-12T10:47:53Z
https://boxd.it/WcBvB,Bodyguard,2011,3.0,,,2026-08-12T10:47:53Z
https://boxd.it/WcBvr,Bohemian Rhapsody,2018,4.5,,,2026-08-12T10:47:55Z
https://boxd.it/f1TK,Bohemian Rhapsody,2018,3.54,1919312,,2026-08-12T10:47:54Z
https://boxd.it/uo2u,Boiling Point,2021,3.98,212542,,2026-08-12T10:47:55Z
https://boxd.it/2uqc,Bol,2011,3.92,1925,,2026-08-12T10:47:56Z
https://boxd.it/1ugk,Bombay,1995,3.91,11206,,2026-08-12T10:47:58Z
https://boxd.it/WcBjF,Bombay,1995,4.0,,,2026-08-12T10:47:58Z
https://boxd.it/1iG6,Bommarillu,2006,4.01,4238,,2026-08-12T10:47:59Z
https://boxd.it/BVXs,"Bon Voyage, Marie",2025,3.58,16017,,2026-08-12T10:48:00Z
https://boxd.it/3zBbQv,Bones and All,2022,3.5,,,2026-08-12T10:48:02Z
https://boxd.it/tLd4,Bones and All,2022,3.76,1306468,,2026-08-12T10:48:01Z
https://boxd.it/6NSC,Bonnie & Clyde: Justified,2013,3.61,763,,2026-08-12T10:48:02Z
https://boxd.it/23um,Boogie Nights,1997,4.21,705482,,2026-08-12T10:48:03Z
https://boxd.it/2CGLth,Boogie Nights,1997,4.5,,,2026-08-12T10:48:03Z
https://boxd.it/WcBs3,Booksmart,2019,4.0,,,2026-08-12T10:48:05Z
https://boxd.it/igNS,Booksmart,2019,3.69,927921,,2026-08-12T10:48:04Z
https://boxd.it/kFFe,BOOKSTORES: How to Read More Books in the Golden Age of Content,2018,3.72,474,,2026-08-12T10:48:05Z
https://boxd.it/1fhM,Boot Polish,1954,3.62,328,,2026-08-12T10:48:06Z
https://boxd.it/1cEQ9P,Borat: Cultural Learnings of America for Make Benefit Glorious Nation of Kazakhstan,2006,4.0,,,2026-08-12T10:48:07Z
https://boxd.it/2agQ,Borat: Cultural Learnings of America for Make Benefit Glorious Nation of Kazakhstan,2006,3.72,896699,,2026-08-12T10:48:07Z
https://boxd.it/1g3w,Border,1997,3.41,3964,,2026-08-12T10:48:08Z
https://boxd.it/qpsq,Borderlands,2021,3.6,338,,2026-08-12T10:48:09Z
https://boxd.it/5Fcm,Borgman,2013,3.6,16524,,2026-08-12T10:48:09Z
https://boxd.it/28QC,Born into Brothels: Calcutta's Red Light Kids,2004,3.75,5144,,2026-08-12T10:48:10Z
https://boxd.it/3KKO,Boro in the Box,2011,3.87,4123,,2026-08-12T10:48:11Z
https://boxd.it/ipeW,Boro the Caterpillar,2018,3.76,1828,,2026-08-12T10:48:11Z
https://boxd.it/1PDa,Bottle Rocket,1996,3.53,223006,,2026-08-12T10:48:12Z
https://boxd.it/4XJGIn,Bottoms,2023,5.0,,,2026-08-12T10:48:13Z
https://boxd.it/uGf2,Bottoms,2023,3.81,1517779,,2026-08-12T10:48:13Z
https://boxd.it/1sgC,Bounce Ko Gals,1997,3.9,3549,,2026-08-12T10:48:14Z
https://boxd.it/1QVO,Boundin',2003,3.22,26720,,2026-08-12T10:48:15Z
https://boxd.it/13RS,Boy,2010,4.06,102233,,2026-08-12T10:48:16Z
https://boxd.it/Yk2q,"Boy, I'm Scared",2025,3.82,2815,,2026-08-12T10:48:16Z
https://boxd.it/14C,Boyfriends and Girlfriends,1987,4.08,27005,,2026-08-12T10:48:17Z
https://boxd.it/2CGLIV,Boyfriends and Girlfriends,1987,4.0,,,2026-08-12T10:48:18Z
https://boxd.it/FQGY,boygenius: the film,2023,4.37,14161,,2026-08-12T10:48:18Z
https://boxd.it/1nuLl1,Boyhood,2014,4.5,,,2026-08-12T10:48:19Z
https://boxd.it/3178,Boyhood,2014,3.83,654397,,2026-08-12T10:48:19Z
https://boxd.it/2aPG,Boys Don't Cry,1999,3.69,90036,,2026-08-12T10:48:20Z
https://boxd.it/29Ug,Boyz n the Hood,1991,4.05,334491,,2026-08-12T10:48:21Z
https://boxd.it/g796,BPM (Beats per Minute),2017,3.98,64478,,2026-08-12T10:48:22Z
https://boxd.it/223a,Bram Stoker's Dracula,1992,3.74,571210,,2026-08-12T10:48:22Z
https://boxd.it/7O521h,Bram Stoker's Dracula,1992,3.5,,,2026-08-12T10:48:23Z
https://boxd.it/Iekc,Bramayugam,2024,3.84,40629,,2026-08-12T10:48:24Z
https://boxd.it/1HSQ,Branded to Kill,1967,3.86,35481,,2026-08-12T10:48:24Z
https://boxd.it/6nYHCn,Branded to Kill,1967,3.5,,,2026-08-12T10:48:25Z
https://boxd.it/2aTI,Braveheart,1995,3.93,540498,,2026-08-12T10:48:26Z
https://boxd.it/WcBjP,Braveheart,1995,4.5,,,2026-08-12T10:48:26Z
https://boxd.it/2be2,Brazil,1985,4.1,289214,,2026-08-12T10:48:27Z
https://boxd.it/2a96,Bread and Tulips,2000,3.66,5431,,2026-08-12T10:48:28Z
https://boxd.it/4inO,Breakaway,1967,3.92,2594,,2026-08-12T10:48:28Z
https://boxd.it/2aYS,Breakfast at Tiffany's,1961,3.81,543933,,2026-08-12T10:48:29Z
https://boxd.it/1DMO,Breaking Away,1979,3.97,29280,,2026-08-12T10:48:30Z
https://boxd.it/2b1W,Breaking the Waves,1996,4.13,87902,,2026-08-12T10:48:31Z
https://boxd.it/2n8VwH,Breathe,2014,4.0,,,2026-08-12T10:48:32Z
https://boxd.it/87L4,Breathe,2014,3.74,25749,,2026-08-12T10:48:31Z
https://boxd.it/2aIK,Breathless,1960,3.89,316485,,2026-08-12T10:48:33Z
https://boxd.it/5h45KJ,Breathless,1960,3.5,,,2026-08-12T10:48:33Z
https://boxd.it/jwtm,Brexit: The Uncivil War,2019,3.22,13992,,2026-08-12T10:48:34Z
https://boxd.it/1Z6A,Brick,2005,3.7,149603,,2026-08-12T10:48:35Z
https://boxd.it/2zQE,Bridal of Rose ~The Promise Exchanged at Midnight~,2002,3.89,1397,,2026-08-12T10:48:35Z
https://boxd.it/fFik,Brideshead Revisited,1981,4.23,3767,,2026-08-12T10:48:36Z
https://boxd.it/rac,Bridesmaids,2011,3.43,718448,,2026-08-12T10:48:37Z
https://boxd.it/13gM,Brief Crossing,2001,3.74,1863,,2026-08-12T10:48:38Z
https://boxd.it/1nuLC7,Brief Encounter,1945,4.5,,,2026-08-12T10:48:41Z
https://boxd.it/29sm,Brief Encounter,1945,4.32,115872,,2026-08-12T10:48:38Z
https://boxd.it/zsBo,Brigada,2002,3.91,3065,,2026-08-12T10:48:41Z
https://boxd.it/1sXw,Bright Future,2002,3.66,7232,,2026-08-12T10:48:42Z
https://boxd.it/1mfI,Bright Star,2009,3.7,34469,,2026-08-12T10:48:43Z
https://boxd.it/Hxlc,Bring Her Back,2025,3.68,1074208,,2026-08-12T10:48:43Z
https://boxd.it/29ks,Bringing Up Baby,1938,4.01,118290,,2026-08-12T10:48:44Z
https://boxd.it/1RxS,Broadcast News,1987,4.03,74961,,2026-08-12T10:48:45Z
https://boxd.it/1Rie,Broadway Danny Rose,1984,3.79,24758,,2026-08-12T10:48:45Z
https://boxd.it/mBiE,Brochevarevarura,2019,3.8,5781,,2026-08-12T10:48:46Z
https://boxd.it/1nuLCB,Brokeback Mountain,2005,4.0,,,2026-08-12T10:48:48Z
https://boxd.it/2b2q,Brokeback Mountain,2005,4.16,1650299,,2026-08-12T10:48:47Z
https://boxd.it/29kC,Broken Blossoms,1919,3.41,16036,,2026-08-12T10:48:48Z
https://boxd.it/rDUU,Broker,2022,3.8,106782,,2026-08-12T10:48:49Z
https://boxd.it/1GM8,Bronson,2008,3.62,196409,,2026-08-12T10:48:50Z
https://boxd.it/1XH9Wj,Brooklyn,2015,4.0,,,2026-08-12T10:48:51Z
https://boxd.it/5bdk,Brooklyn,2015,3.78,243055,,2026-08-12T10:48:50Z
https://boxd.it/1CA8,Brother,1997,3.92,48647,,2026-08-12T10:48:52Z
https://boxd.it/9dxE,Brouillard #14,2013,3.94,1514,,2026-08-12T10:48:53Z
https://boxd.it/3V4O,Brutality in Stone,1961,3.63,952,,2026-08-12T10:48:53Z
https://boxd.it/7lJE,Bubble Bath,1980,3.9,9810,,2026-08-12T10:48:54Z
https://boxd.it/5z5E,Buccaneer Soul,1993,3.98,2760,,2026-08-12T10:48:56Z
https://boxd.it/25O4,Bud Abbott and Lou Costello Meet Frankenstein,1948,3.58,29647,,2026-08-12T10:48:57Z
https://boxd.it/1YC6,Buffalo '66,1998,3.75,401274,,2026-08-12T10:48:57Z
https://boxd.it/2n8Vnb,Buffalo '66,1998,3.5,,,2026-08-12T10:48:58Z
https://boxd.it/bRMTB3,Bugonia,2025,3.5,,,2026-08-12T10:48:59Z
https://boxd.it/qeWY,Bugonia,2025,3.84,1998983,,2026-08-12T10:48:59Z
https://boxd.it/jP6m,Bulbul Can Sing,2018,3.55,1165,,2026-08-12T10:49:00Z
https://boxd.it/1SNs,Bullet in the Head,1990,4.07,27946,,2026-08-12T10:49:01Z
https://boxd.it/4XJGBV,Bullet Train,2022,3.5,,,2026-08-12T10:49:02Z
https://boxd.it/qW26,Bullet Train,2022,3.62,2343262,,2026-08-12T10:49:02Z
https://boxd.it/1TYQ,Bullets Over Broadway,1994,3.74,31786,,2026-08-12T10:49:03Z
https://boxd.it/1tXC,Buried,2010,3.32,98414,,2026-08-12T10:49:04Z
https://boxd.it/Xfo,Burlesque,2010,3.51,263740,,2026-08-12T10:49:04Z
https://boxd.it/1XHadf,Burning,2018,4.0,,,2026-08-12T10:49:05Z
https://boxd.it/hHUa,Burning,2018,4.03,330926,,2026-08-12T10:49:05Z
https://boxd.it/5h45q5,Burning Days,2022,4.0,,,2026-08-12T10:49:08Z
https://boxd.it/psok,Burning Days,2022,3.87,52841,,2026-08-12T10:49:07Z
https://boxd.it/CPq,Burnt by the Sun,1994,3.9,9941,,2026-08-12T10:49:08Z
https://boxd.it/EC4k,Bushworld Adventures,2018,3.89,5578,,2026-08-12T10:49:09Z
https://boxd.it/2WYm,Businessman,2012,3.4,6572,,2026-08-12T10:49:10Z
https://boxd.it/29Vy,Butch Cassidy and the Sundance Kid,1969,4.17,201924,,2026-08-12T10:49:10Z
https://boxd.it/5fU8,Butterfly,1974,3.59,5044,,2026-08-12T10:49:11Z
https://boxd.it/KQGE,Butterfly,2024,3.84,35725,,2026-08-12T10:49:12Z
https://boxd.it/xKoS,Butterfly in the Sky,2022,4.08,4728,,2026-08-12T10:49:12Z
https://boxd.it/9knQ,By the Kiss,2006,3.43,822,,2026-08-12T10:49:13Z
https://boxd.it/e24m,Byomkesh Bakshi,2015,3.33,228,,2026-08-12T10:49:14Z
https://boxd.it/WcC0T,Bāhubali 2: The Conclusion,2017,4.0,,,2026-08-12T10:49:16Z
https://boxd.it/bMfO,Bāhubali 2: The Conclusion,2017,3.87,51118,,2026-08-12T10:49:15Z
https://boxd.it/7y2y,Bāhubali: The Beginning,2015,3.57,60754,,2026-08-12T10:49:16Z
https://boxd.it/WcBFL,Bāhubali: The Beginning,2015,4.0,,,2026-08-12T10:49:17Z
https://boxd.it/WcCjB,C/o Kancharapalem,2018,4.5,,,2026-08-12T10:49:18Z
https://boxd.it/jSlk,C/o Kancharapalem,2018,4.13,5755,,2026-08-12T10:49:18Z
https://boxd.it/2amY,Caché,2005,4.05,142565,,2026-08-12T10:49:19Z
https://boxd.it/NaeE,Cactus Pears,2025,3.89,8109,,2026-08-12T10:49:20Z
https://boxd.it/2l92,Café Flesh,1982,3.49,2867,,2026-08-12T10:49:20Z
https://boxd.it/9tJvuJ,Café Flesh,1982,3.5,,,2026-08-12T10:49:21Z
https://boxd.it/yNA,Café Lumière,2003,3.7,7328,,2026-08-12T10:49:22Z
https://boxd.it/L02,Cairo Station,1958,3.82,19101,,2026-08-12T10:49:22Z
https://boxd.it/7LnO,Calcutta 71,1972,3.87,1193,,2026-08-12T10:49:24Z
https://boxd.it/2Wg0,Calendar,1993,3.64,4347,,2026-08-12T10:49:25Z
https://boxd.it/dw10aT,Calendar,1993,4.0,,,2026-08-12T10:49:25Z
https://boxd.it/1cEQel,Call Me by Your Name,2017,4.5,,,2026-08-12T10:49:27Z
https://boxd.it/dYmm,Call Me by Your Name,2017,3.85,3220336,,2026-08-12T10:49:26Z
https://boxd.it/3rAK,Camera,2000,3.68,4940,,2026-08-12T10:49:27Z
https://boxd.it/XzS,Camera Buff,1979,4.12,21381,,2026-08-12T10:49:28Z
https://boxd.it/d5ve,Cameraperson,2016,4.13,19576,,2026-08-12T10:49:29Z
https://boxd.it/XMC,Camila,1984,3.74,12724,,2026-08-12T10:49:30Z
https://boxd.it/1Tbk,Camille Claudel,1988,3.7,6228,,2026-08-12T10:49:31Z
https://boxd.it/tYaC,Can't Get You Out of My Head,2021,4.25,10984,,2026-08-12T10:49:32Z
https://boxd.it/28vu,Cape Fear,1991,3.72,404151,,2026-08-12T10:49:33Z
https://boxd.it/WcCqx,Capernaum,2018,4.5,,,2026-08-12T10:49:34Z
https://boxd.it/iM3s,Capernaum,2018,4.23,142973,,2026-08-12T10:49:34Z
https://boxd.it/lAH2,Caprice,1986,3.52,8778,,2026-08-12T10:49:35Z
https://boxd.it/89Ja,Captain America: Civil War,2016,3.69,2399061,,2026-08-12T10:49:36Z
https://boxd.it/WcBMn,Captain America: Civil War,2016,4.0,,,2026-08-12T10:49:36Z
https://boxd.it/3r58,Captain America: The Winter Soldier,2014,3.78,2135352,,2026-08-12T10:49:37Z
https://boxd.it/WcBwT,Captain America: The Winter Soldier,2014,4.0,,,2026-08-12T10:49:38Z
https://boxd.it/1nuLAl,Captain Fantastic,2016,3.5,,,2026-08-12T10:49:39Z
https://boxd.it/b2K2,Captain Fantastic,2016,3.95,461607,,2026-08-12T10:49:39Z
https://boxd.it/3GPK,Captain Phillips,2013,3.79,397684,,2026-08-12T10:49:40Z
https://boxd.it/20Jo,Caramel,2007,3.84,20379,,2026-08-12T10:49:41Z
https://boxd.it/WcChb,Carbon: A Story of Tomorrow,2017,3.0,,,2026-08-12T10:49:42Z
https://boxd.it/G0w,Career Girls,1997,3.7,9330,,2026-08-12T10:49:42Z
https://boxd.it/1d7A,Cargo 200,2007,3.64,26087,,2026-08-12T10:49:43Z
https://boxd.it/226e,Carlito's Way,1993,4.11,222801,,2026-08-12T10:49:44Z
https://boxd.it/XJe,Carmen,1983,3.73,3471,,2026-08-12T10:49:45Z
https://boxd.it/1KQ4,Carnival of Souls,1962,3.78,99681,,2026-08-12T10:49:45Z
https://boxd.it/1XH9Wt,Carol,2015,4.0,,,2026-08-12T10:49:47Z
https://boxd.it/7DPK,Carol,2015,4.03,676391,,2026-08-12T10:49:46Z
https://boxd.it/OKiY,Carolina Caroline,2025,3.47,28682,,2026-08-12T10:49:48Z
https://boxd.it/20ZQ,Carrie,1976,3.85,929000,,2026-08-12T10:49:48Z
https://boxd.it/44lO,Carry On Jatta,2012,3.6,931,,2026-08-12T10:49:49Z
https://boxd.it/498K,Casa de Lava,1994,3.82,4042,,2026-08-12T10:49:50Z
https://boxd.it/2aG0,Casablanca,1942,4.28,860502,,2026-08-12T10:49:50Z
https://boxd.it/WcBM3,Casablanca,1942,4.5,,,2026-08-12T10:49:51Z
https://boxd.it/2ads,Casino,1995,4.22,801777,,2026-08-12T10:49:52Z
https://boxd.it/WcBjZ,Casino,1995,4.5,,,2026-08-12T10:49:52Z
https://boxd.it/1alk,Casino Royale,2006,4.04,1069685,,2026-08-12T10:49:53Z
https://boxd.it/2cmw,Casque d'Or,1952,3.83,7374,,2026-08-12T10:49:54Z
https://boxd.it/1GXU,Castaway on the Moon,2009,4.07,23365,,2026-08-12T10:49:55Z
https://boxd.it/6WlM,Castello Cavalcanti,2013,3.57,49040,,2026-08-12T10:49:55Z
https://boxd.it/1W4G,Castle in the Sky,1986,4.08,607255,,2026-08-12T10:49:56Z
https://boxd.it/Knu,Castle of Purity,1972,3.88,14377,,2026-08-12T10:49:57Z
https://boxd.it/Lgym,Castration Movie Anthology i. Traps,2024,4.01,6294,,2026-08-12T10:49:57Z
https://boxd.it/Ac8i,Cat Listening to Music,1988,3.97,5284,,2026-08-12T10:49:58Z
https://boxd.it/7Cva,Cat Skin,1962,4.03,3562,,2026-08-12T10:49:59Z
https://boxd.it/1nuLxr,Catch Me If You Can,2002,4.0,,,2026-08-12T10:50:01Z
https://boxd.it/29VS,Catch Me If You Can,2002,4.06,2614031,,2026-08-12T10:50:00Z
https://boxd.it/miHq,Catch-22,2019,3.81,9049,,2026-08-12T10:50:02Z
https://boxd.it/BcpK,Catopolis,2022,3.92,8011,,2026-08-12T10:50:02Z
https://boxd.it/39H4,Catwalk,1995,3.87,2641,,2026-08-12T10:50:03Z
https://boxd.it/GZ4Q,Caught by the Tides,2024,3.69,23910,,2026-08-12T10:50:04Z
https://boxd.it/m8dg,Caught in the Net,2020,3.78,3598,,2026-08-12T10:50:04Z
https://boxd.it/1OA0,Cecil B. Demented,2000,3.91,49900,,2026-08-12T10:50:05Z
https://boxd.it/1BES,Cemetery Man,1994,3.72,45975,,2026-08-12T10:50:06Z
https://boxd.it/29RG,Central Station,1998,4.35,230096,,2026-08-12T10:50:06Z
https://boxd.it/3JwQ,Century of Birthing,2011,3.86,1010,,2026-08-12T10:50:07Z
https://boxd.it/2n8Vil,Certified Copy,2010,5.0,,,2026-08-12T10:50:08Z
https://boxd.it/IMW,Certified Copy,2010,4.07,73932,,2026-08-12T10:50:08Z
https://boxd.it/R5Gw,Chaar Phool Hain Aur Duniya Hai,2024,3.62,1599,,2026-08-12T10:50:10Z
https://boxd.it/9FJo,Chaar Sahibzaade,2014,3.64,379,,2026-08-12T10:50:11Z
https://boxd.it/4lsC,Chachi 420,1997,3.41,2818,,2026-08-12T10:50:12Z
https://boxd.it/6fm8,Chain,2004,4.01,2222,,2026-08-12T10:50:12Z
https://boxd.it/zld0,Challengers,2024,3.81,2923395,,2026-08-12T10:50:13Z
https://boxd.it/3kB2,Chameli Ki Shaadi,1986,3.42,276,,2026-08-12T10:50:14Z
https://boxd.it/kPuK,Champion,2018,3.58,10213,,2026-08-12T10:50:15Z
https://boxd.it/msqE,Chanakya,2019,2.89,591,,2026-08-12T10:50:16Z
https://boxd.it/1J8q,Character,1997,3.73,3167,,2026-08-12T10:50:16Z
https://boxd.it/23O2,Charade,1963,4.05,214961,,2026-08-12T10:50:17Z
https://boxd.it/2ogU,Charisma,1999,3.75,11706,,2026-08-12T10:50:18Z
https://boxd.it/cV5q,Charlie,2015,3.82,11424,,2026-08-12T10:50:18Z
https://boxd.it/1bVy,Charulata,1964,4.16,18819,,2026-08-12T10:50:19Z
https://boxd.it/1cEQeP,Charulata,1964,4.5,,,2026-08-12T10:50:20Z
https://boxd.it/1nuLQN,Chashme Buddoor,1981,4.5,,,2026-08-12T10:50:21Z
https://boxd.it/g8E,Chashme Buddoor,1981,3.62,1415,,2026-08-12T10:50:20Z
https://boxd.it/2KOa,Chatrapathi,2005,3.56,5233,,2026-08-12T10:50:22Z
https://boxd.it/1USa,Cheaper by the Dozen,2003,3.21,270307,,2026-08-12T10:50:23Z
https://boxd.it/3XuY,Chekist,1992,3.55,1155,,2026-08-12T10:50:24Z
https://boxd.it/WcCml,Chekka Chivantha Vaanam,2018,3.5,,,2026-08-12T10:50:25Z
https://boxd.it/idrO,Chekka Chivantha Vaanam,2018,3.35,9689,,2026-08-12T10:50:25Z
https://boxd.it/WcCjr,Chernobyl,2019,5.0,,,2026-08-12T10:50:27Z
https://boxd.it/mkbG,Chernobyl,2019,4.62,772799,,2026-08-12T10:50:26Z
https://boxd.it/5QRK,Chess of the Wind,1976,3.95,12083,,2026-08-12T10:50:27Z
https://boxd.it/cPbM,Chhello Divas,2015,3.56,865,,2026-08-12T10:50:28Z
https://boxd.it/WcCvd,Chhichhore,2019,3.5,,,2026-08-12T10:50:29Z
https://boxd.it/lZOW,Chhichhore,2019,3.78,30266,,2026-08-12T10:50:29Z
https://boxd.it/2qak,Chhoti Si Baat,1976,3.6,2688,,2026-08-12T10:50:30Z
https://boxd.it/WcChP,Chhoti Si Baat,1976,4.0,,,2026-08-12T10:50:31Z
https://boxd.it/WcCqn,Chhuri,2017,3.5,,,2026-08-12T10:50:32Z
https://boxd.it/hT4U,Chhuri,2017,3.39,420,,2026-08-12T10:50:31Z
https://boxd.it/jGLA,Chi La Sow,2018,3.55,2550,,2026-08-12T10:50:33Z
https://boxd.it/28zm,Chicago,2002,4.04,521459,,2026-08-12T10:50:33Z
https://boxd.it/7Sd2,Chidambaram,1985,3.76,1932,,2026-08-12T10:50:34Z
https://boxd.it/cQL2,Chikan densha: Iyarashii kôi,1993,3.58,543,,2026-08-12T10:50:35Z
https://boxd.it/1VTo,Child's Play,1988,3.33,441065,,2026-08-12T10:50:36Z
https://boxd.it/1C5k,Children of Heaven,1997,4.23,63937,,2026-08-12T10:50:37Z
https://boxd.it/WcBmp,Children of Heaven,1997,4.0,,,2026-08-12T10:50:37Z
https://boxd.it/1Y2i,Children of Men,2006,4.3,846443,,2026-08-12T10:50:38Z
https://boxd.it/WcByP,Children of Men,2006,4.5,,,2026-08-12T10:50:39Z
https://boxd.it/26H4,Children of Paradise,1945,4.28,27810,,2026-08-12T10:50:39Z
https://boxd.it/2uQa,Chillar Party,2011,3.66,6053,,2026-08-12T10:50:41Z
https://boxd.it/6Gnkpx,Chime,2024,3.5,,,2026-08-12T10:50:42Z
https://boxd.it/KiS2,Chime,2024,3.61,55712,,2026-08-12T10:50:41Z
https://boxd.it/299k,Chimes at Midnight,1965,4.0,21227,,2026-08-12T10:50:43Z
https://boxd.it/f6Ca,China's Van Goghs,2016,3.84,1204,,2026-08-12T10:50:43Z
https://boxd.it/29vU,Chinatown,1974,4.3,510844,,2026-08-12T10:50:44Z
https://boxd.it/WcCgH,Chinatown,1974,4.5,,,2026-08-12T10:50:45Z
https://boxd.it/1b2I,Chinese Roulette,1976,3.79,12557,,2026-08-12T10:50:45Z
https://boxd.it/4MzU,Chinthavishtayaya Shyamala,1998,3.59,787,,2026-08-12T10:50:46Z
https://boxd.it/1cEQmp,Chintu Ka Birthday,2020,3.5,,,2026-08-12T10:50:47Z
https://boxd.it/of9E,Chintu Ka Birthday,2020,3.5,1654,,2026-08-12T10:50:47Z
https://boxd.it/3kAI,Chitchor,1976,3.45,479,,2026-08-12T10:50:48Z
https://boxd.it/GbIc,Chithha,2023,3.97,17117,,2026-08-12T10:50:49Z
https://boxd.it/5Mlq,Chithram,1988,3.89,4181,,2026-08-12T10:50:50Z
https://boxd.it/1cEPUF,Choked: Paisa Bolta Hai,2020,3.5,,,2026-08-12T10:50:51Z
https://boxd.it/qqWQ,Choked: Paisa Bolta Hai,2020,3.1,3099,,2026-08-12T10:50:50Z
https://boxd.it/XMs,Choose Me,1984,3.68,6414,,2026-08-12T10:50:52Z
https://boxd.it/9DoS,Chotushkone,2014,3.73,2223,,2026-08-12T10:50:52Z
https://boxd.it/Xz4,Christ Stopped at Eboli,1979,3.99,3906,,2026-08-12T10:50:53Z
https://boxd.it/1YiA,Christiane F.,1981,3.88,246355,,2026-08-12T10:50:54Z
https://boxd.it/1ZRQ,Christine,1983,3.51,192125,,2026-08-12T10:50:54Z
https://boxd.it/WTM,Christmas Holidays,1983,3.2,3952,,2026-08-12T10:50:55Z
https://boxd.it/3jIm,Chronicle of Anna Magdalena Bach,1968,3.85,4787,,2026-08-12T10:50:56Z
https://boxd.it/iNaa,Chuchotage,2018,3.35,1206,,2026-08-12T10:50:57Z
https://boxd.it/1UDa,Chungking Express,1994,4.27,811976,,2026-08-12T10:50:57Z
https://boxd.it/1nuLlF,Chungking Express,1994,4.0,,,2026-08-12T10:50:58Z
https://boxd.it/1BRM,Chupke Chupke,1975,3.7,3440,,2026-08-12T10:50:58Z
https://boxd.it/WcChZ,Chupke Chupke,1975,4.0,,,2026-08-12T10:50:59Z
https://boxd.it/r2Ae,Churuli,2021,3.53,9129,,2026-08-12T10:51:00Z
https://boxd.it/WcCbn,Chutney,2016,4.5,,,2026-08-12T10:51:01Z
https://boxd.it/gtqS,Chutney,2016,3.53,1887,,2026-08-12T10:51:00Z
https://boxd.it/131wG,"Chère fin,",2025,4.08,1908,,2026-08-12T10:51:01Z
https://boxd.it/29he,Cinderella Man,2005,3.85,99397,,2026-08-12T10:51:02Z
https://boxd.it/1UlA,Cinema Paradiso,1988,4.51,534366,,2026-08-12T10:51:03Z
https://boxd.it/1cEQpN,Cinema Paradiso,1988,4.5,,,2026-08-12T10:51:03Z
https://boxd.it/A3E,Citadel,2012,2.94,3959,,2026-08-12T10:51:05Z
https://boxd.it/71O,Citizen Kane,1941,4.19,669771,,2026-08-12T10:51:05Z
https://boxd.it/WcBL5,Citizen Kane,1941,4.5,,,2026-08-12T10:51:06Z
https://boxd.it/9eSe,Citizenfour,2014,3.98,52415,,2026-08-12T10:51:06Z
https://boxd.it/29ki,City Lights,1931,4.31,193348,,2026-08-12T10:51:07Z
https://boxd.it/WcBAr,City Lights,1931,4.5,,,2026-08-12T10:51:08Z
https://boxd.it/8rN0,City Lights,2014,3.5,1597,,2026-08-12T10:51:08Z
https://boxd.it/2a2a,City of God,2002,4.57,1246168,,2026-08-12T10:51:09Z
https://boxd.it/WcBJt,City of God,2002,4.5,,,2026-08-12T10:51:09Z
https://boxd.it/4goU,City of Lost Souls,1983,3.88,1332,,2026-08-12T10:51:10Z
https://boxd.it/2cwG,City of Pirates,1983,4.01,6042,,2026-08-12T10:51:11Z
https://boxd.it/26aO,Claire's Knee,1970,3.84,39760,,2026-08-12T10:51:12Z
https://boxd.it/3zBcTF,Claire's Knee,1970,3.5,,,2026-08-12T10:51:12Z
https://boxd.it/3Up2,Class Relations,1984,3.82,2518,,2026-08-12T10:51:13Z
https://boxd.it/6UPq,Classmates,2006,3.67,2804,,2026-08-12T10:51:14Z
https://boxd.it/7bMfur,Climax,2018,3.5,,,2026-08-12T10:51:15Z
https://boxd.it/ikvo,Climax,2018,3.76,491296,,2026-08-12T10:51:15Z
https://boxd.it/y4qa,Close,2022,4.14,546351,,2026-08-12T10:51:16Z
https://boxd.it/29u8,Close Encounters of the Third Kind,1977,3.82,350269,,2026-08-12T10:51:17Z
https://boxd.it/BGhm,Close Your Eyes,2023,3.99,24600,,2026-08-12T10:51:17Z
https://boxd.it/1m9q,Close-Up,1990,4.4,144131,,2026-08-12T10:51:18Z
https://boxd.it/5h459D,Close-Up,1990,4.0,,,2026-08-12T10:51:19Z
https://boxd.it/29Cm,Closely Watched Trains,1966,3.92,23566,,2026-08-12T10:51:19Z
https://boxd.it/LhR0,Cloud,2024,3.49,67482,,2026-08-12T10:51:20Z
https://boxd.it/2W60,Cloud Atlas,2012,3.51,196830,,2026-08-12T10:51:21Z
https://boxd.it/Z6lK,Club Kid,2026,4.22,2035,,2026-08-12T10:51:21Z
https://boxd.it/1MDQ,Clue,1985,3.92,506309,,2026-08-12T10:51:22Z
https://boxd.it/1Ygk,Clueless,1995,3.68,1966423,,2026-08-12T10:51:23Z
https://boxd.it/2agm,Cléo from 5 to 7,1962,4.18,260538,,2026-08-12T10:51:23Z
https://boxd.it/2n8VBx,Cléo from 5 to 7,1962,4.5,,,2026-08-12T10:51:24Z
https://boxd.it/ernI,Cléo from 5 to 7: Remembrances and Anecdotes,2005,3.86,1282,,2026-08-12T10:51:25Z
https://boxd.it/52TQ,CM101MMXI Fundamentals,2013,4.06,13177,,2026-08-12T10:51:26Z
https://boxd.it/akuY,Cobain: Montage of Heck,2015,3.97,54141,,2026-08-12T10:51:26Z
https://boxd.it/WcBCn,Coco,2017,4.5,,,2026-08-12T10:51:28Z
https://boxd.it/bYJQ,Coco,2017,4.13,3199543,,2026-08-12T10:51:27Z
https://boxd.it/FYU,Cocoon,1995,3.5,5030,,2026-08-12T10:51:28Z
https://boxd.it/tbf4,CODA,2021,3.88,444959,,2026-08-12T10:51:29Z
https://boxd.it/1kaw,Code Unknown,2000,3.79,31602,,2026-08-12T10:51:30Z
https://boxd.it/29nc,Coffee and Cigarettes,2003,3.76,93976,,2026-08-12T10:51:31Z
https://boxd.it/6xza,Coherence,2013,3.73,429097,,2026-08-12T10:51:31Z
https://boxd.it/5wXS,Cold Tropics,2009,3.81,18466,,2026-08-12T10:51:32Z
https://boxd.it/WcCcZ,Cold War,2018,4.0,,,2026-08-12T10:51:33Z
https://boxd.it/fEoc,Cold War,2018,4.05,186826,,2026-08-12T10:51:32Z
https://boxd.it/uk,Cold Water,1994,3.71,8015,,2026-08-12T10:51:34Z
https://boxd.it/28F0,Collateral,2004,3.89,550692,,2026-08-12T10:51:34Z
https://boxd.it/2n8VCP,Columbus,2017,5.0,,,2026-08-12T10:51:36Z
https://boxd.it/eCuA,Columbus,2017,3.96,153898,,2026-08-12T10:51:35Z
https://boxd.it/lLgQ,Comali,2019,3.07,6777,,2026-08-12T10:51:37Z
https://boxd.it/1cEQoF,Come and See,1985,4.5,,,2026-08-12T10:51:38Z
https://boxd.it/1w9q,Come and See,1985,4.61,488065,,2026-08-12T10:51:38Z
https://boxd.it/RSFC,Come See Me in the Good Light,2025,3.94,21639,,2026-08-12T10:51:39Z
https://boxd.it/8r08,Comet,2014,3.56,30042,,2026-08-12T10:51:40Z
https://boxd.it/1iBA,Coming Home,1978,3.78,11501,,2026-08-12T10:51:40Z
https://boxd.it/1LzS,Company,2002,3.71,4395,,2026-08-12T10:51:41Z
https://boxd.it/WcBI1,Company,2002,4.5,,,2026-08-12T10:51:42Z
https://boxd.it/lEty,Compartment No. 6,2021,3.81,51340,,2026-08-12T10:51:42Z
https://boxd.it/18QU,"Comrades, Almost a Love Story",1996,4.2,33326,,2026-08-12T10:51:43Z
https://boxd.it/1XH9P3,"Comrades, Almost a Love Story",1996,5.0,,,2026-08-12T10:51:44Z
https://boxd.it/9tPnrJ,Conclave,2024,3.5,,,2026-08-12T10:51:45Z
https://boxd.it/AO8q,Conclave,2024,3.92,1983594,,2026-08-12T10:51:44Z
https://boxd.it/aZQm,Confessions,1972,3.6,336,,2026-08-12T10:51:46Z
https://boxd.it/uRS,Confessions,2010,3.99,73757,,2026-08-12T10:51:46Z
https://boxd.it/13gc2,Confessions II – The Film,2026,4.14,4959,,2026-08-12T10:51:47Z
https://boxd.it/GM6,Confidence,1980,3.89,1877,,2026-08-12T10:51:48Z
https://boxd.it/1sg8,Conquest,1983,3.15,8936,,2026-08-12T10:51:48Z
https://boxd.it/hlE,Conspirators of Pleasure,1996,3.82,5438,,2026-08-12T10:51:49Z
https://boxd.it/2a7E,Constantine,2005,3.46,465922,,2026-08-12T10:51:50Z
https://boxd.it/WcBNF,Constantine,2005,4.0,,,2026-08-12T10:51:50Z
https://boxd.it/29OM,Contact,1997,3.83,230770,,2026-08-12T10:51:51Z
https://boxd.it/6hra,Contactos,1970,3.53,379,,2026-08-12T10:51:52Z
https://boxd.it/2aJe,Contempt,1963,3.8,120811,,2026-08-12T10:51:52Z
https://boxd.it/xb6Y,Contretemps,2021,3.81,2869,,2026-08-12T10:51:53Z
https://boxd.it/1nuLE3,Control,2007,4.0,,,2026-08-12T10:51:54Z
https://boxd.it/22IC,Control,2007,3.93,99318,,2026-08-12T10:51:54Z
https://boxd.it/lhay,Conversations with a Killer: The Ted Bundy Tapes,2019,3.72,35366,,2026-08-12T10:51:55Z
https://boxd.it/29jY,Cool Hand Luke,1967,4.16,131322,,2026-08-12T10:51:56Z
https://boxd.it/27ly,Cop Land,1997,3.59,88646,,2026-08-12T10:51:56Z
https://boxd.it/15j4,Cops,1922,3.83,18923,,2026-08-12T10:51:57Z
https://boxd.it/RLZK,Coreys,2024,3.9,12797,,2026-08-12T10:51:58Z
https://boxd.it/5a,Corpo Celeste,2011,3.65,13102,,2026-08-12T10:51:59Z
https://boxd.it/jJG4,Corps aboli,1978,3.68,630,,2026-08-12T10:51:59Z
https://boxd.it/24WQ,Corpse Bride,2005,3.92,1876007,,2026-08-12T10:52:00Z
https://boxd.it/gULy,Corpus Christi,2019,4.08,57758,,2026-08-12T10:52:01Z
https://boxd.it/4inE,Cosmic Ray,1962,3.78,1875,,2026-08-12T10:52:02Z
https://boxd.it/J34E,Cosmos,2014,4.37,24302,,2026-08-12T10:52:03Z
https://boxd.it/WcBD1,Cosmos,2014,4.5,,,2026-08-12T10:52:03Z
https://boxd.it/abCE,Cosmos,2015,3.39,6714,,2026-08-12T10:52:04Z
https://boxd.it/1MkO,Cosy Dens,1999,4.15,13162,,2026-08-12T10:52:05Z
https://boxd.it/2n8VEL,Counterfeit Kunkoo,2018,3.5,,,2026-08-12T10:52:06Z
https://boxd.it/iKcs,Counterfeit Kunkoo,2018,3.61,788,,2026-08-12T10:52:05Z
https://boxd.it/ddMM,Coupling,1999,3.77,1098,,2026-08-12T10:52:07Z
https://boxd.it/2sbE,Courier,1986,3.94,14371,,2026-08-12T10:52:07Z
https://boxd.it/96Fm,Court,2014,3.87,8026,,2026-08-12T10:52:08Z
https://boxd.it/TcSy,Coward,2026,3.79,3238,,2026-08-12T10:52:09Z
https://boxd.it/1Ip6,Cowards Bend the Knee,2003,3.68,2386,,2026-08-12T10:52:09Z
https://boxd.it/1Uc4,Cowboy Bebop: The Movie,2001,4.13,106096,,2026-08-12T10:52:10Z
https://boxd.it/8I92,Cowspiracy: The Sustainability Secret,2014,3.7,20656,,2026-08-12T10:52:11Z
https://boxd.it/21PW,Coyote Ugly,2000,3.25,197733,,2026-08-12T10:52:12Z
https://boxd.it/29n2,Crash,1996,3.63,304545,,2026-08-12T10:52:12Z
https://boxd.it/b6gsJ3,Crash,1996,3.5,,,2026-08-12T10:52:13Z
https://boxd.it/ndN6,Crashing,2016,4.09,34002,,2026-08-12T10:52:14Z
https://boxd.it/1nuLqZ,"Crazy, Stupid, Love.",2011,4.0,,,2026-08-12T10:52:15Z
https://boxd.it/D9A,"Crazy, Stupid, Love.",2011,3.73,1687246,,2026-08-12T10:52:14Z
https://boxd.it/tke,Creature Comforts,1989,3.93,9802,,2026-08-12T10:52:16Z
https://boxd.it/WcBIP,Creed,2015,3.5,,,2026-08-12T10:52:17Z
https://boxd.it/a2qk,Creed,2015,3.83,805398,,2026-08-12T10:52:16Z
https://boxd.it/1KqU,Creepshow,1982,3.55,91421,,2026-08-12T10:52:18Z
https://boxd.it/1yyW,Cremaster 3,2002,3.68,3634,,2026-08-12T10:52:18Z
https://boxd.it/AoC,Cria!,1976,4.19,32269,,2026-08-12T10:52:19Z
https://boxd.it/1WK8,Cries and Whispers,1972,4.18,87010,,2026-08-12T10:52:20Z
https://boxd.it/1s7A,Crime Wave,1985,3.78,3952,,2026-08-12T10:52:20Z
https://boxd.it/1Ty4,Crimes and Misdemeanors,1989,4.04,59529,,2026-08-12T10:52:21Z
https://boxd.it/10Sy,Crimes of Passion,1984,3.57,24193,,2026-08-12T10:52:22Z
https://boxd.it/1rTS,Crossing Delancey,1988,3.76,19609,,2026-08-12T10:52:22Z
https://boxd.it/2b1M,"Crouching Tiger, Hidden Dragon",2000,4.07,284930,,2026-08-12T10:52:23Z
https://boxd.it/1qzW,Cruising,1980,3.59,104967,,2026-08-12T10:52:24Z
https://boxd.it/1tDi,Crumb,1994,4.18,41548,,2026-08-12T10:52:24Z
https://boxd.it/2aoU,Cube,1997,3.28,268387,,2026-08-12T10:52:26Z
https://boxd.it/1W8o,Cujo,1983,3.0,75890,,2026-08-12T10:52:26Z
https://boxd.it/gQHW,Cumali Ceber: Allah Seni Alsın,2017,2.33,1239,,2026-08-12T10:52:27Z
https://boxd.it/qFnc,Cunk on Britain,2018,4.23,16572,,2026-08-12T10:52:28Z
https://boxd.it/fiLe,Cunk on Christmas,2016,3.88,3459,,2026-08-12T10:52:29Z
https://boxd.it/J2mM,Cunk on Earth,2022,4.3,34782,,2026-08-12T10:52:29Z
https://boxd.it/LKUi,Cunk on Life,2024,3.86,99248,,2026-08-12T10:52:30Z
https://boxd.it/dUXy,Cunk on Shakespeare,2016,3.9,4325,,2026-08-12T10:52:31Z
https://boxd.it/1blA,Cure,1997,4.28,384762,,2026-08-12T10:52:31Z
https://boxd.it/8dw681,Cure,1997,5.0,,,2026-08-12T10:52:32Z
https://boxd.it/4VJu,Curfew,2012,3.82,8689,,2026-08-12T10:52:33Z
https://boxd.it/1CHe,Cutie Honey,2004,3.83,15808,,2026-08-12T10:52:33Z
https://boxd.it/1iKW,Cutter's Way,1981,3.67,19184,,2026-08-12T10:52:34Z
https://boxd.it/COP4,Cyberpunk: Edgerunners,2022,4.39,234565,,2026-08-12T10:52:35Z
https://boxd.it/hrLQ,Cyborgs,2017,3.72,1294,,2026-08-12T10:52:36Z
https://boxd.it/30h9T3,Céline,1992,4.5,,,2026-08-12T10:52:37Z
https://boxd.it/44ac,Céline,1992,4.07,6984,,2026-08-12T10:52:37Z
https://boxd.it/1sGA,Céline and Julie Go Boating,1974,4.18,27099,,2026-08-12T10:52:38Z
https://boxd.it/2aaS,D.E.B.S.,2004,3.75,196033,,2026-08-12T10:52:39Z
https://boxd.it/RZ6,Dabangg,2010,2.87,13697,,2026-08-12T10:52:39Z
https://boxd.it/WcBtF,Dabangg,2010,3.0,,,2026-08-12T10:52:40Z
https://boxd.it/bCcg,Daft Punk Unchained,2015,3.69,4770,,2026-08-12T10:52:41Z
https://boxd.it/FxY,Daguerréotypes,1975,4.01,15985,,2026-08-12T10:52:41Z
https://boxd.it/LZk,Daisies,1966,4.0,159622,,2026-08-12T10:52:42Z
https://boxd.it/4O8G,Dallas Buyers Club,2013,4.03,674608,,2026-08-12T10:52:43Z
https://boxd.it/WcCmv,Dallas Buyers Club,2013,4.0,,,2026-08-12T10:52:43Z
https://boxd.it/4syC,Damini,1993,3.51,1207,,2026-08-12T10:52:44Z
https://boxd.it/1E28,Damnation,1988,4.06,21528,,2026-08-12T10:52:45Z
https://boxd.it/cxH5oL,Damnation,1988,4.0,,,2026-08-12T10:52:45Z
https://boxd.it/2n8Vs1,Dancer in the Dark,2000,4.0,,,2026-08-12T10:52:48Z
https://boxd.it/71E,Dancer in the Dark,2000,4.22,221424,,2026-08-12T10:52:47Z
https://boxd.it/2a4K,Dances with Wolves,1990,3.93,171268,,2026-08-12T10:52:48Z
https://boxd.it/WcC39,Dangal,2016,4.5,,,2026-08-12T10:52:50Z
https://boxd.it/chfU,Dangal,2016,3.95,99959,,2026-08-12T10:52:49Z
https://boxd.it/iojG,Danger Close: The Battle of Long Tan,2019,3.27,6605,,2026-08-12T10:52:51Z
https://boxd.it/3xOy,Dangerous Encounters of the First Kind,1980,3.9,8712,,2026-08-12T10:52:51Z
https://boxd.it/29r4,Dangerous Liaisons,1988,3.78,69158,,2026-08-12T10:52:52Z
https://boxd.it/NZc,Dangerous Moves,1984,3.37,981,,2026-08-12T10:52:53Z
https://boxd.it/nx3M,Daniel Sloss: Live Shows,2018,4.22,11905,,2026-08-12T10:52:53Z
https://boxd.it/1YzG,Daredevil,2003,2.23,230233,,2026-08-12T10:52:54Z
https://boxd.it/1y3a,Daria in 'Is It College Yet?',2002,4.11,11003,,2026-08-12T10:52:55Z
https://boxd.it/Ras,Daria in 'Is It Fall Yet?',2000,4.06,14049,,2026-08-12T10:52:56Z
https://boxd.it/JZ98,Dark,2017,3.77,7277,,2026-08-12T10:52:56Z
https://boxd.it/nfyM,Dark,2018,4.13,2459,,2026-08-12T10:52:57Z
https://boxd.it/1cEPSJ,Dark Matter,2019,5.0,,,2026-08-12T10:52:58Z
https://boxd.it/6RZW,Dark Story of a Sex Crime: Phantom Killer,1969,3.55,202,,2026-08-12T10:52:59Z
https://boxd.it/hAnI,Dark Wind,2017,3.59,497,,2026-08-12T10:53:00Z
https://boxd.it/1cSK,Darr,1993,3.54,9469,,2026-08-12T10:53:00Z
https://boxd.it/1cEQlL,Das Boot,1981,4.5,,,2026-08-12T10:53:02Z
https://boxd.it/2av2,Das Boot,1981,4.33,119222,,2026-08-12T10:53:01Z
https://boxd.it/7iPY,Dasharatham,1989,3.78,1447,,2026-08-12T10:53:02Z
https://boxd.it/1Nsu,Dasvidaniya,2008,3.6,901,,2026-08-12T10:53:03Z
https://boxd.it/NMs,Daughters of Darkness,1971,3.53,27141,,2026-08-12T10:53:04Z
https://boxd.it/hzJy,Dave Chappelle: Equanimity,2017,3.93,16424,,2026-08-12T10:53:05Z
https://boxd.it/1KrS,Dave Chappelle: Killin' Them Softly,2000,4.28,13396,,2026-08-12T10:53:05Z
https://boxd.it/1xifP5,David Attenborough: A Life on Our Planet,2020,5.0,,,2026-08-12T10:53:06Z
https://boxd.it/oIvu,David Attenborough: A Life on Our Planet,2020,4.2,33139,,2026-08-12T10:53:06Z
https://boxd.it/oUAG,David Byrne's American Utopia,2020,4.27,29952,,2026-08-12T10:53:07Z
https://boxd.it/eASq,David Lynch: The Art Life,2016,3.83,37313,,2026-08-12T10:53:08Z
https://boxd.it/11kM,Day & Night,2010,3.77,49365,,2026-08-12T10:53:08Z
https://boxd.it/1cEPZZ,Day & Night,2010,4.5,,,2026-08-12T10:53:09Z
https://boxd.it/28kG,Day for Night,1973,4.18,52576,,2026-08-12T10:53:10Z
https://boxd.it/5oFIyp,Day for Night,1973,4.5,,,2026-08-12T10:53:10Z
https://boxd.it/1D0A,Day of the Wacko,2002,4.03,24011,,2026-08-12T10:53:11Z
https://boxd.it/ZtM,Day of Wrath,1943,4.18,19717,,2026-08-12T10:53:12Z
https://boxd.it/28AY,Daybreak Express,1957,4.02,8054,,2026-08-12T10:53:13Z
https://boxd.it/1bM2,Days and Nights in the Forest,1970,4.0,7469,,2026-08-12T10:53:13Z
https://boxd.it/1HbC,Days of Being Wild,1990,3.82,104207,,2026-08-12T10:53:14Z
https://boxd.it/1JRg,Days of Heaven,1978,4.09,177631,,2026-08-12T10:53:15Z
https://boxd.it/1XHadT,Days of Heaven,1978,4.5,,,2026-08-12T10:53:15Z
https://boxd.it/1Ylk,Dazed and Confused,1993,3.9,624327,,2026-08-12T10:53:16Z
https://boxd.it/r1FW,De Humani Corporis Fabrica,2022,3.85,5843,,2026-08-12T10:53:17Z
https://boxd.it/ngsK,Dead End.,2019,3.91,7509,,2026-08-12T10:53:18Z
https://boxd.it/2wKy,Dead Man's Letters,1986,4.14,15203,,2026-08-12T10:53:19Z
https://boxd.it/2aSg,Dead Poets Society,1989,4.36,3892123,,2026-08-12T10:53:19Z
https://boxd.it/WcCzf,Dead Poets Society,1989,4.5,,,2026-08-12T10:53:20Z
https://boxd.it/1Yqk,Dead Ringers,1988,3.85,140720,,2026-08-12T10:53:20Z
https://boxd.it/C3y6,Dead Talents Society,2024,3.84,25823,,2026-08-12T10:53:21Z
https://boxd.it/1cEQgr,Deadpool: No Good Deed,2017,3.0,,,2026-08-12T10:53:23Z
https://boxd.it/kq7G,Deadpool: No Good Deed,2017,3.38,19267,,2026-08-12T10:53:22Z
https://boxd.it/37k8,Deadwood Park,2007,3.9,2085,,2026-08-12T10:53:23Z
https://boxd.it/jBYE,Deadwood: The Movie,2019,3.76,19977,,2026-08-12T10:53:24Z
https://boxd.it/1vT8,Dear Diary,1993,3.91,30221,,2026-08-12T10:53:25Z
https://boxd.it/6pIVwT,Dear Diary,1993,4.5,,,2026-08-12T10:53:26Z
https://boxd.it/tCiu,Dear Future Children,2021,3.73,1081,,2026-08-12T10:53:26Z
https://boxd.it/1LW8,Dear Zachary: A Letter to a Son About His Father,2008,4.41,103377,,2026-08-12T10:53:27Z
https://boxd.it/1cEQfj,Dear Zindagi,2016,4.0,,,2026-08-12T10:53:28Z
https://boxd.it/eAiM,Dear Zindagi,2016,3.4,31177,,2026-08-12T10:53:28Z
https://boxd.it/1y8O,"Dearest Relatives, Poisonous Relations",1992,3.89,15633,,2026-08-12T10:53:29Z
https://boxd.it/ccJrm3,"Dearest Relatives, Poisonous Relations",1992,3.5,,,2026-08-12T10:53:30Z
https://boxd.it/1L2a,Death Note,2006,3.12,23045,,2026-08-12T10:53:31Z
https://boxd.it/6kdg,Death of a Doctor,1990,3.68,1508,,2026-08-12T10:53:31Z
https://boxd.it/7WVM,Death of Yazdgerd,1982,4.26,3607,,2026-08-12T10:53:32Z
https://boxd.it/1P5i,Death Wish,1974,3.34,41676,,2026-08-12T10:53:33Z
https://boxd.it/3WmE,Decalogue I,1989,4.4,44434,,2026-08-12T10:53:34Z
https://boxd.it/WcCxN,Decalogue I,1989,4.0,,,2026-08-12T10:53:35Z
https://boxd.it/C8Q,Decalogue II,1989,3.82,28544,,2026-08-12T10:53:35Z
https://boxd.it/WcCy7,Decalogue II,1989,4.0,,,2026-08-12T10:53:36Z
https://boxd.it/3Wmu,Decalogue III,1989,3.75,23156,,2026-08-12T10:53:37Z
https://boxd.it/4h3BYt,Decalogue IV,1989,4.0,,,2026-08-12T10:53:38Z
https://boxd.it/C8w,Decalogue IV,1989,4.05,20838,,2026-08-12T10:53:37Z
https://boxd.it/3Wlw,Decalogue IX,1989,4.01,14469,,2026-08-12T10:53:39Z
https://boxd.it/4h3BYD,Decalogue IX,1989,4.0,,,2026-08-12T10:53:39Z
https://boxd.it/3WlG,Decalogue VII,1989,3.9,15977,,2026-08-12T10:53:40Z
https://boxd.it/8kZUyz,Decalogue VII,1989,3.5,,,2026-08-12T10:53:41Z
https://boxd.it/C8m,Decalogue VIII,1989,3.75,14606,,2026-08-12T10:53:41Z
https://boxd.it/3Wlm,Decalogue X,1989,4.21,14835,,2026-08-12T10:53:42Z
https://boxd.it/4h3BY9,Decalogue X,1989,4.5,,,2026-08-12T10:53:43Z
https://boxd.it/1vsG,Decasia: The State of Decay,2002,3.8,2663,,2026-08-12T10:53:43Z
https://boxd.it/3iaaQd,Decision to Leave,2022,4.0,,,2026-08-12T10:53:47Z
https://boxd.it/qp9e,Decision to Leave,2022,4.0,419098,,2026-08-12T10:53:45Z
https://boxd.it/26xe,Deconstructing Harry,1997,3.71,44157,,2026-08-12T10:53:48Z
https://boxd.it/LLM,Deep Crimson,1996,3.75,4934,,2026-08-12T10:53:48Z
https://boxd.it/i8m,Deep End,1970,3.88,29273,,2026-08-12T10:53:49Z
https://boxd.it/1E1E,Deep Red,1975,3.92,134342,,2026-08-12T10:53:50Z
https://boxd.it/1AxG,Deewaar,1975,3.81,7170,,2026-08-12T10:53:51Z
https://boxd.it/WcCiD,Deewaar,1975,4.0,,,2026-08-12T10:53:51Z
https://boxd.it/1SkK,Defending Your Life,1991,3.63,36656,,2026-08-12T10:53:52Z
https://boxd.it/5CI,Deiva Thirumagal,2011,3.95,6157,,2026-08-12T10:53:53Z
https://boxd.it/bv4u,Dekalog,1989,4.59,32344,,2026-08-12T10:53:53Z
https://boxd.it/2gEk,Delhi Belly,2011,3.73,24804,,2026-08-12T10:53:54Z
https://boxd.it/WcBxR,Delhi Belly,2011,4.0,,,2026-08-12T10:53:55Z
https://boxd.it/29lK,Delicatessen,1991,3.83,108023,,2026-08-12T10:53:55Z
https://boxd.it/2L6o,Dementia,1955,3.61,6956,,2026-08-12T10:53:57Z
https://boxd.it/3TF4,Demon Pond,1979,3.71,8249,,2026-08-12T10:53:58Z
https://boxd.it/1XH9LF,Demon Slayer -Kimetsu no Yaiba- The Movie: Mugen Train,2020,3.5,,,2026-08-12T10:53:59Z
https://boxd.it/nyLU,Demon Slayer -Kimetsu no Yaiba- The Movie: Mugen Train,2020,3.95,329003,,2026-08-12T10:53:58Z
https://boxd.it/1cEQp9,Demon Slayer: Kimetsu no Yaiba,2019,4.5,,,2026-08-12T10:54:00Z
https://boxd.it/pKsE,Demon Slayer: Kimetsu no Yaiba,2019,4.01,165682,,2026-08-12T10:54:00Z
https://boxd.it/3yiy,Demons,1971,4.22,16744,,2026-08-12T10:54:01Z
https://boxd.it/1OTQ,Demons,1985,3.53,64475,,2026-08-12T10:54:02Z
https://boxd.it/14ARc,Deniz Göktaş: Ölü Deniz,2026,4.31,17091,,2026-08-12T10:54:02Z
https://boxd.it/3iKQ,Deool,2011,3.66,579,,2026-08-12T10:54:03Z
https://boxd.it/1JFa,Departures,2008,4.09,35220,,2026-08-12T10:54:04Z
https://boxd.it/1XRO,Dersu Uzala,1975,4.29,44306,,2026-08-12T10:54:04Z
https://boxd.it/77Eq,Desert Rose,1989,3.91,1069,,2026-08-12T10:54:05Z
https://boxd.it/2FJE,Design for Living,1933,3.92,26887,,2026-08-12T10:54:06Z
https://boxd.it/aPmQ,Despite the Night,2015,3.76,2607,,2026-08-12T10:54:06Z
https://boxd.it/WcBKr,Destiny,2012,3.5,,,2026-08-12T10:54:08Z
https://boxd.it/hT62,Destiny,2012,3.06,1506,,2026-08-12T10:54:07Z
https://boxd.it/2tDY,Destiny's Son,1962,3.63,2925,,2026-08-12T10:54:08Z
https://boxd.it/2BiY,Detachment,2011,3.9,243001,,2026-08-12T10:54:09Z
https://boxd.it/anzM,Detective Byomkesh Bakshy!,2015,3.59,9940,,2026-08-12T10:54:10Z
https://boxd.it/1DB2,Detour,1945,3.82,49474,,2026-08-12T10:54:11Z
https://boxd.it/30ha7J,Detour,1945,4.0,,,2026-08-12T10:54:11Z
https://boxd.it/1L5I,Dev.D,2009,3.72,29377,,2026-08-12T10:54:12Z
https://boxd.it/1cEPYn,Dev.D,2009,4.0,,,2026-08-12T10:54:13Z
https://boxd.it/707u,Devasuram,1993,3.9,4209,,2026-08-12T10:54:13Z
https://boxd.it/4oPk,Devdas,1955,3.6,1282,,2026-08-12T10:54:14Z
https://boxd.it/Vt4,Devi,1960,4.08,15305,,2026-08-12T10:54:15Z
https://boxd.it/pmla,Devi,2020,3.74,1383,,2026-08-12T10:54:15Z
https://boxd.it/1c3s,Devil in the Flesh,1986,3.2,1493,,2026-08-12T10:54:16Z
https://boxd.it/2Q0U,Devilish Education,1995,3.35,210,,2026-08-12T10:54:17Z
https://boxd.it/1v16,Devils on the Doorstep,2000,4.26,6357,,2026-08-12T10:54:17Z
https://boxd.it/ppHI,Devs,2020,3.93,42613,,2026-08-12T10:54:18Z
https://boxd.it/ap3I,Dhanak,2015,3.62,2763,,2026-08-12T10:54:19Z
https://boxd.it/5Yfu,Dharavi,1991,3.61,446,,2026-08-12T10:54:20Z
https://boxd.it/tae,Dhobi Ghat,2010,3.69,6394,,2026-08-12T10:54:20Z
https://boxd.it/4nWY,Dhrupad,1983,3.75,417,,2026-08-12T10:54:21Z
https://boxd.it/etYQ,Dhruva,2016,3.41,4545,,2026-08-12T10:54:22Z
https://boxd.it/4h3BvV,Dhuin,2022,4.0,,,2026-08-12T10:54:23Z
https://boxd.it/yV2K,Dhuin,2022,3.62,1893,,2026-08-12T10:54:22Z
https://boxd.it/WcCbR,Dhuruvangal Pathinaaru,2016,4.5,,,2026-08-12T10:54:25Z
https://boxd.it/eCLG,Dhuruvangal Pathinaaru,2016,3.75,7288,,2026-08-12T10:54:24Z
https://boxd.it/29we,Diabolique,1955,4.19,93102,,2026-08-12T10:54:25Z
https://boxd.it/2adW,Dial M for Murder,1954,4.16,216979,,2026-08-12T10:54:26Z
https://boxd.it/WcBYN,Dial M for Murder,1954,4.0,,,2026-08-12T10:54:26Z
https://boxd.it/7zay,Dialogue of Shadows,2013,3.73,526,,2026-08-12T10:54:27Z
https://boxd.it/3rCG,Diamonds of the Night,1964,3.91,9179,,2026-08-12T10:54:28Z
https://boxd.it/3jtG,Diary of a Pregnant Woman,1958,3.69,9891,,2026-08-12T10:54:29Z
https://boxd.it/3ywg,Diary of a Shinjuku Thief,1969,3.33,3087,,2026-08-12T10:54:29Z
https://boxd.it/bg40,Diary of an African Nun,1977,3.81,3686,,2026-08-12T10:54:30Z
https://boxd.it/2a7u,Die Hard,1988,4.06,1251949,,2026-08-12T10:54:31Z
https://boxd.it/D5cI,Die My Love,2025,3.18,508914,,2026-08-12T10:54:31Z
https://boxd.it/1iWS,Die Nibelungen: Siegfried,1924,4.19,11853,,2026-08-12T10:54:32Z
https://boxd.it/1nuLQD,Dil Bechara,2020,3.5,,,2026-08-12T10:54:34Z
https://boxd.it/nYrQ,Dil Bechara,2020,3.14,15639,,2026-08-12T10:54:33Z
https://boxd.it/1Nsk,Dil Chahta Hai,2001,3.69,27312,,2026-08-12T10:54:35Z
https://boxd.it/WcBHH,Dil Chahta Hai,2001,4.0,,,2026-08-12T10:54:35Z
https://boxd.it/otU,Dillinger Is Dead,1969,3.7,5948,,2026-08-12T10:54:36Z
https://boxd.it/WcBX1,Dilwale,2015,2.5,,,2026-08-12T10:54:37Z
https://boxd.it/cR60,Dilwale,2015,2.68,31316,,2026-08-12T10:54:37Z
https://boxd.it/1F9k,Dilwale Dulhania Le Jayenge,1995,4.04,56066,,2026-08-12T10:54:38Z
https://boxd.it/3zBc0F,Dilwale Dulhania Le Jayenge,1995,3.5,,,2026-08-12T10:54:39Z
https://boxd.it/1FPq,Dimensions of Dialogue,1983,4.2,18016,,2026-08-12T10:54:39Z
https://boxd.it/2baY,Dirty Dancing,1987,3.77,926733,,2026-08-12T10:54:40Z
https://boxd.it/6fUu,Dirty Girls,2000,4.0,6850,,2026-08-12T10:54:41Z
https://boxd.it/299E,Dirty Harry,1971,3.84,186116,,2026-08-12T10:54:41Z
https://boxd.it/1Pnc,Disaster Movie,2008,1.22,59013,,2026-08-12T10:54:42Z
https://boxd.it/PDv4,Disclaimer,2024,3.73,42477,,2026-08-12T10:54:43Z
https://boxd.it/WcBPh,Dishoom,2016,2.5,,,2026-08-12T10:54:45Z
https://boxd.it/dKVW,Dishoom,2016,2.52,8169,,2026-08-12T10:54:44Z
https://boxd.it/1k28,Distant,2002,3.93,31509,,2026-08-12T10:54:45Z
https://boxd.it/Yv8,"Distant Voices, Still Lives",1988,4.01,14053,,2026-08-12T10:54:46Z
https://boxd.it/1Iik,District 9,2009,3.82,567423,,2026-08-12T10:54:47Z
https://boxd.it/dLDY,Divines,2016,3.86,32822,,2026-08-12T10:54:48Z
https://boxd.it/1DNs,Divorce Italian Style,1961,3.95,27394,,2026-08-12T10:54:49Z
https://boxd.it/8I7U,Dizziness,2001,3.74,2526,,2026-08-12T10:54:49Z
https://boxd.it/QkA2,DJ Mehdi: Made in France,2024,4.5,15659,,2026-08-12T10:54:50Z
https://boxd.it/1Vr0,Django,1966,3.81,68979,,2026-08-12T10:54:51Z
https://boxd.it/2cCk,Django Unchained,2012,4.34,3416047,,2026-08-12T10:54:52Z
https://boxd.it/WcBxd,Django Unchained,2012,4.5,,,2026-08-12T10:54:52Z
https://boxd.it/1cEQbB,Do Ankhen Barah Haath,1957,4.5,,,2026-08-12T10:54:54Z
https://boxd.it/2o40,Do Ankhen Barah Haath,1957,3.69,422,,2026-08-12T10:54:53Z
https://boxd.it/wVC,Do Dooni Chaar,2010,3.42,2126,,2026-08-12T10:54:54Z
https://boxd.it/zkHI,Do Not Expect Too Much from the End of the World,2023,3.94,36996,,2026-08-12T10:54:55Z
https://boxd.it/1XHajd,Do the Right Thing,1989,4.0,,,2026-08-12T10:54:56Z
https://boxd.it/29gA,Do the Right Thing,1989,4.4,557746,,2026-08-12T10:54:56Z
https://boxd.it/8MH8,Doctor Strange,2016,3.5,2166574,,2026-08-12T10:54:57Z
https://boxd.it/WcBol,Doctor Strange,2016,3.5,,,2026-08-12T10:54:58Z
https://boxd.it/1LJ4,Doctor Who,1996,3.31,19775,,2026-08-12T10:54:59Z
https://boxd.it/29jk,Doctor Zhivago,1965,3.99,66045,,2026-08-12T10:54:59Z
https://boxd.it/1iWI,Dodsworth,1936,3.8,8225,,2026-08-12T10:55:00Z
https://boxd.it/29bg,Dog Day Afternoon,1975,4.31,565753,,2026-08-12T10:55:01Z
https://boxd.it/WcCiX,Dog Day Afternoon,1975,4.0,,,2026-08-12T10:55:01Z
https://boxd.it/1Zm4,Dog Days,2001,3.65,4838,,2026-08-12T10:55:02Z
https://boxd.it/4L3I,Dog's Dialogue,1979,3.74,1468,,2026-08-12T10:55:03Z
https://boxd.it/1NCk,Dogfight,1991,3.86,26196,,2026-08-12T10:55:04Z
https://boxd.it/hniA,Dogman,2018,3.74,46343,,2026-08-12T10:55:04Z
https://boxd.it/j42i,Dogs Don't Wear Pants,2019,3.53,39108,,2026-08-12T10:55:05Z
https://boxd.it/158K,Dogtooth,2009,3.67,369326,,2026-08-12T10:55:06Z
https://boxd.it/2a8W,Dogville,2003,4.18,214495,,2026-08-12T10:55:07Z
https://boxd.it/29pi,Dolls,2002,3.87,15979,,2026-08-12T10:55:07Z
https://boxd.it/1SKo,Dolores Claiborne,1995,3.76,36319,,2026-08-12T10:55:08Z
https://boxd.it/6IvI,Dombivali Fast,2005,3.55,445,,2026-08-12T10:55:09Z
https://boxd.it/gXqy,Dominion,2018,4.26,9782,,2026-08-12T10:55:09Z
https://boxd.it/1g6A,Don,1978,3.66,4849,,2026-08-12T10:55:10Z
https://boxd.it/17lQ,Don's Plum,2001,2.52,4971,,2026-08-12T10:55:11Z
https://boxd.it/30ha8x,Don't Breathe,2016,3.0,,,2026-08-12T10:55:12Z
https://boxd.it/9yzw,Don't Breathe,2016,3.32,552795,,2026-08-12T10:55:11Z
https://boxd.it/47zE,Don't Change Hands,1975,3.48,824,,2026-08-12T10:55:13Z
https://boxd.it/29fC,Don't Look Now,1973,3.78,130270,,2026-08-12T10:55:13Z
https://boxd.it/20oq,Don't Look Now... We're Being Shot At!,1966,4.01,49607,,2026-08-12T10:55:14Z
https://boxd.it/sw9u,Don't Peek,2020,3.25,6713,,2026-08-12T10:55:15Z
https://boxd.it/Gfc,Don't Torture a Duckling,1972,3.67,34075,,2026-08-12T10:55:15Z
https://boxd.it/EUnY,Donks,2023,3.84,3372,,2026-08-12T10:55:16Z
https://boxd.it/2b2A,Donnie Darko,2001,3.98,2457024,,2026-08-12T10:55:17Z
https://boxd.it/WcBEj,Donnie Darko,2001,4.5,,,2026-08-12T10:55:17Z
https://boxd.it/2b3y,Dont Look Back,1967,4.13,32352,,2026-08-12T10:55:18Z
https://boxd.it/TZC,Doodlebug,1997,3.12,45908,,2026-08-12T10:55:19Z
https://boxd.it/WcBUh,Doodlebug,1997,4.0,,,2026-08-12T10:55:19Z
https://boxd.it/2N9E,Dookudu,2011,3.52,5501,,2026-08-12T10:55:20Z
https://boxd.it/rupI,Doomed Love,1978,4.05,1251,,2026-08-12T10:55:21Z
https://boxd.it/1nuLQX,Dor,2006,3.5,,,2026-08-12T10:55:22Z
https://boxd.it/QZY,Dor,2006,3.66,807,,2026-08-12T10:55:22Z
https://boxd.it/1KyY,Dororo,2007,3.18,950,,2026-08-12T10:55:23Z
https://boxd.it/py3W,Dororo,2019,4.14,25312,,2026-08-12T10:55:24Z
https://boxd.it/297I,Double Indemnity,1944,4.26,231829,,2026-08-12T10:55:25Z
https://boxd.it/WcBOX,Double Indemnity,1944,4.5,,,2026-08-12T10:55:25Z
https://boxd.it/iPCg,Double Labyrinthe,1976,3.88,1290,,2026-08-12T10:55:26Z
https://boxd.it/OSQ,Double Suicide,1969,3.94,5756,,2026-08-12T10:55:27Z
https://boxd.it/28CA,Down by Law,1986,4.08,85053,,2026-08-12T10:55:28Z
https://boxd.it/1cEQ6B,Downfall,2004,4.5,,,2026-08-12T10:55:29Z
https://boxd.it/2a04,Downfall,2004,4.13,175977,,2026-08-12T10:55:29Z
https://boxd.it/jvdM,Downton Abbey,2019,3.53,64708,,2026-08-12T10:55:30Z
https://boxd.it/1cbG,Dr. Caligari,1989,3.58,7966,,2026-08-12T10:55:31Z
https://boxd.it/2wqy,Dr. Horrible's Sing-Along Blog,2008,3.83,28512,,2026-08-12T10:55:32Z
https://boxd.it/25VO,Dr. Jekyll and Mr. Hyde,1931,3.76,28873,,2026-08-12T10:55:33Z
https://boxd.it/29eY,Dr. Strangelove or: How I Learned to Stop Worrying and Love the Bomb,1964,4.3,643565,,2026-08-12T10:55:33Z
https://boxd.it/WcC89,Dr. Strangelove or: How I Learned to Stop Worrying and Love the Bomb,1964,4.5,,,2026-08-12T10:55:34Z
https://boxd.it/1STA,Dracula,1958,3.6,58402,,2026-08-12T10:55:35Z
https://boxd.it/rpm,Dracula: Pages from a Virgin's Diary,2002,3.54,3617,,2026-08-12T10:55:36Z
https://boxd.it/1pci,Dragon Ball Z: Dead Zone,1989,3.02,22606,,2026-08-12T10:55:37Z
https://boxd.it/1ZZg,Dream,2008,3.41,2686,,2026-08-12T10:55:37Z
https://boxd.it/cRty,Dream English Kid 1964-1999 AD,2015,3.7,261,,2026-08-12T10:55:38Z
https://boxd.it/WcCwl,Dream Girl,2019,3.5,,,2026-08-12T10:55:39Z
https://boxd.it/lili,Dream Girl,2019,3.06,8247,,2026-08-12T10:55:39Z
https://boxd.it/oYWG,Dream Island Girl,1974,3.63,662,,2026-08-12T10:55:40Z
https://boxd.it/pD2a,Dream Journal 2016–2019,2019,3.63,743,,2026-08-12T10:55:41Z
https://boxd.it/3isM,Dream of Light,1992,4.07,5227,,2026-08-12T10:55:41Z
https://boxd.it/4ASA,Dream Work,2001,3.78,8805,,2026-08-12T10:55:42Z
https://boxd.it/1ROu,Dreams,1990,4.24,115149,,2026-08-12T10:55:42Z
https://boxd.it/KFnQ,Dreams,2024,3.85,30952,,2026-08-12T10:55:43Z
https://boxd.it/1hfy,Dreams That Money Can Buy,1947,3.66,1829,,2026-08-12T10:55:44Z
https://boxd.it/1UO8,Dressed to Kill,1980,3.63,128419,,2026-08-12T10:55:45Z
https://boxd.it/20tU,Drifting Clouds,1996,4.0,21612,,2026-08-12T10:55:46Z
https://boxd.it/9QaZVd,Drifting Clouds,1996,4.0,,,2026-08-12T10:55:46Z
https://boxd.it/7avm,Drishyam,2013,4.1,17886,,2026-08-12T10:55:47Z
https://boxd.it/IG,Drive,2011,3.91,2039063,,2026-08-12T10:55:48Z
https://boxd.it/WcClR,Drive,2011,4.0,,,2026-08-12T10:55:48Z
https://boxd.it/2n8Vqp,Drive My Car,2021,4.5,,,2026-08-12T10:55:50Z
https://boxd.it/sv94,Drive My Car,2021,4.21,391983,,2026-08-12T10:55:49Z
https://boxd.it/1rYe,Drowning by Numbers,1988,3.93,14465,,2026-08-12T10:55:50Z
https://boxd.it/2aj6,Drugstore Cowboy,1989,3.7,80345,,2026-08-12T10:55:51Z
https://boxd.it/jkI,Dry Summer,1963,3.79,10847,,2026-08-12T10:55:52Z
https://boxd.it/x66,Duck Amuck,1953,4.33,21841,,2026-08-12T10:55:52Z
https://boxd.it/2fTI,Duck Dodgers in the 24½th Century,1953,4.1,8965,,2026-08-12T10:55:53Z
https://boxd.it/1nuLvF,Duck Soup,1933,4.5,,,2026-08-12T10:55:54Z
https://boxd.it/25PG,Duck Soup,1933,3.92,69293,,2026-08-12T10:55:54Z
https://boxd.it/2ayU,"Duck, You Sucker",1971,3.96,44202,,2026-08-12T10:55:55Z
https://boxd.it/29ui,Duel,1971,3.81,136536,,2026-08-12T10:55:56Z
https://boxd.it/2WK,Duelle (Une Quarantaine),1976,3.85,8714,,2026-08-12T10:55:56Z
https://boxd.it/aA8O,Dum Laga Ke Haisha,2015,3.37,10251,,2026-08-12T10:55:57Z
https://boxd.it/206m,Dumb and Dumber,1994,3.39,505249,,2026-08-12T10:55:58Z
https://boxd.it/WcBix,Dumb and Dumber,1994,3.5,,,2026-08-12T10:55:59Z
https://boxd.it/1U2o,Dumbo,1941,3.4,321732,,2026-08-12T10:55:59Z
https://boxd.it/2n8Vm3,Dune,2021,4.0,,,2026-08-12T10:56:01Z
https://boxd.it/fA7G,Dune,2021,3.89,4342259,,2026-08-12T10:56:00Z
https://boxd.it/63crE7,Dune: Part Two,2024,4.0,,,2026-08-12T10:56:03Z
https://boxd.it/pUfA,Dune: Part Two,2024,4.38,3552277,,2026-08-12T10:56:02Z
https://boxd.it/WcC2P,Dunkirk,2017,4.5,,,2026-08-12T10:56:04Z
https://boxd.it/d0Y6,Dunkirk,2017,3.77,1960824,,2026-08-12T10:56:04Z
https://boxd.it/OcA,Dust in the Wind,1986,3.95,10161,,2026-08-12T10:56:05Z
https://boxd.it/6a3U,Dust of Angels,1992,3.78,2344,,2026-08-12T10:56:06Z
https://boxd.it/3xma,Duvidha,1973,3.89,5123,,2026-08-12T10:56:06Z
https://boxd.it/4h3BQz,Duvidha,1973,3.5,,,2026-08-12T10:56:07Z
https://boxd.it/BgWy,Dying,1976,3.87,561,,2026-08-12T10:56:08Z
https://boxd.it/KQ2u,Dying,2024,3.82,7721,,2026-08-12T10:56:08Z
https://boxd.it/9r1s,Dying of the Light,2014,2.62,9587,,2026-08-12T10:56:09Z
https://boxd.it/7ERM,Dyketactics,1974,3.74,3787,,2026-08-12T10:56:10Z
https://boxd.it/53Rc,Dyn Amo,1972,3.66,418,,2026-08-12T10:56:10Z
https://boxd.it/kYtw,Dynasties,2018,4.26,1937,,2026-08-12T10:56:11Z
https://boxd.it/43Jg,"Eadweard Muybridge, Zoopraxographer",1975,3.71,1328,,2026-08-12T10:56:12Z
https://boxd.it/1DkA,Early Spring,1956,4.02,8664,,2026-08-12T10:56:13Z
https://boxd.it/E4G,Early Summer,1951,4.2,22792,,2026-08-12T10:56:14Z
https://boxd.it/MP6,Earth,1930,3.78,12802,,2026-08-12T10:56:15Z
https://boxd.it/20Te,Earth,1998,3.61,2522,,2026-08-12T10:56:15Z
https://boxd.it/1V0I,Earth,2007,3.85,7540,,2026-08-12T10:56:16Z
https://boxd.it/2Yqc,Earth Light,1970,3.94,2172,,2026-08-12T10:56:17Z
https://boxd.it/1lJM,Earthlings,2005,4.1,10926,,2026-08-12T10:56:18Z
https://boxd.it/iAU0,Earthquake Bird,2019,2.9,13756,,2026-08-12T10:56:18Z
https://boxd.it/1xigd7,East of Eden,1955,4.5,,,2026-08-12T10:56:20Z
https://boxd.it/2aQE,East of Eden,1955,3.89,61402,,2026-08-12T10:56:19Z
https://boxd.it/1cEQjl,Eastern Promises,2007,4.0,,,2026-08-12T10:56:21Z
https://boxd.it/275q,Eastern Promises,2007,3.89,235995,,2026-08-12T10:56:20Z
https://boxd.it/29Ys,Easy Rider,1969,3.77,154599,,2026-08-12T10:56:21Z
https://boxd.it/1Wem,Eat Drink Man Woman,1994,4.14,45617,,2026-08-12T10:56:22Z
https://boxd.it/3FA,Eaux d'Artifice,1953,3.6,4792,,2026-08-12T10:56:23Z
https://boxd.it/zDVu,Echoed Silence,1998,3.77,820,,2026-08-12T10:56:23Z
https://boxd.it/2adM,Ed Wood,1994,4.04,184024,,2026-08-12T10:56:24Z
https://boxd.it/DYy,"Ed, Edd n Eddy's Big Picture Show",2009,3.94,7185,,2026-08-12T10:56:25Z
https://boxd.it/jHZe,Eduardo and Monica,2020,3.58,34795,,2026-08-12T10:56:25Z
https://boxd.it/E3y,Edvard Munch,1974,4.26,6468,,2026-08-12T10:56:26Z
https://boxd.it/jnYq,Ee Nagaraniki Emaindi?,2018,3.98,7896,,2026-08-12T10:56:26Z
https://boxd.it/hEtq,Ee.Ma.Yau.,2018,4.1,6731,,2026-08-12T10:56:27Z
https://boxd.it/sU4I,Eer,2021,3.59,2571,,2026-08-12T10:56:28Z
https://boxd.it/zgJ6,Eight Hours Don’t Make a Day,1972,4.32,2881,,2026-08-12T10:56:29Z
https://boxd.it/hDMG,Eighth Grade,2018,3.74,470421,,2026-08-12T10:56:30Z
https://boxd.it/1cEQ6h,Ek Hasina Thi,2004,3.5,,,2026-08-12T10:56:31Z
https://boxd.it/4mtQ,Ek Hasina Thi,2004,3.48,3225,,2026-08-12T10:56:30Z
https://boxd.it/rje,Ek Ruka Hua Faisla,1986,3.54,735,,2026-08-12T10:56:32Z
https://boxd.it/8r3G,Ek Villain,2014,3.3,14359,,2026-08-12T10:56:32Z
https://boxd.it/WcBJD,Ek Villain,2014,3.5,,,2026-08-12T10:56:33Z
https://boxd.it/l2gQ,Ekvtime: Man of God,2018,3.6,209,,2026-08-12T10:56:33Z
https://boxd.it/WcCwb,El Camino: A Breaking Bad Movie,2019,3.5,,,2026-08-12T10:56:35Z
https://boxd.it/kv0q,El Camino: A Breaking Bad Movie,2019,3.6,833372,,2026-08-12T10:56:34Z
https://boxd.it/f1iO,El satario,1907,3.11,858,,2026-08-12T10:56:35Z
https://boxd.it/JbM,El Sur,1983,4.15,22953,,2026-08-12T10:56:36Z
https://boxd.it/f9AzGT,El Sur,1983,4.5,,,2026-08-12T10:56:37Z
https://boxd.it/1QYS,El Topo,1970,3.77,67197,,2026-08-12T10:56:37Z
https://boxd.it/Ey38,Elaha,2023,3.59,1924,,2026-08-12T10:56:38Z
https://boxd.it/1Thi,Elegy,2008,3.27,5531,,2026-08-12T10:56:38Z
https://boxd.it/3WdW,Elegy of a Voyage,2001,3.97,1452,,2026-08-12T10:56:39Z
https://boxd.it/19aU,Elephant,1989,3.78,19974,,2026-08-12T10:56:40Z
https://boxd.it/294u,Elevator to the Gallows,1958,4.1,80454,,2026-08-12T10:56:40Z
https://boxd.it/30hadx,Elevator to the Gallows,1958,3.5,,,2026-08-12T10:56:41Z
https://boxd.it/pDma,Elfen Lied,2004,3.43,21423,,2026-08-12T10:56:42Z
https://boxd.it/37x2,Elippathayam,1982,3.78,1371,,2026-08-12T10:56:42Z
https://boxd.it/Jx4,Elite Squad: The Enemy Within,2010,3.97,104655,,2026-08-12T10:56:43Z
https://boxd.it/24cS,Elizabeth,1998,3.61,73569,,2026-08-12T10:56:44Z
https://boxd.it/bdhq,Elle,2016,3.71,98437,,2026-08-12T10:56:45Z
https://boxd.it/5Eio,Elsa the Rose,1966,3.68,3306,,2026-08-12T10:56:45Z
https://boxd.it/baba,Embrace of the Serpent,2015,4.21,42588,,2026-08-12T10:56:46Z
https://boxd.it/sLK6,Emicida: AmarElo - It's All for Yesterday,2020,4.25,13569,,2026-08-12T10:56:47Z
https://boxd.it/ewEO,Emilie Muller,1993,4.35,16304,,2026-08-12T10:56:47Z
https://boxd.it/1bmo,Emperor Tomato Ketchup,1971,3.31,2061,,2026-08-12T10:56:48Z
https://boxd.it/1X4i,Empire of the Sun,1987,3.86,125236,,2026-08-12T10:56:49Z
https://boxd.it/1PY8,Empire Records,1995,3.61,286400,,2026-08-12T10:56:49Z
https://boxd.it/61pW,End,1992,3.79,1634,,2026-08-12T10:56:50Z
https://boxd.it/aANs,Endless Poetry,2016,3.87,15536,,2026-08-12T10:56:50Z
https://boxd.it/5xtO,Enemy,2013,3.54,627794,,2026-08-12T10:56:51Z
https://boxd.it/3Weq,English Vinglish,2012,3.82,27366,,2026-08-12T10:56:52Z
https://boxd.it/ahdK,"English, August",1994,3.66,510,,2026-08-12T10:56:52Z
https://boxd.it/dRZc,Ennio,2021,4.11,19871,,2026-08-12T10:56:53Z
https://boxd.it/cghg,Ennu Ninte Moideen,2015,3.69,4536,,2026-08-12T10:56:54Z
https://boxd.it/1dy2,Enter the Void,2009,3.76,262658,,2026-08-12T10:56:55Z
https://boxd.it/RRG,Entr'acte,1924,3.7,9087,,2026-08-12T10:56:56Z
https://boxd.it/1XSs,Epic Movie,2007,1.4,87546,,2026-08-12T10:56:57Z
https://boxd.it/dc9a,Erased,2016,3.3,964,,2026-08-12T10:56:57Z
https://boxd.it/px1A,ERASED,2016,4.17,94477,,2026-08-12T10:56:58Z
https://boxd.it/299u,Eraserhead,1977,3.81,573160,,2026-08-12T10:56:59Z
https://boxd.it/2al2,Erin Brockovich,2000,3.91,428921,,2026-08-12T10:56:59Z
https://boxd.it/493A,Ernest & Celestine,2012,4.18,69647,,2026-08-12T10:57:00Z
https://boxd.it/2HSo,Eros + Massacre,1969,4.07,5167,,2026-08-12T10:57:01Z
https://boxd.it/294k,Escape from New York,1981,3.64,281525,,2026-08-12T10:57:01Z
https://boxd.it/er7U,Escape from the Newsroom,2002,4.03,2061,,2026-08-12T10:57:02Z
https://boxd.it/6YK,Eternal Sunshine of the Spotless Mind,2004,4.24,3709301,,2026-08-12T10:57:02Z
https://boxd.it/WcBLp,Eternal Sunshine of the Spotless Mind,2004,4.5,,,2026-08-12T10:57:03Z
https://boxd.it/LYtK,Eternity,2025,3.71,862109,,2026-08-12T10:57:04Z
https://boxd.it/1wSq,Eternity and a Day,1998,4.34,48729,,2026-08-12T10:57:04Z
https://boxd.it/chxFlz,Eternity and a Day,1998,5.0,,,2026-08-12T10:57:05Z
https://boxd.it/sJVQ,Ethos,2020,4.08,21478,,2026-08-12T10:57:06Z
https://boxd.it/16TC,Eureka,2000,4.29,12460,,2026-08-12T10:57:06Z
https://boxd.it/30ha4v,Eureka,2000,4.5,,,2026-08-12T10:57:07Z
https://boxd.it/1YTQ,EuroTrip,2004,3.21,263797,,2026-08-12T10:57:07Z
https://boxd.it/1zYm,Evangelion: 2.0 You Can (Not) Advance,2009,4.0,129491,,2026-08-12T10:57:08Z
https://boxd.it/mq76,Evaru,2019,3.61,5528,,2026-08-12T10:57:09Z
https://boxd.it/20d8,Event Horizon,1997,3.34,250661,,2026-08-12T10:57:09Z
https://boxd.it/3iaaPJ,Event Horizon,1997,3.0,,,2026-08-12T10:57:10Z
https://boxd.it/1JfQ,Everlasting Moments,2008,3.78,2883,,2026-08-12T10:57:11Z
https://boxd.it/gEhC,Every Day,2018,2.9,59551,,2026-08-12T10:57:11Z
https://boxd.it/UyWY,Every Living Breathing Moment,2025,3.84,2131,,2026-08-12T10:57:12Z
https://boxd.it/1eOq,Everyone Else,2009,3.72,6366,,2026-08-12T10:57:13Z
https://boxd.it/bbZv6j,Everyone Else,2009,4.0,,,2026-08-12T10:57:13Z
https://boxd.it/2R6s0j,Everything Everywhere All at Once,2022,4.5,,,2026-08-12T10:57:14Z
https://boxd.it/jUk4,Everything Everywhere All at Once,2022,4.24,4071950,,2026-08-12T10:57:14Z
https://boxd.it/29Ge,Evil Dead II,1987,3.99,481997,,2026-08-12T10:57:15Z
https://boxd.it/2n8VIt,Evil Dead II,1987,3.5,,,2026-08-12T10:57:16Z
https://boxd.it/HJrc,Evil Does Not Exist,2023,3.85,115808,,2026-08-12T10:57:16Z
https://boxd.it/j57y,Evil Genius,2018,3.63,22260,,2026-08-12T10:57:17Z
https://boxd.it/fSVY,Ex Libris: The New York Public Library,2017,3.99,5224,,2026-08-12T10:57:18Z
https://boxd.it/7T2k,Ex Machina,2015,3.96,1353101,,2026-08-12T10:57:18Z
https://boxd.it/WcBYX,Ex Machina,2015,4.0,,,2026-08-12T10:57:19Z
https://boxd.it/1mn8,Exam,2009,2.86,86734,,2026-08-12T10:57:19Z
https://boxd.it/2XMG,Excision,2012,3.19,42656,,2026-08-12T10:57:20Z
https://boxd.it/1Pn2,Exiled,2006,4.05,16666,,2026-08-12T10:57:21Z
https://boxd.it/13E0,Exit Through the Gift Shop,2010,3.97,68884,,2026-08-12T10:57:21Z
https://boxd.it/1DXW,Exotica,1994,3.96,37643,,2026-08-12T10:57:22Z
https://boxd.it/cOy02b,Exotica,1994,3.5,,,2026-08-12T10:57:22Z
https://boxd.it/SS1E,Exterior Night,2022,4.0,6676,,2026-08-12T10:57:23Z
https://boxd.it/4XJH3l,Extraction,2020,2.5,,,2026-08-12T10:57:25Z
https://boxd.it/jUjA,Extraction,2020,3.2,361669,,2026-08-12T10:57:24Z
https://boxd.it/3JF4,Extraordinary Stories,2008,4.12,5232,,2026-08-12T10:57:25Z
https://boxd.it/Ju,Extremely Loud & Incredibly Close,2011,3.14,57129,,2026-08-12T10:57:26Z
https://boxd.it/dl4o,Extremes of Pleasure,1984,3.82,652,,2026-08-12T10:57:27Z
https://boxd.it/1cEPWB,Eyes Wide Shut,1999,4.0,,,2026-08-12T10:57:28Z
https://boxd.it/2axs,Eyes Wide Shut,1999,3.98,1479401,,2026-08-12T10:57:27Z
https://boxd.it/1j9i,Eyes Without a Face,1960,3.92,177672,,2026-08-12T10:57:28Z
https://boxd.it/VxA,F for Fake,1973,4.2,63691,,2026-08-12T10:57:29Z
https://boxd.it/mXyk,Fabian: Going to the Dogs,2021,3.84,7952,,2026-08-12T10:57:30Z
https://boxd.it/1ns4,Face to Face,1976,3.88,9304,,2026-08-12T10:57:30Z
https://boxd.it/29I0,Face/Off,1997,3.59,339441,,2026-08-12T10:57:31Z
https://boxd.it/29Ia,Faces,1968,3.9,30060,,2026-08-12T10:57:32Z
https://boxd.it/g7ck,Faces Places,2017,4.14,49444,,2026-08-12T10:57:32Z
https://boxd.it/28fw,Fahrenheit 451,1966,3.51,42949,,2026-08-12T10:57:33Z
https://boxd.it/5eHM,Fake Blonde,2007,3.82,15071,,2026-08-12T10:57:34Z
https://boxd.it/4XJGwB,Falcon Lake,2022,4.0,,,2026-08-12T10:57:35Z
https://boxd.it/zHkW,Falcon Lake,2022,3.89,26233,,2026-08-12T10:57:34Z
https://boxd.it/1UkW,Fallen Angels,1995,4.16,739295,,2026-08-12T10:57:35Z
https://boxd.it/1xifNj,Fallen Angels,1995,4.0,,,2026-08-12T10:57:36Z
https://boxd.it/5oFHEr,Fallen Leaves,2023,3.5,,,2026-08-12T10:57:37Z
https://boxd.it/Bgew,Fallen Leaves,2023,3.8,215894,,2026-08-12T10:57:37Z
https://boxd.it/EDQY,Falling in Love Like in Movies,2023,4.13,50135,,2026-08-12T10:57:38Z
https://boxd.it/4GkO,Falling Leaves,1912,3.57,10870,,2026-08-12T10:57:38Z
https://boxd.it/Mfes,Familiar Touch,2024,3.75,8276,,2026-08-12T10:57:39Z
https://boxd.it/d8xC,Fan,2016,2.93,18711,,2026-08-12T10:57:40Z
https://boxd.it/6NLQ,Fandry,2013,3.82,3360,,2026-08-12T10:57:40Z
https://boxd.it/22go,Fanny and Alexander,1982,4.4,77772,,2026-08-12T10:57:41Z
https://boxd.it/lXFe,Fanny and Alexander,1984,4.52,22089,,2026-08-12T10:57:42Z
https://boxd.it/1WyQ,Fantastic Mr. Fox,2009,4.3,2912588,,2026-08-12T10:57:42Z
https://boxd.it/1cEQ91,Fantastic Mr. Fox,2009,4.0,,,2026-08-12T10:57:43Z
https://boxd.it/1KnQ,Fantastic Planet,1973,4.01,296855,,2026-08-12T10:57:43Z
https://boxd.it/1vtE,Fantozzi: White Collar Blues,1975,3.79,13526,,2026-08-12T10:57:44Z
https://boxd.it/1UTM,Farewell My Concubine,1993,4.4,79113,,2026-08-12T10:57:45Z
https://boxd.it/3xO4,Farewell to the Ark,1984,3.91,1994,,2026-08-12T10:57:45Z
https://boxd.it/2aHM,Fargo,1996,4.14,1435715,,2026-08-12T10:57:46Z
https://boxd.it/WcBlh,Fargo,1996,4.5,,,2026-08-12T10:57:47Z
https://boxd.it/2a6w,Fat Girl,2001,3.41,46917,,2026-08-12T10:57:47Z
https://boxd.it/2n8VtX,Fat Girl,2001,3.0,,,2026-08-12T10:57:48Z
https://boxd.it/j2MS,Fatal Pulse,2018,3.65,1183,,2026-08-12T10:57:48Z
https://boxd.it/I2k,Father and Daughter,2000,3.88,10921,,2026-08-12T10:57:49Z
https://boxd.it/TbK4,Fatherland,2026,3.6,9727,,2026-08-12T10:57:50Z
https://boxd.it/1Vxi,Faust,1926,4.13,39253,,2026-08-12T10:57:50Z
https://boxd.it/hIai,Faust Sonnengesang,2011,3.8,206,,2026-08-12T10:57:51Z
https://boxd.it/ifik,Fauve,2018,4.04,19004,,2026-08-12T10:57:52Z
https://boxd.it/zu9c,Favoriten,2024,3.84,2602,,2026-08-12T10:57:52Z
https://boxd.it/KHk,Favorites of the Moon,1984,3.57,994,,2026-08-12T10:57:53Z
https://boxd.it/gQLu,Fear & Shame,2017,4.01,12012,,2026-08-12T10:57:54Z
https://boxd.it/27Xs,Fear and Loathing in Las Vegas,1998,3.76,449496,,2026-08-12T10:57:54Z
https://boxd.it/9eOQ,Feast,2014,4.03,39962,,2026-08-12T10:57:55Z
https://boxd.it/en1S,Feeler,2016,3.72,807,,2026-08-12T10:57:56Z
https://boxd.it/2CGLwv,Female Prisoner #701: Scorpion,1972,3.5,,,2026-08-12T10:57:57Z
https://boxd.it/2rKo,Female Prisoner #701: Scorpion,1972,3.9,23173,,2026-08-12T10:57:56Z
https://boxd.it/1cvc,Female Prisoner Scorpion: Beast Stable,1973,3.69,6970,,2026-08-12T10:57:58Z
https://boxd.it/1326,Female Prisoner Scorpion: Jailhouse 41,1972,3.87,11093,,2026-08-12T10:57:58Z
https://boxd.it/dL6A,Fences,2016,3.65,135096,,2026-08-12T10:57:59Z
https://boxd.it/1YPY,Ferris Bueller's Day Off,1986,3.95,1441470,,2026-08-12T10:58:00Z
https://boxd.it/1sjm,"Feyzo, The Polite One",1978,3.73,11175,,2026-08-12T10:58:00Z
https://boxd.it/uec,Fiancés on the Bridge,1962,3.4,8833,,2026-08-12T10:58:01Z
https://boxd.it/5eFw,Fifi Howls from Happiness,2013,3.96,1604,,2026-08-12T10:58:02Z
https://boxd.it/2a9q,Fight Club,1999,4.27,5876505,,2026-08-12T10:58:02Z
https://boxd.it/WcBqB,Fight Club,1999,4.5,,,2026-08-12T10:58:03Z
https://boxd.it/Pag,Film,1965,3.83,7073,,2026-08-12T10:58:03Z
https://boxd.it/32NY,Filth,2013,3.49,96194,,2026-08-12T10:58:04Z
https://boxd.it/29UK,Final Fantasy VII: Advent Children,2005,3.33,44642,,2026-08-12T10:58:05Z
https://boxd.it/1xOu,Final Flight of the Osiris,2003,3.13,5096,,2026-08-12T10:58:06Z
https://boxd.it/72i,Finding Nemo,2003,4.02,2533549,,2026-08-12T10:58:06Z
https://boxd.it/WcBFV,Finding Nemo,2003,4.5,,,2026-08-12T10:58:07Z
https://boxd.it/FO8A,Fiona Apple: MTV Unplugged,1997,4.49,4327,,2026-08-12T10:58:07Z
https://boxd.it/6z8A,Fiorucci Made Me Hardcore,1999,3.84,1179,,2026-08-12T10:58:08Z
https://boxd.it/47Ce,Fire in Castilla (Tactilvision from the Moor of Fright),1961,4.07,2390,,2026-08-12T10:58:09Z
https://boxd.it/4mu0,Firefly,2005,3.87,1520,,2026-08-12T10:58:10Z
https://boxd.it/SjA,Fireworks,1947,3.81,13413,,2026-08-12T10:58:11Z
https://boxd.it/22mQ,Fireworks,1997,4.23,85821,,2026-08-12T10:58:11Z
https://boxd.it/2n8Vnv,Fireworks,1997,4.0,,,2026-08-12T10:58:12Z
https://boxd.it/1gGe,First Name: Carmen,1983,3.58,9397,,2026-08-12T10:58:12Z
https://boxd.it/eCII9t,First Reformed,2017,4.5,,,2026-08-12T10:58:13Z
https://boxd.it/go9C,First Reformed,2017,4.03,273432,,2026-08-12T10:58:13Z
https://boxd.it/1xBg,Fish Tank,2009,3.82,106737,,2026-08-12T10:58:14Z
https://boxd.it/MPA,Fists in the Pocket,1965,3.84,13069,,2026-08-12T10:58:15Z
https://boxd.it/WcBWH,Fitoor,2016,2.5,,,2026-08-12T10:58:16Z
https://boxd.it/d3Ri,Fitoor,2016,2.92,6700,,2026-08-12T10:58:16Z
https://boxd.it/1YV8,Fitzcarraldo,1982,4.13,92141,,2026-08-12T10:58:17Z
https://boxd.it/RZBC,Fiume o Morte!,2025,4.0,6049,,2026-08-12T10:58:18Z
https://boxd.it/1tww,Five Easy Pieces,1970,3.86,68704,,2026-08-12T10:58:18Z
https://boxd.it/4XJGYP,Five Easy Pieces,1970,4.0,,,2026-08-12T10:58:19Z
https://boxd.it/jP3i,"Five Year Diary, Reel 80: Emily Died (May 14–September 26, 1994)",1994,3.82,313,,2026-08-12T10:58:20Z
https://boxd.it/RVja,Fjord,2026,3.86,10503,,2026-08-12T10:58:20Z
https://boxd.it/bWtG,FLCL,2000,4.36,46234,,2026-08-12T10:58:21Z
https://boxd.it/mMSe,Flesh,2019,3.99,2547,,2026-08-12T10:58:21Z
https://boxd.it/d5Jg,Flex,2000,3.7,575,,2026-08-12T10:58:22Z
https://boxd.it/3okY,Flight of the Conchords: A Texan Odyssey,2006,4.08,2267,,2026-08-12T10:58:23Z
https://boxd.it/WcC5T,Flight of the Large Blue Fly,1905,3.5,,,2026-08-12T10:58:24Z
https://boxd.it/ducc,Flight of the Large Blue Fly,1905,3.28,1741,,2026-08-12T10:58:23Z
https://boxd.it/Omq,Flowers of Shanghai,1998,3.88,16238,,2026-08-12T10:58:24Z
https://boxd.it/w23a,Flux Gourmet,2022,3.27,16382,,2026-08-12T10:58:25Z
https://boxd.it/1UHc,Fly Away Home,1996,3.52,19582,,2026-08-12T10:58:26Z
https://boxd.it/RYg4,Follies,2025,3.59,3046,,2026-08-12T10:58:27Z
https://boxd.it/1Tj4,Following,1998,3.47,178766,,2026-08-12T10:58:28Z
https://boxd.it/WcBsH,Following,1998,4.5,,,2026-08-12T10:58:28Z
https://boxd.it/1cEQft,For a Few Dollars More,1965,4.5,,,2026-08-12T10:58:29Z
https://boxd.it/29eu,For a Few Dollars More,1965,4.25,280817,,2026-08-12T10:58:29Z
https://boxd.it/l9wQ,For Sama,2019,4.38,28654,,2026-08-12T10:58:30Z
https://boxd.it/1P6K,For the Birds,2000,3.56,77347,,2026-08-12T10:58:31Z
https://boxd.it/WcBEt,For the Birds,2000,4.0,,,2026-08-12T10:58:31Z
https://boxd.it/TI9g,Forbidden Fruits,2026,3.02,168610,,2026-08-12T10:58:32Z
https://boxd.it/23ty,Forbidden Games,1952,4.07,14668,,2026-08-12T10:58:33Z
https://boxd.it/WcBy1,Ford v Ferrari,2019,4.5,,,2026-08-12T10:58:34Z
https://boxd.it/ce74,Ford v Ferrari,2019,4.06,1106488,,2026-08-12T10:58:33Z
https://boxd.it/lOg,Foreign Land,1995,4.01,33398,,2026-08-12T10:58:34Z
https://boxd.it/2Xg6,Forest of Bliss,1986,3.58,996,,2026-08-12T10:58:35Z
https://boxd.it/7zvG,Forever a Woman,1955,4.1,6509,,2026-08-12T10:58:36Z
https://boxd.it/hAJE,Forgotten,2017,3.8,263371,,2026-08-12T10:58:36Z
https://boxd.it/olH8,Former Cult Member Hears Music for the First Time,2020,3.45,4978,,2026-08-12T10:58:37Z
https://boxd.it/728,Forrest Gump,1994,4.19,4168877,,2026-08-12T10:58:37Z
https://boxd.it/WcBiH,Forrest Gump,1994,4.5,,,2026-08-12T10:58:38Z
https://boxd.it/mfSg,Fosse/Verdon,2019,4.02,5812,,2026-08-12T10:58:39Z
https://boxd.it/vVvw,Fou de Bassan,2021,3.5,702,,2026-08-12T10:58:39Z
https://boxd.it/18QA,Four Adventures of Reinette and Mirabelle,1987,4.03,21361,,2026-08-12T10:58:40Z
https://boxd.it/30han3,Four Adventures of Reinette and Mirabelle,1987,4.0,,,2026-08-12T10:58:41Z
https://boxd.it/18do,Four Lions,2010,3.89,139717,,2026-08-12T10:58:41Z
https://boxd.it/4XJGCz,Four Lions,2010,4.0,,,2026-08-12T10:58:42Z
https://boxd.it/1XHab9,Four Nights of a Dreamer,1971,4.5,,,2026-08-12T10:58:43Z
https://boxd.it/qRa,Four Nights of a Dreamer,1971,3.84,30336,,2026-08-12T10:58:43Z
https://boxd.it/sPTc,Four Roads,2021,3.69,11100,,2026-08-12T10:58:44Z
https://boxd.it/29KA,Four Weddings and a Funeral,1994,3.33,356669,,2026-08-12T10:58:44Z
https://boxd.it/b376,Four Women,1975,3.91,2742,,2026-08-12T10:58:45Z
https://boxd.it/Xma,Fox and His Friends,1975,4.02,19874,,2026-08-12T10:58:46Z
https://boxd.it/fOqC,Foxtrot,2017,3.86,10288,,2026-08-12T10:58:46Z
https://boxd.it/dk80,Fragile as the World,2001,3.93,3266,,2026-08-12T10:58:47Z
https://boxd.it/pKsY,France Against the Robots,2020,3.53,1289,,2026-08-12T10:58:48Z
https://boxd.it/1nuLud,Frances Ha,2012,3.5,,,2026-08-12T10:58:49Z
https://boxd.it/41Xg,Frances Ha,2012,4.03,665729,,2026-08-12T10:58:49Z
https://boxd.it/3IYO,Francisca,1981,3.98,2453,,2026-08-12T10:58:50Z
https://boxd.it/1eFy,Frankenweenie,1984,3.53,40266,,2026-08-12T10:58:51Z
https://boxd.it/d6Ym,Frantz,2016,3.81,26118,,2026-08-12T10:58:51Z
https://boxd.it/2vWS,Franz Kafka's a Country Doctor,2007,3.84,5642,,2026-08-12T10:58:52Z
https://boxd.it/11Uxg,Fred again.. & Thomas Bangalter: Live at Alexandra Palace in London (USB002),2026,4.02,319,,2026-08-12T10:58:53Z
https://boxd.it/28p2,Freedom Writers,2007,3.78,254729,,2026-08-12T10:58:53Z
https://boxd.it/1X2c,French for Beginners,2006,3.09,3177,,2026-08-12T10:58:54Z
https://boxd.it/1f02,French Fried Vacation 2,1979,3.77,51757,,2026-08-12T10:58:54Z
https://boxd.it/4h3BTD,French Fried Vacation 2,1979,3.5,,,2026-08-12T10:58:55Z
https://boxd.it/2a62,Frenzy,1972,3.7,58616,,2026-08-12T10:58:56Z
https://boxd.it/28Vi,Frida,2002,3.66,133615,,2026-08-12T10:58:56Z
https://boxd.it/K5fm,Frida,2024,3.77,9411,,2026-08-12T10:58:57Z
https://boxd.it/7aFd49,Friday Night,2002,2.5,,,2026-08-12T10:58:58Z
https://boxd.it/QtS,Friday Night,2002,3.73,5018,,2026-08-12T10:58:58Z
https://boxd.it/24fs,Friday the 13th,1980,3.0,557907,,2026-08-12T10:58:59Z
https://boxd.it/2EPw,Friends of Friends,2002,3.5,299,,2026-08-12T10:58:59Z
https://boxd.it/1T4e,Fright Night,1985,3.56,144498,,2026-08-12T10:59:00Z
https://boxd.it/35JU,From the Clouds to the Resistance,1979,3.97,2082,,2026-08-12T10:59:00Z
https://boxd.it/d4wg,From the Land of the Moon,2016,3.32,4908,,2026-08-12T10:59:01Z
https://boxd.it/3yYk,From the Notebook of...,1972,4.07,1764,,2026-08-12T10:59:02Z
https://boxd.it/2BjW,From the Village to the City,1974,3.54,9033,,2026-08-12T10:59:02Z
https://boxd.it/2VCa,From Up on Poppy Hill,2011,3.75,307985,,2026-08-12T10:59:03Z
https://boxd.it/4lCs,Frozen Planet,2011,4.32,6785,,2026-08-12T10:59:04Z
https://boxd.it/2N24,Fruit of Paradise,1970,3.66,5637,,2026-08-12T10:59:04Z
https://boxd.it/1Bvm,Fuck,2005,3.31,1185,,2026-08-12T10:59:05Z
https://boxd.it/Fx4c,"Fuck Me, Richard",2023,3.47,456,,2026-08-12T10:59:05Z
https://boxd.it/SBU8,Fucktoys,2025,3.96,7684,,2026-08-12T10:59:06Z
https://boxd.it/yqMs,Fuelled,2021,3.92,4562,,2026-08-12T10:59:07Z
https://boxd.it/2a1Q,Full Metal Jacket,1987,4.2,1126311,,2026-08-12T10:59:07Z
https://boxd.it/WcCwF,Full Metal Jacket,1987,4.5,,,2026-08-12T10:59:08Z
https://boxd.it/1sxe,Full Moon in Paris,1984,3.82,16501,,2026-08-12T10:59:08Z
https://boxd.it/3zBd4N,Full Moon in Paris,1984,4.0,,,2026-08-12T10:59:09Z
https://boxd.it/vqs2,Full Time,2021,3.85,23427,,2026-08-12T10:59:10Z
https://boxd.it/17z4,Fun Is Beautiful,1980,3.56,5414,,2026-08-12T10:59:10Z
https://boxd.it/28Cg,Funeral Parade of Roses,1969,4.32,78439,,2026-08-12T10:59:11Z
https://boxd.it/3iaaXN,Funeral Parade of Roses,1969,5.0,,,2026-08-12T10:59:11Z
https://boxd.it/1WKM,Funny Games,1997,3.9,405929,,2026-08-12T10:59:12Z
https://boxd.it/1KR2,Funny Girl,1968,3.99,70447,,2026-08-12T10:59:13Z
https://boxd.it/79t7Bj,Furiosa: A Mad Max Saga,2024,4.0,,,2026-08-12T10:59:14Z
https://boxd.it/tABk,Furiosa: A Mad Max Saga,2024,3.77,1078019,,2026-08-12T10:59:14Z
https://boxd.it/4h3BBz,Fursat,2023,4.0,,,2026-08-12T10:59:15Z
https://boxd.it/EVeo,Fursat,2023,3.19,1055,,2026-08-12T10:59:15Z
https://boxd.it/vqks,Futura,2021,3.58,5115,,2026-08-12T10:59:16Z
https://boxd.it/215Y,Futurama: Bender's Big Score,2007,3.81,31721,,2026-08-12T10:59:17Z
https://boxd.it/kP0g,Fyre,2019,3.36,128466,,2026-08-12T10:59:18Z
https://boxd.it/heeY,Gali Guleiyan,2017,3.52,1484,,2026-08-12T10:59:19Z
https://boxd.it/njEE,Gamak Ghar,2019,3.74,2380,,2026-08-12T10:59:19Z
https://boxd.it/9Q5a,Gaman,1978,3.63,443,,2026-08-12T10:59:20Z
https://boxd.it/WcCuz,Game Over,2019,4.0,,,2026-08-12T10:59:21Z
https://boxd.it/kevw,Game Over,2019,3.19,7721,,2026-08-12T10:59:21Z
https://boxd.it/2Pq8,Gamyam,2008,3.66,1393,,2026-08-12T10:59:22Z
https://boxd.it/3UHK,Gangs of Wasseypur – Part 1,2012,4.05,41246,,2026-08-12T10:59:23Z
https://boxd.it/WcByb,Gangs of Wasseypur – Part 1,2012,4.5,,,2026-08-12T10:59:23Z
https://boxd.it/497i,Gangs of Wasseypur – Part 2,2012,4.2,33068,,2026-08-12T10:59:24Z
https://boxd.it/15Yw,Gangster,2006,3.33,1804,,2026-08-12T10:59:24Z
https://boxd.it/2asW,Garden State,2004,3.47,176509,,2026-08-12T10:59:25Z
https://boxd.it/ALXU,Gargi,2022,3.91,9624,,2026-08-12T10:59:26Z
https://boxd.it/5A2w,Garm Hava,1973,3.74,854,,2026-08-12T10:59:26Z
https://boxd.it/pj7u,Garuda Gamana Vrishabha Vahana,2021,3.84,8320,,2026-08-12T10:59:27Z
https://boxd.it/1PYs,Gaslight,1944,4.04,67352,,2026-08-12T10:59:28Z
https://boxd.it/FWO,Gasman,1998,3.79,6476,,2026-08-12T10:59:28Z
https://boxd.it/UHY,Gate of Hell,1953,3.67,8949,,2026-08-12T10:59:29Z
https://boxd.it/29Du,Gattaca,1997,3.82,402330,,2026-08-12T10:59:30Z
https://boxd.it/1cEQ4P,Geek Out,2013,3.0,,,2026-08-12T10:59:31Z
https://boxd.it/jHkg,Geetha Govindam,2018,3.26,9637,,2026-08-12T10:59:32Z
https://boxd.it/4I5c,Geethanjali,1989,3.75,2982,,2026-08-12T10:59:32Z
https://boxd.it/1sak,Gemini,1999,3.68,7689,,2026-08-12T10:59:33Z
https://boxd.it/2jmI,Generation Kill,2008,4.31,18884,,2026-08-12T10:59:34Z
https://boxd.it/5stY,Generation War,2013,4.12,12751,,2026-08-12T10:59:34Z
https://boxd.it/jyeo,Genesis,2018,3.52,3446,,2026-08-12T10:59:35Z
https://boxd.it/7YQ,Gentleman,1993,3.36,2024,,2026-08-12T10:59:35Z
https://boxd.it/WcC0p,Gentleman,1993,3.5,,,2026-08-12T10:59:36Z
https://boxd.it/RWdM,George Harrison: Living in the Material World,2011,4.16,27755,,2026-08-12T10:59:37Z
https://boxd.it/1P6U,Geri's Game,1997,3.81,76288,,2026-08-12T10:59:37Z
https://boxd.it/WcBpN,Geri's Game,1997,4.0,,,2026-08-12T10:59:38Z
https://boxd.it/7ueA,German Concentration Camps Factual Survey,2014,3.95,719,,2026-08-12T10:59:39Z
https://boxd.it/4LAW,Gerorist,1986,3.39,3343,,2026-08-12T10:59:39Z
https://boxd.it/1ec2,Gertrud,1964,3.92,11848,,2026-08-12T10:59:40Z
https://boxd.it/1cEQbL,Get Out,2017,4.5,,,2026-08-12T10:59:41Z
https://boxd.it/eOCm,Get Out,2017,4.13,4651176,,2026-08-12T10:59:41Z
https://boxd.it/24A6,Get Out Your Handkerchiefs,1978,3.48,4066,,2026-08-12T10:59:42Z
https://boxd.it/13h6,Getting Any?,1994,3.33,5008,,2026-08-12T10:59:42Z
https://boxd.it/1OP0,Ghajini,2008,3.52,33063,,2026-08-12T10:59:43Z
https://boxd.it/WcBlr,Ghajini,2008,3.0,,,2026-08-12T10:59:43Z
https://boxd.it/6qe,Ghilli,2004,3.96,13499,,2026-08-12T10:59:44Z
https://boxd.it/7E1c,Ghost,1984,3.93,8798,,2026-08-12T10:59:45Z
https://boxd.it/23Ne,Ghost Dog: The Way of the Samurai,1999,4.06,160969,,2026-08-12T10:59:45Z
https://boxd.it/1YYc,Ghost in the Shell,1995,4.09,467238,,2026-08-12T10:59:46Z
https://boxd.it/WcBk9,Ghost in the Shell,1995,4.5,,,2026-08-12T10:59:47Z
https://boxd.it/1OLW,Ghost in the Shell 2.0,2008,3.61,9364,,2026-08-12T10:59:47Z
https://boxd.it/1SrG,Ghost in the Shell 2: Innocence,2004,3.89,49593,,2026-08-12T10:59:48Z
https://boxd.it/g2w,Ghostbusters,1984,3.75,981757,,2026-08-12T10:59:49Z
https://boxd.it/MIO,Ghostwatch,1992,3.83,51568,,2026-08-12T10:59:50Z
https://boxd.it/XGOu,Gianmarco Soresi: Thief of Joy,2025,4.02,4283,,2026-08-12T10:59:50Z
https://boxd.it/28mC,Gigantic,1999,3.79,4704,,2026-08-12T10:59:51Z
https://boxd.it/L0Oy,GiGi,2023,3.91,3928,,2026-08-12T10:59:52Z
https://boxd.it/PDCa,Gilles Deleuze from A to Z,1995,4.06,814,,2026-08-12T10:59:52Z
https://boxd.it/2b42,Gimme Shelter,1970,4.04,29307,,2026-08-12T10:59:53Z
https://boxd.it/3nNg,Girl Walk // All Day,2011,3.98,1624,,2026-08-12T10:59:55Z
https://boxd.it/Fqo,Girl with a Suitcase,1961,3.88,4835,,2026-08-12T10:59:55Z
https://boxd.it/3JYU,Girlfriends,1978,3.89,30278,,2026-08-12T10:59:56Z
https://boxd.it/4XJH0h,Girlfriends,1978,3.5,,,2026-08-12T10:59:56Z
https://boxd.it/7yp8,Girls of the Night,1961,3.93,4551,,2026-08-12T10:59:57Z
https://boxd.it/2b9m,Gladiator,2000,4.2,2252379,,2026-08-12T10:59:58Z
https://boxd.it/WcBvh,Gladiator,2000,4.5,,,2026-08-12T10:59:58Z
https://boxd.it/55sdw1,Glass,1958,5.0,,,2026-08-12T10:59:59Z
https://boxd.it/y9K,Glass,1958,4.11,4747,,2026-08-12T10:59:59Z
https://boxd.it/3zBc3T,Glass Onion,2022,3.5,,,2026-08-12T11:00:00Z
https://boxd.it/oCkK,Glass Onion,2022,3.38,2979098,,2026-08-12T11:00:00Z
https://boxd.it/DVO,Go Go Tales,2007,3.6,3502,,2026-08-12T11:00:01Z
https://boxd.it/2dkc,"Go, Go Second Time Virgin",1969,3.78,5928,,2026-08-12T11:00:02Z
https://boxd.it/Hiky,God Turn Me Into A Flower,2023,3.83,296,,2026-08-12T11:00:02Z
https://boxd.it/EJE,God's Comedy,1995,3.96,2922,,2026-08-12T11:00:03Z
https://boxd.it/2n8VBH,God's Own Country,2017,4.0,,,2026-08-12T11:00:04Z
https://boxd.it/faZM,God's Own Country,2017,3.97,169879,,2026-08-12T11:00:04Z
https://boxd.it/4lDq,Godfather,1991,3.89,3561,,2026-08-12T11:00:05Z
https://boxd.it/e8aA,Godhi Banna Sadharana Mykattu,2016,3.6,1282,,2026-08-12T11:00:05Z
https://boxd.it/hAyG,Godless,2017,3.93,28126,,2026-08-12T11:00:06Z
https://boxd.it/6oSweB,Godzilla Minus One,2023,3.5,,,2026-08-12T11:00:08Z
https://boxd.it/zu4c,Godzilla Minus One,2023,4.08,934523,,2026-08-12T11:00:07Z
https://boxd.it/ahPO,Going Clear: Scientology and the Prison of Belief,2015,3.82,42293,,2026-08-12T11:00:08Z
https://boxd.it/24PU,Going Places,1974,3.42,13079,,2026-08-12T11:00:09Z
https://boxd.it/1m2k,Gol Maal,1979,3.88,3715,,2026-08-12T11:00:09Z
https://boxd.it/WcCmP,Gol Maal,1979,4.0,,,2026-08-12T11:00:10Z
https://boxd.it/1cEPUl,Goldman v Silverman,2020,3.5,,,2026-08-12T11:00:11Z
https://boxd.it/oIV8,Goldman v Silverman,2020,3.29,23239,,2026-08-12T11:00:11Z
https://boxd.it/4tXy,Goltzius & the Pelican Company,2012,3.53,1160,,2026-08-12T11:00:12Z
https://boxd.it/1ZG4,Gomorrah,2008,3.72,44359,,2026-08-12T11:00:12Z
https://boxd.it/23R6,Gone Baby Gone,2007,3.75,202366,,2026-08-12T11:00:13Z
https://boxd.it/6hQu,Gone Girl,2014,4.07,3239825,,2026-08-12T11:00:14Z
https://boxd.it/WcBBf,Gone Girl,2014,4.0,,,2026-08-12T11:00:14Z
https://boxd.it/gG4U,Good Girls,2016,3.45,547,,2026-08-12T11:00:15Z
https://boxd.it/gJCg,Good Luck,2017,3.54,314,,2026-08-12T11:00:15Z
https://boxd.it/Glua,"Good Luck, Have Fun, Don't Die",2025,3.38,277594,,2026-08-12T11:00:17Z
https://boxd.it/3pTU,"Good Men, Good Women",1995,3.74,2024,,2026-08-12T11:00:18Z
https://boxd.it/3iaaVn,Good Time,2017,4.0,,,2026-08-12T11:00:19Z
https://boxd.it/fcFu,Good Time,2017,3.98,805850,,2026-08-12T11:00:18Z
https://boxd.it/2ahY,Good Will Hunting,1997,4.39,3470356,,2026-08-12T11:00:19Z
https://boxd.it/WcBmT,Good Will Hunting,1997,4.0,,,2026-08-12T11:00:20Z
https://boxd.it/jGLg,Goodachari,2018,3.61,5787,,2026-08-12T11:00:21Z
https://boxd.it/2SYW,Goodbye First Love,2011,3.61,11785,,2026-08-12T11:00:21Z
https://boxd.it/yqt6,Goodbye Jerome!,2021,4.1,9557,,2026-08-12T11:00:22Z
https://boxd.it/3PMA,Goodbye to Language,2014,3.39,18361,,2026-08-12T11:00:22Z
https://boxd.it/oFG,"Goodbye, Dragon Inn",2003,3.96,51373,,2026-08-12T11:00:23Z
https://boxd.it/29FA,GoodFellas,1990,4.46,2282322,,2026-08-12T11:00:24Z
https://boxd.it/WcCD7,GoodFellas,1990,4.5,,,2026-08-12T11:00:24Z
https://boxd.it/1158k,"Gorillaz Present: The Mountain, The Moon Cave and The Sad God",2026,4.33,11258,,2026-08-12T11:00:25Z
https://boxd.it/1RTa,Gozu,2003,3.68,19533,,2026-08-12T11:00:25Z
https://boxd.it/d0vI,Graduation,2016,3.75,14868,,2026-08-12T11:00:26Z
https://boxd.it/1Qzy,Gran Torino,2008,3.84,521307,,2026-08-12T11:00:27Z
https://boxd.it/1cEPVD,Gran Torino,2008,4.5,,,2026-08-12T11:00:27Z
https://boxd.it/1f2C,Grand Hotel,1932,3.53,22209,,2026-08-12T11:00:28Z
https://boxd.it/29Ei,Grand Illusion,1937,4.2,51312,,2026-08-12T11:00:29Z
https://boxd.it/FqI,Grass Labyrinth,1979,3.86,4161,,2026-08-12T11:00:29Z
https://boxd.it/f8mSmr,Grass Labyrinth,1979,4.0,,,2026-08-12T11:00:30Z
https://boxd.it/1RUM,Grave of the Fireflies,1988,4.48,1318567,,2026-08-12T11:00:31Z
https://boxd.it/WcCyh,Grave of the Fireflies,1988,4.5,,,2026-08-12T11:00:31Z
https://boxd.it/GZY,Gravity,2013,3.52,910650,,2026-08-12T11:00:32Z
https://boxd.it/WcBrT,Gravity,2013,4.0,,,2026-08-12T11:00:33Z
https://boxd.it/29YW,Grease,1978,3.57,1189276,,2026-08-12T11:00:34Z
https://boxd.it/1OjS,Great Expectations,1946,3.79,19861,,2026-08-12T11:00:34Z
https://boxd.it/4h3Brz,Great Freedom,2021,3.5,,,2026-08-12T11:00:35Z
https://boxd.it/vwpe,Great Freedom,2021,3.99,36913,,2026-08-12T11:00:35Z
https://boxd.it/WcCeV,Green Book,2018,4.5,,,2026-08-12T11:00:36Z
https://boxd.it/hErk,Green Book,2018,3.89,1256059,,2026-08-12T11:00:36Z
https://boxd.it/UBrO,Green Porno,2008,3.99,6867,,2026-08-12T11:00:37Z
https://boxd.it/a75m,Green Room,2015,3.62,376232,,2026-08-12T11:00:38Z
https://boxd.it/12Vk,Green Snake,1993,4.01,13279,,2026-08-12T11:00:38Z
https://boxd.it/1INM,Grey Gardens,1975,4.08,67157,,2026-08-12T11:00:39Z
https://boxd.it/8Mcu,Grim,1985,4.09,6227,,2026-08-12T11:00:39Z
https://boxd.it/8RwY,Grindhouse,2007,3.7,92355,,2026-08-12T11:00:40Z
https://boxd.it/2b3e,Groundhog Day,1993,3.81,927553,,2026-08-12T11:00:41Z
https://boxd.it/WcBi3,Groundhog Day,1993,4.5,,,2026-08-12T11:00:41Z
https://boxd.it/3VH2,Guardians of the Galaxy,2014,3.85,3215768,,2026-08-12T11:00:42Z
https://boxd.it/WcByF,Guardians of the Galaxy,2014,3.5,,,2026-08-12T11:00:43Z
https://boxd.it/2Oa4,Guide,1965,3.88,3743,,2026-08-12T11:00:43Z
https://boxd.it/WcC9r,Guide,1965,4.5,,,2026-08-12T11:00:44Z
https://boxd.it/2OAQ,Guilty of Romance,2011,3.74,14463,,2026-08-12T11:00:44Z
https://boxd.it/1BAw,Gulaal,2009,3.8,7791,,2026-08-12T11:00:45Z
https://boxd.it/WcBp9,Gulaal,2009,4.0,,,2026-08-12T11:00:46Z
https://boxd.it/WcBCR,Gully Boy,2019,4.5,,,2026-08-12T11:00:47Z
https://boxd.it/hHXo,Gully Boy,2019,3.72,30072,,2026-08-12T11:00:46Z
https://boxd.it/iHgm,Gultoo,2018,3.37,400,,2026-08-12T11:00:47Z
https://boxd.it/8qg,Gunaa,1991,3.7,3230,,2026-08-12T11:00:48Z
https://boxd.it/4wUW,Gunda,1998,3.24,551,,2026-08-12T11:00:49Z
https://boxd.it/WcC21,Gunda,1998,4.0,,,2026-08-12T11:00:49Z
https://boxd.it/33lm,Gundamma Katha,1962,3.76,728,,2026-08-12T11:00:50Z
https://boxd.it/8BIY,Guru,1997,3.75,1998,,2026-08-12T11:00:51Z
https://boxd.it/1Lyq,Guru,2007,3.42,12796,,2026-08-12T11:00:51Z
https://boxd.it/WcC2l,Guru,2007,3.5,,,2026-08-12T11:00:52Z
https://boxd.it/L3Fu,Gustaakh Ishq,2025,3.39,1129,,2026-08-12T11:00:52Z
https://boxd.it/j0sQ,Gusto Kita With All My Hypothalamus,2018,3.6,10210,,2026-08-12T11:00:53Z
https://boxd.it/ZbI,Guzaarish,2010,3.6,9481,,2026-08-12T11:00:54Z
https://boxd.it/ZsYE,"Ha-Chan, Shake Your Booty!",2026,3.71,1799,,2026-08-12T11:00:54Z
https://boxd.it/3PAu,Haasil,2003,3.46,686,,2026-08-12T11:00:55Z
https://boxd.it/1cEPS5,Hachi: A Dog's Tale,2009,3.5,,,2026-08-12T11:00:56Z
https://boxd.it/1q4a,Hachi: A Dog's Tale,2009,3.91,305193,,2026-08-12T11:00:56Z
https://boxd.it/WcBzX,Hacksaw Ridge,2016,4.0,,,2026-08-12T11:00:57Z
https://boxd.it/azew,Hacksaw Ridge,2016,4.06,1205512,,2026-08-12T11:00:57Z
https://boxd.it/Th8A,Hadestown: The Musical,2026,4.46,96065,,2026-08-12T11:00:58Z
https://boxd.it/1gDk,Hail Mary,1985,3.65,10562,,2026-08-12T11:00:59Z
https://boxd.it/dnSq1t,Hail Mary,1985,3.5,,,2026-08-12T11:00:59Z
https://boxd.it/5mrC,"Hail, Sarajevo",1993,4.1,15277,,2026-08-12T11:01:00Z
https://boxd.it/jwGA,HAIM / Valentine,2017,3.96,5438,,2026-08-12T11:01:00Z
https://boxd.it/6m4U,Hairpin Circus,1972,3.73,1586,,2026-08-12T11:01:01Z
https://boxd.it/WcC7v,Half Girlfriend,2017,2.0,,,2026-08-12T11:01:02Z
https://boxd.it/eBaE,Half Girlfriend,2017,2.3,5598,,2026-08-12T11:01:02Z
https://boxd.it/2wRu,Halloween,1978,3.76,1132940,,2026-08-12T11:01:03Z
https://boxd.it/WcClx,Halloween,1978,4.0,,,2026-08-12T11:01:04Z
https://boxd.it/1yda,Halloween II,2009,2.35,108516,,2026-08-12T11:01:05Z
https://boxd.it/1nuLRB,Hamilton,2020,4.5,,,2026-08-12T11:01:06Z
https://boxd.it/kmvE,Hamilton,2020,4.29,736695,,2026-08-12T11:01:05Z
https://boxd.it/1VZc,Hamlet,1996,3.67,42956,,2026-08-12T11:01:07Z
https://boxd.it/d48F4J,Hamnet,2025,3.5,,,2026-08-12T11:01:08Z
https://boxd.it/woVy,Hamnet,2025,4.2,1661021,,2026-08-12T11:01:07Z
https://boxd.it/d1Aa,Hands of Bresson,2014,3.81,1716,,2026-08-12T11:01:08Z
https://boxd.it/1GDK,Hands on a Hardbody: The Documentary,1997,4.0,9217,,2026-08-12T11:01:09Z
https://boxd.it/hyeE,Hanging Upside Down in the Branches,2009,3.61,243,,2026-08-12T11:01:09Z
https://boxd.it/23jy,Hannah and Her Sisters,1986,3.99,94792,,2026-08-12T11:01:10Z
https://boxd.it/1XVc,Hannibal,2001,3.3,382104,,2026-08-12T11:01:11Z
https://boxd.it/WcC8N,Hans Zimmer: Live in Prague,2017,5.0,,,2026-08-12T11:01:12Z
https://boxd.it/frhC,Hans Zimmer: Live in Prague,2017,4.38,4800,,2026-08-12T11:01:11Z
https://boxd.it/4i48,Hapax Legomena I: (nostalgia),1971,3.88,2940,,2026-08-12T11:01:12Z
https://boxd.it/tRts,Happening,2021,4.0,60356,,2026-08-12T11:01:13Z
https://boxd.it/1VEe,Happiness,1998,3.97,131897,,2026-08-12T11:01:14Z
https://boxd.it/hiVs,Happy as Lazzaro,2018,4.08,88866,,2026-08-12T11:01:14Z
https://boxd.it/5ZVc,Happy Days,2007,3.71,3523,,2026-08-12T11:01:15Z
https://boxd.it/B4o,Happy End,1967,4.03,4169,,2026-08-12T11:01:16Z
https://boxd.it/bXge,Happy Hour,2015,4.24,14697,,2026-08-12T11:01:16Z
https://boxd.it/nglu,Happy Old Year,2019,3.89,26582,,2026-08-12T11:01:17Z
https://boxd.it/3adu,Happy People: A Year in the Taiga,2010,3.9,10407,,2026-08-12T11:01:18Z
https://boxd.it/1Ha0,Happy Together,1997,4.21,257992,,2026-08-12T11:01:18Z
https://boxd.it/2n8Vnl,Happy Together,1997,4.0,,,2026-08-12T11:01:19Z
https://boxd.it/7lpY,Happy Valley,2014,3.68,2431,,2026-08-12T11:01:19Z
https://boxd.it/53hI,Happy-Go-Lucky,1997,3.84,1491,,2026-08-12T11:01:20Z
https://boxd.it/1W68,Happy-Go-Lucky,2008,3.85,41010,,2026-08-12T11:01:21Z
https://boxd.it/9P9eQp,Happyend,2024,4.5,,,2026-08-12T11:01:22Z
https://boxd.it/rnUa,Happyend,2024,4.01,37665,,2026-08-12T11:01:21Z
https://boxd.it/1NTU,Harakiri,1962,4.68,253024,,2026-08-12T11:01:22Z
https://boxd.it/1cEQdR,Harakiri,1962,4.5,,,2026-08-12T11:01:23Z
https://boxd.it/1T6a,Hard Boiled,1992,4.2,138519,,2026-08-12T11:01:23Z
https://boxd.it/26vs,Hard Candy,2005,3.5,147397,,2026-08-12T11:01:24Z
https://boxd.it/20DU,Hard Eight,1996,3.62,143069,,2026-08-12T11:01:25Z
https://boxd.it/1uEw,Hard Ticket to Hawaii,1987,3.09,13644,,2026-08-12T11:01:25Z
https://boxd.it/3Ido,Hard to Be a God,2013,3.83,17874,,2026-08-12T11:01:26Z
https://boxd.it/CiDq,Hard Truths,2024,3.83,67736,,2026-08-12T11:01:27Z
https://boxd.it/1chY,Harishchandrachi Factory,2009,3.63,1216,,2026-08-12T11:01:27Z
https://boxd.it/1cEQnH,Harmony with A. R. Rahman,2018,5.0,,,2026-08-12T11:01:28Z
https://boxd.it/2axM,Harold and Maude,1971,4.11,153912,,2026-08-12T11:01:29Z
https://boxd.it/29QI,Harry Potter and the Chamber of Secrets,2002,3.65,2583696,,2026-08-12T11:01:30Z
https://boxd.it/WcBHR,Harry Potter and the Chamber of Secrets,2002,3.0,,,2026-08-12T11:01:30Z
https://boxd.it/1RYu,Harry Potter and the Deathly Hallows: Part 1,2010,3.75,2139190,,2026-08-12T11:01:31Z
https://boxd.it/WcCwv,Harry Potter and the Deathly Hallows: Part 1,2010,3.5,,,2026-08-12T11:01:32Z
https://boxd.it/1RYk,Harry Potter and the Deathly Hallows: Part 2,2011,4.04,2316728,,2026-08-12T11:01:33Z
https://boxd.it/WcBnd,Harry Potter and the Deathly Hallows: Part 2,2011,4.5,,,2026-08-12T11:01:33Z
https://boxd.it/29Qo,Harry Potter and the Goblet of Fire,2005,3.9,2597426,,2026-08-12T11:01:34Z
https://boxd.it/WcBKB,Harry Potter and the Goblet of Fire,2005,4.0,,,2026-08-12T11:01:34Z
https://boxd.it/29FU,Harry Potter and the Half-Blood Prince,2009,3.75,2181312,,2026-08-12T11:01:35Z
https://boxd.it/WcBVp,Harry Potter and the Half-Blood Prince,2009,4.0,,,2026-08-12T11:01:35Z
https://boxd.it/29Qe,Harry Potter and the Order of the Phoenix,2007,3.72,2301882,,2026-08-12T11:01:36Z
https://boxd.it/WcBQ5,Harry Potter and the Order of the Phoenix,2007,3.5,,,2026-08-12T11:01:37Z
https://boxd.it/29QS,Harry Potter and the Philosopher's Stone,2001,3.83,3178187,,2026-08-12T11:01:37Z
https://boxd.it/WcBDv,Harry Potter and the Philosopher's Stone,2001,3.5,,,2026-08-12T11:01:38Z
https://boxd.it/29Qy,Harry Potter and the Prisoner of Azkaban,2004,4.15,3190975,,2026-08-12T11:01:39Z
https://boxd.it/WcBIF,Harry Potter and the Prisoner of Azkaban,2004,3.5,,,2026-08-12T11:01:39Z
https://boxd.it/7Lo8,Haru,1996,4.17,15839,,2026-08-12T11:01:40Z
https://boxd.it/1Cp0,Harvie Krumpet,2003,3.97,15050,,2026-08-12T11:01:41Z
https://boxd.it/gn6M,Hasan Minhaj: Homecoming King,2017,4.08,14159,,2026-08-12T11:01:41Z
https://boxd.it/2Hkw,Hawaiian Vacation,2011,3.28,29852,,2026-08-12T11:01:42Z
https://boxd.it/Njam,Hayao Miyazaki and the Heron,2024,4.23,15548,,2026-08-12T11:01:43Z
https://boxd.it/1BI6,Hazaaron Khwaishein Aisi,2003,3.73,3607,,2026-08-12T11:01:43Z
https://boxd.it/WcBUr,Hazaaron Khwaishein Aisi,2003,4.0,,,2026-08-12T11:01:44Z
https://boxd.it/44A,He Knows You're Alone,1980,2.69,4474,,2026-08-12T11:01:44Z
https://boxd.it/1rDg,He Who Gets Slapped,1924,3.98,11131,,2026-08-12T11:01:45Z
https://boxd.it/8B7t2V,He Who Gets Slapped,1924,4.5,,,2026-08-12T11:01:46Z
https://boxd.it/2awk,Head-On,2004,4.06,67091,,2026-08-12T11:01:46Z
https://boxd.it/2sWA,Headhunters,2011,3.72,37268,,2026-08-12T11:01:47Z
https://boxd.it/bfqu,Heart and Guts,1982,3.7,1483,,2026-08-12T11:01:48Z
https://boxd.it/4XJGTZ,Heart Attack,2015,4.0,,,2026-08-12T11:01:49Z
https://boxd.it/c6uu,Heart Attack,2015,3.92,9572,,2026-08-12T11:01:48Z
https://boxd.it/TRI,Heart of a Dog,1988,3.97,8099,,2026-08-12T11:01:50Z
https://boxd.it/4XJGDn,Heart of Stone,2023,2.0,,,2026-08-12T11:01:51Z
https://boxd.it/r91A,Heart of Stone,2023,2.24,68221,,2026-08-12T11:01:50Z
https://boxd.it/WSE,Hearts and Minds,1974,4.18,7936,,2026-08-12T11:01:52Z
https://boxd.it/24ai,Hearts of Darkness: A Filmmaker's Apocalypse,1991,4.22,68213,,2026-08-12T11:01:52Z
https://boxd.it/NJy0,Hearts on Fire,2025,3.76,37515,,2026-08-12T11:01:53Z
https://boxd.it/2bg8,Heat,1995,4.32,1258432,,2026-08-12T11:01:53Z
https://boxd.it/5oFH8P,Heat,1995,4.0,,,2026-08-12T11:01:55Z
https://boxd.it/26x4,Heathers,1989,3.78,748158,,2026-08-12T11:01:56Z
https://boxd.it/j2Xc,Heaven Is Still Far Away,2016,3.85,4649,,2026-08-12T11:01:57Z
https://boxd.it/8P1a,Heaven Knows What,2014,3.66,51721,,2026-08-12T11:01:57Z
https://boxd.it/1V2k,Heaven's Gate,1980,3.78,26801,,2026-08-12T11:01:58Z
https://boxd.it/4toe,Heaven's Story,2010,3.8,604,,2026-08-12T11:01:58Z
https://boxd.it/2974,Heavenly Creatures,1994,3.78,81033,,2026-08-12T11:01:59Z
https://boxd.it/1bgA,Hedgehog in the Fog,1975,4.2,27916,,2026-08-12T11:02:00Z
https://boxd.it/1Nnk,Heima,2007,4.16,4869,,2026-08-12T11:02:00Z
https://boxd.it/mKpY,Heimat,1984,4.35,1851,,2026-08-12T11:02:01Z
https://boxd.it/bfGM,Hell or High Water,2016,3.93,370988,,2026-08-12T11:02:02Z
https://boxd.it/njhA,Hellaro,2019,3.75,1174,,2026-08-12T11:02:03Z
https://boxd.it/uyG,"Help Me, Eros",2007,3.7,2044,,2026-08-12T11:02:03Z
https://boxd.it/3ybW,Helter Skelter,2012,3.87,117177,,2026-08-12T11:02:04Z
https://boxd.it/1Qn8,Helvetica,2007,3.53,11620,,2026-08-12T11:02:05Z
https://boxd.it/1HJE,Henry & June,1990,3.2,7692,,2026-08-12T11:02:05Z
https://boxd.it/1VCM,Henry: Portrait of a Serial Killer,1986,3.55,69570,,2026-08-12T11:02:06Z
https://boxd.it/4O24,Her,2013,3.96,2271449,,2026-08-12T11:02:06Z
https://boxd.it/WcBw5,Her,2013,4.0,,,2026-08-12T11:02:07Z
https://boxd.it/iT5q,Her Smell,2018,3.49,30998,,2026-08-12T11:02:07Z
https://boxd.it/1BBO,Hera Pheri,2000,3.87,20638,,2026-08-12T11:02:08Z
https://boxd.it/WcBDZ,Hera Pheri,2000,4.0,,,2026-08-12T11:02:09Z
https://boxd.it/536U,Here I Am,1962,3.46,393,,2026-08-12T11:02:09Z
https://boxd.it/1cEQjv,Hereditary,2018,4.0,,,2026-08-12T11:02:11Z
https://boxd.it/hNVe,Hereditary,2018,3.92,2803669,,2026-08-12T11:02:10Z
https://boxd.it/2bcq,Hero,2002,4.01,125347,,2026-08-12T11:02:11Z
https://boxd.it/3xFG,Heroic Purgatory,1970,3.99,3353,,2026-08-12T11:02:12Z
https://boxd.it/2kky,Herostratus,1967,3.63,876,,2026-08-12T11:02:13Z
https://boxd.it/4XJGLV,Hey Ram,2000,4.0,,,2026-08-12T11:02:14Z
https://boxd.it/fGg,Hey Ram,2000,4.11,11513,,2026-08-12T11:02:14Z
https://boxd.it/1RSc,High and Low,1963,4.61,222757,,2026-08-12T11:02:15Z
https://boxd.it/1cEQev,High and Low,1963,4.5,,,2026-08-12T11:02:16Z
https://boxd.it/1xifTL,High Fidelity,2000,4.0,,,2026-08-12T11:02:17Z
https://boxd.it/2aMW,High Fidelity,2000,3.6,279103,,2026-08-12T11:02:16Z
https://boxd.it/2aGa,High Noon,1952,3.99,97387,,2026-08-12T11:02:18Z
https://boxd.it/8MSU,Hill of Freedom,2014,3.75,8185,,2026-08-12T11:02:18Z
https://boxd.it/34d4,Himiko,1974,3.87,5797,,2026-08-12T11:02:19Z
https://boxd.it/6jjYll,Himiko,1974,4.0,,,2026-08-12T11:02:19Z
https://boxd.it/9fps,Himself as Herself,1967,3.54,237,,2026-08-12T11:02:20Z
https://boxd.it/WcC8X,Hindi Medium,2017,4.0,,,2026-08-12T11:02:22Z
https://boxd.it/giPi,Hindi Medium,2017,3.61,14346,,2026-08-12T11:02:21Z
https://boxd.it/fhLM,Hinterlands,2016,3.81,1929,,2026-08-12T11:02:23Z
https://boxd.it/1XHa8f,Hiroshima Mon Amour,1959,5.0,,,2026-08-12T11:02:24Z
https://boxd.it/22WY,Hiroshima Mon Amour,1959,4.15,156079,,2026-08-12T11:02:23Z
https://boxd.it/25M8,His Girl Friday,1940,4.03,128961,,2026-08-12T11:02:24Z
https://boxd.it/8ZyZO3,"His Motorbike, Her Island",1986,4.0,,,2026-08-12T11:02:26Z
https://boxd.it/9uk8,"His Motorbike, Her Island",1986,4.09,22367,,2026-08-12T11:02:25Z
https://boxd.it/Mvuc,Histoire(s) du cinéma,1989,4.15,5713,,2026-08-12T11:02:26Z
https://boxd.it/rQx0,"history of the entire world, i guess",2017,4.43,71415,,2026-08-12T11:02:27Z
https://boxd.it/o7Ho,History of the Occult,2020,3.56,21592,,2026-08-12T11:02:27Z
https://boxd.it/3iaaRl,Hit the Road,2021,4.0,,,2026-08-12T11:02:29Z
https://boxd.it/vBVO,Hit the Road,2021,3.99,43392,,2026-08-12T11:02:28Z
https://boxd.it/biqi,Hitchcock/Truffaut,2015,3.65,15100,,2026-08-12T11:02:29Z
https://boxd.it/1Ka8,Hobson's Choice,1954,3.85,9432,,2026-08-12T11:02:30Z
https://boxd.it/1Ks2,Holiday,1938,3.97,34305,,2026-08-12T11:02:31Z
https://boxd.it/8j6i,Holiday,2014,2.92,7365,,2026-08-12T11:02:31Z
https://boxd.it/WcBF7,Holiday,2014,3.5,,,2026-08-12T11:02:32Z
https://boxd.it/3wai,Holy Motors,2012,3.88,103716,,2026-08-12T11:02:33Z
https://boxd.it/bzA,Home,2009,3.8,5832,,2026-08-12T11:02:33Z
https://boxd.it/hJWC,Home Shopper,2018,3.57,934,,2026-08-12T11:02:34Z
https://boxd.it/KDDs,Homebound,2025,4.08,49989,,2026-08-12T11:02:35Z
https://boxd.it/bOoI77,Homebound,2025,4.0,,,2026-08-12T11:02:35Z
https://boxd.it/4iaA,Homeland,2010,3.9,4228,,2026-08-12T11:02:36Z
https://boxd.it/Vk1w,Homemade Gatorade,2025,4.0,1739,,2026-08-12T11:02:36Z
https://boxd.it/dj0E,Homo Sapiens,2016,3.82,2427,,2026-08-12T11:02:37Z
https://boxd.it/kL8K,Honeyland,2019,4.02,37200,,2026-08-12T11:02:38Z
https://boxd.it/1Opc,Hoop Dreams,1994,4.43,57633,,2026-08-12T11:02:39Z
https://boxd.it/7x5Q,Hope,2013,4.24,56134,,2026-08-12T11:02:39Z
https://boxd.it/OFpg,Hoppers,2026,3.7,913251,,2026-08-12T11:02:40Z
https://boxd.it/eqkS,Horace and Pete,2016,4.29,7840,,2026-08-12T11:02:41Z
https://boxd.it/12La,Horrors of Malformed Men,1969,3.46,6835,,2026-08-12T11:02:41Z
https://boxd.it/dpiO,Hostiles,2017,3.58,99365,,2026-08-12T11:02:42Z
https://boxd.it/2416,Hot Fuzz,2007,4.08,1013260,,2026-08-12T11:02:42Z
https://boxd.it/WcBVz,Hot Fuzz,2007,4.0,,,2026-08-12T11:02:43Z
https://boxd.it/1XH9UR,Hotarubi no Mori e,2011,4.0,,,2026-08-12T11:02:44Z
https://boxd.it/3euO,Hotarubi no Mori e,2011,3.89,88288,,2026-08-12T11:02:43Z
https://boxd.it/53yO,Hotel Adlon,2013,3.48,368,,2026-08-12T11:02:45Z
https://boxd.it/21Ic,Hotel Chevalier,2007,3.57,98749,,2026-08-12T11:02:45Z
https://boxd.it/3FEc,Hotel Monterey,1973,3.56,5511,,2026-08-12T11:02:46Z
https://boxd.it/2aSA,Hotel Rwanda,2004,3.86,151493,,2026-08-12T11:02:46Z
https://boxd.it/1H9G,Hour of the Wolf,1968,4.02,71784,,2026-08-12T11:02:47Z
https://boxd.it/1vsm,House,1977,3.99,372490,,2026-08-12T11:02:48Z
https://boxd.it/5tqG,House of Cards,1990,4.12,11867,,2026-08-12T11:02:48Z
https://boxd.it/jZ8C,House of Hummingbird,2018,4.06,35313,,2026-08-12T11:02:49Z
https://boxd.it/2Yjq,House of Tolerance,2011,3.92,22483,,2026-08-12T11:02:49Z
https://boxd.it/2VaU,Hovering Over the Water,1986,4.06,4190,,2026-08-12T11:02:50Z
https://boxd.it/4R72,How Did They Ever Make a Movie of Facebook?,2011,3.89,2897,,2026-08-12T11:02:51Z
https://boxd.it/jyS4,How Fernando Pessoa Saved Portugal,2018,3.6,2021,,2026-08-12T11:02:51Z
https://boxd.it/9te4,How Not to Be Seen: A Fucking Didactic Educational .MOV File,2013,3.64,1594,,2026-08-12T11:02:52Z
https://boxd.it/4h3Byv,How to Blow Up a Pipeline,2022,3.5,,,2026-08-12T11:02:53Z
https://boxd.it/C69e,How to Blow Up a Pipeline,2022,3.75,94840,,2026-08-12T11:02:52Z
https://boxd.it/63crSN,How to Have Sex,2023,3.0,,,2026-08-12T11:02:54Z
https://boxd.it/EFIM,How to Have Sex,2023,3.58,225824,,2026-08-12T11:02:54Z
https://boxd.it/FLa4,How to Make Millions Before Grandma Dies,2024,4.37,289112,,2026-08-12T11:02:55Z
https://boxd.it/zTkk,How to Save a Dead Friend,2022,4.04,4061,,2026-08-12T11:02:56Z
https://boxd.it/25Yo,How to Steal a Million,1966,3.89,47297,,2026-08-12T11:02:56Z
https://boxd.it/1WRy,How to Train Your Dragon,2010,4.16,2029668,,2026-08-12T11:02:57Z
https://boxd.it/WcCuJ,How to Train Your Dragon,2010,4.0,,,2026-08-12T11:02:57Z
https://boxd.it/20nW,Howards End,1992,3.73,31549,,2026-08-12T11:02:58Z
https://boxd.it/23De,Howl's Moving Castle,2004,4.36,2651973,,2026-08-12T11:02:59Z
https://boxd.it/WcBMd,Howl's Moving Castle,2004,4.5,,,2026-08-12T11:02:59Z
https://boxd.it/cchc,Human,2015,4.2,9472,,2026-08-12T11:03:00Z
https://boxd.it/vSYK,Human Planet,2011,4.29,2712,,2026-08-12T11:03:01Z
https://boxd.it/Blzk,Humanist Vampire Seeking Consenting Suicidal Person,2023,3.9,198691,,2026-08-12T11:03:01Z
https://boxd.it/2XQI,Humanity and Paper Balloons,1937,3.92,3600,,2026-08-12T11:03:02Z
https://boxd.it/1CiS,Hungama,2003,3.55,6728,,2026-08-12T11:03:03Z
https://boxd.it/2D3m,Hunger,1966,3.96,3406,,2026-08-12T11:03:03Z
https://boxd.it/1Wso,Hunger,2008,4.02,87621,,2026-08-12T11:03:04Z
https://boxd.it/cTgG,Hunt for the Wilderpeople,2016,4.06,391087,,2026-08-12T11:03:04Z
https://boxd.it/1pIe,Husbands and Wives,1992,3.89,32165,,2026-08-12T11:03:05Z
https://boxd.it/1Wau,Hustle & Flow,2005,3.62,24751,,2026-08-12T11:03:06Z
https://boxd.it/45gg,Hyenas,1992,4.07,7335,,2026-08-12T11:03:07Z
https://boxd.it/eOGy,HyperNormalisation,2016,4.18,27797,,2026-08-12T11:03:08Z
https://boxd.it/HoWI,Hyphen,2023,3.71,8614,,2026-08-12T11:03:08Z
https://boxd.it/b5jo,Hypnosis Display,2014,3.86,628,,2026-08-12T11:03:09Z
https://boxd.it/6Tq,I Am,2011,3.42,301,,2026-08-12T11:03:10Z
https://boxd.it/1hUQ,I Am Cuba,1964,4.47,53122,,2026-08-12T11:03:10Z
https://boxd.it/Wg6,I Am Curious (Yellow),1967,3.32,4954,,2026-08-12T11:03:11Z
https://boxd.it/GDl6,I Am from Palestine,2023,3.57,321,,2026-08-12T11:03:11Z
https://boxd.it/2qFs,I Am Kalam,2010,3.51,1566,,2026-08-12T11:03:12Z
https://boxd.it/21DG,I Am Legend,2007,3.48,922333,,2026-08-12T11:03:13Z
https://boxd.it/10ac,I Am Love,2009,3.76,37859,,2026-08-12T11:03:13Z
https://boxd.it/7qGA,I Believe in Unicorns,2014,3.38,159989,,2026-08-12T11:03:14Z
https://boxd.it/2lE,I Can No Longer Hear the Guitar,1991,3.79,1901,,2026-08-12T11:03:15Z
https://boxd.it/QMzG,I Didn't Like You,2026,3.73,1184,,2026-08-12T11:03:15Z
https://boxd.it/i4Ui,I Do Not Care If We Go Down in History as Barbarians,2018,3.94,6037,,2026-08-12T11:03:16Z
https://boxd.it/2nQC,I Don't Want to Go Back Alone,2010,3.94,16374,,2026-08-12T11:03:17Z
https://boxd.it/1St8,I Don't Want to Sleep Alone,2006,3.83,5891,,2026-08-12T11:03:17Z
https://boxd.it/bZ5M,I Dream in Another Language,2017,4.15,37443,,2026-08-12T11:03:18Z
https://boxd.it/6T9y,i hate myself :),2013,3.39,3562,,2026-08-12T11:03:18Z
https://boxd.it/ija,I Knew Her Well,1965,3.98,11986,,2026-08-12T11:03:19Z
https://boxd.it/1XHajx,I Lost My Body,2019,3.5,,,2026-08-12T11:03:20Z
https://boxd.it/lAYs,I Lost My Body,2019,3.82,143567,,2026-08-12T11:03:20Z
https://boxd.it/KBIU,I Love Boosters,2026,3.79,187632,,2026-08-12T11:03:21Z
https://boxd.it/2ADG,I Love You,1981,3.54,2339,,2026-08-12T11:03:21Z
https://boxd.it/qX9i,I May Destroy You,2020,4.46,63553,,2026-08-12T11:03:22Z
https://boxd.it/HrI,I Miss Sonia Henie,1971,3.24,943,,2026-08-12T11:03:23Z
https://boxd.it/gQyq,I Needed Color,2017,3.83,1297,,2026-08-12T11:03:23Z
https://boxd.it/FJZa,I Only Rest in the Storm,2025,3.87,4120,,2026-08-12T11:03:24Z
https://boxd.it/1cEPZF,I Saw the Devil,2010,4.0,,,2026-08-12T11:03:25Z
https://boxd.it/FaK,I Saw the Devil,2010,4.05,332801,,2026-08-12T11:03:24Z
https://boxd.it/woVe,I Saw the TV Glow,2024,3.53,886903,,2026-08-12T11:03:26Z
https://boxd.it/TUbS,I See Buildings Fall Like Lightning,2026,3.62,1239,,2026-08-12T11:03:26Z
https://boxd.it/369y,"I Travel Because I Have to, I Come Back Because I Love You",2009,3.81,14810,,2026-08-12T11:03:27Z
https://boxd.it/1RJE,I Vitelloni,1953,3.97,43976,,2026-08-12T11:03:28Z
https://boxd.it/ie6C,I Want to Eat Your Pancreas,2018,3.95,239503,,2026-08-12T11:03:28Z
https://boxd.it/N8by,I Want Your Sex,2026,3.29,49241,,2026-08-12T11:03:29Z
https://boxd.it/1pS4,"I Was Born, But...",1932,3.99,16211,,2026-08-12T11:03:30Z
https://boxd.it/8ucHDN,"I Was Born, But...",1932,4.0,,,2026-08-12T11:03:30Z
https://boxd.it/49oI,I'm Almost Not Crazy: John Cassavetes — The Man and His Work,1984,3.74,836,,2026-08-12T11:03:31Z
https://boxd.it/19aA,I'm Here,2010,3.79,12071,,2026-08-12T11:03:33Z
https://boxd.it/LNjE,"I'm Hungry, I'm Cold",1984,3.76,5300,,2026-08-12T11:03:33Z
https://boxd.it/xkzK,I'm Not Everything I Want to Be,2024,4.06,5353,,2026-08-12T11:03:34Z
https://boxd.it/BPEO,I'm Still Here,2024,4.34,801483,,2026-08-12T11:03:35Z
https://boxd.it/1nuLOR,I'm Thinking of Ending Things,2020,4.0,,,2026-08-12T11:03:36Z
https://boxd.it/i4IQ,I'm Thinking of Ending Things,2020,3.45,535508,,2026-08-12T11:03:36Z
https://boxd.it/6bFU,"I, Claudius",1976,4.31,4458,,2026-08-12T11:03:37Z
https://boxd.it/d0xa,"I, Daniel Blake",2016,4.04,92482,,2026-08-12T11:03:37Z
https://boxd.it/dzR0,"I, Tonya",2017,3.86,1239841,,2026-08-12T11:03:38Z
https://boxd.it/delM,I-94,1974,3.43,1610,,2026-08-12T11:03:39Z
https://boxd.it/173s,I.K.U.,2000,3.43,1125,,2026-08-12T11:03:39Z
https://boxd.it/4XJGJv,Ice Merchants,2022,4.5,,,2026-08-12T11:03:40Z
https://boxd.it/Arx8,Ice Merchants,2022,4.24,28288,,2026-08-12T11:03:40Z
https://boxd.it/6fRg,Ida,2013,4.04,98614,,2026-08-12T11:03:41Z
https://boxd.it/26e2,Identity,2003,3.45,234847,,2026-08-12T11:03:41Z
https://boxd.it/20RW,Idiocracy,2006,2.9,334129,,2026-08-12T11:03:43Z
https://boxd.it/1xifNt,If Anything Happens I Love You,2020,4.0,,,2026-08-12T11:03:44Z
https://boxd.it/qIv4,If Anything Happens I Love You,2020,3.83,189153,,2026-08-12T11:03:44Z
https://boxd.it/gGhu,If Beale Street Could Talk,2018,3.92,150834,,2026-08-12T11:03:45Z
https://boxd.it/ZsF8,If I Go Will They Miss Me,2026,3.84,1820,,2026-08-12T11:03:46Z
https://boxd.it/HUtS,If I Had Legs I'd Kick You,2025,3.66,399753,,2026-08-12T11:03:46Z
https://boxd.it/V64c,"If You Don't Like It, Look Away",2025,3.94,7360,,2026-08-12T11:03:47Z
https://boxd.it/5McI,Iguana,1988,3.66,2118,,2026-08-12T11:03:48Z
https://boxd.it/30hann,Ijaazat,1987,3.5,,,2026-08-12T11:03:49Z
https://boxd.it/3VqK,Ijaazat,1987,3.82,2240,,2026-08-12T11:03:49Z
https://boxd.it/251c,Ikiru,1952,4.52,205291,,2026-08-12T11:03:50Z
https://boxd.it/ozry,Il Buco,2021,3.68,9286,,2026-08-12T11:03:51Z
https://boxd.it/1RuO,Il Mare,2000,3.81,16414,,2026-08-12T11:03:51Z
https://boxd.it/1iqC,Il Posto,1961,4.14,19782,,2026-08-12T11:03:52Z
https://boxd.it/1y7Q,Il Sorpasso,1962,4.24,40179,,2026-08-12T11:03:52Z
https://boxd.it/fxv6,Illuminated Texts,1982,3.85,474,,2026-08-12T11:03:53Z
https://boxd.it/3Q4u,Images of the World and the Inscription of War,1988,3.99,1901,,2026-08-12T11:03:54Z
https://boxd.it/1PAU,Immortal Beloved,1994,3.54,13772,,2026-08-12T11:03:54Z
https://boxd.it/WcBiR,Immortal Beloved,1994,3.5,,,2026-08-12T11:03:55Z
https://boxd.it/3zRk,Immortal Love,1961,3.74,955,,2026-08-12T11:03:55Z
https://boxd.it/23tS,Import/Export,2007,3.76,5826,,2026-08-12T11:03:56Z
https://boxd.it/RgA,In a Better World,2010,3.7,12173,,2026-08-12T11:03:56Z
https://boxd.it/1cEQgV,In a Heartbeat,2017,3.5,,,2026-08-12T11:03:58Z
https://boxd.it/ggzW,In a Heartbeat,2017,3.98,74361,,2026-08-12T11:03:57Z
https://boxd.it/1JgO,In a Lonely Place,1950,4.18,86474,,2026-08-12T11:03:58Z
https://boxd.it/2n8VyN,In a Lonely Place,1950,4.5,,,2026-08-12T11:03:59Z
https://boxd.it/20n8,In Bruges,2008,4.12,659049,,2026-08-12T11:03:59Z
https://boxd.it/WcCm1,In Bruges,2008,4.0,,,2026-08-12T11:04:00Z
https://boxd.it/1G62,In Cold Blood,1967,4.13,30326,,2026-08-12T11:04:01Z
https://boxd.it/30h9Ub,In Custody,1994,3.5,,,2026-08-12T11:04:02Z
https://boxd.it/as1K,In Harihar Nagar,1990,3.74,2328,,2026-08-12T11:04:02Z
https://boxd.it/283A,In My Skin,2002,3.51,17847,,2026-08-12T11:04:03Z
https://boxd.it/yis,In Praise of Love,2001,3.82,5293,,2026-08-12T11:04:04Z
https://boxd.it/27Fo,In the Bedroom,2001,3.86,30495,,2026-08-12T11:04:04Z
https://boxd.it/1nc6,In the City of Sylvia,2007,3.73,4374,,2026-08-12T11:04:05Z
https://boxd.it/1V12,In the Cut,2003,3.31,37446,,2026-08-12T11:04:06Z
https://boxd.it/awaQ,In the Darkness of Time,2002,4.14,17129,,2026-08-12T11:04:06Z
https://boxd.it/1VLY,In the Heat of the Night,1967,4.04,97287,,2026-08-12T11:04:07Z
https://boxd.it/523q,In the Heat of the Sun,1994,4.09,6244,,2026-08-12T11:04:07Z
https://boxd.it/gLhu,In the Heights,2021,3.54,267733,,2026-08-12T11:04:08Z
https://boxd.it/29tE,In the Mood for Love,2000,4.37,1053352,,2026-08-12T11:04:09Z
https://boxd.it/WcBlL,In the Mood for Love,2000,4.0,,,2026-08-12T11:04:09Z
https://boxd.it/26vi,In the Mouth of Madness,1994,3.81,199577,,2026-08-12T11:04:10Z
https://boxd.it/63cr5L,In the Name of God,1992,5.0,,,2026-08-12T11:04:11Z
https://boxd.it/7J8M,In the Name of God,1992,4.07,3340,,2026-08-12T11:04:10Z
https://boxd.it/1cEPTH,In the Name of the Father,1993,4.5,,,2026-08-12T11:04:12Z
https://boxd.it/20I6,In the Name of the Father,1993,4.21,125722,,2026-08-12T11:04:12Z
https://boxd.it/22qS,In the Realm of the Senses,1976,3.61,48698,,2026-08-12T11:04:13Z
https://boxd.it/2n8VF5,In the Realm of the Senses,1976,1.0,,,2026-08-12T11:04:13Z
https://boxd.it/h00e,In the Stone House,2012,3.77,413,,2026-08-12T11:04:14Z
https://boxd.it/d9kY,In This Corner of the World,2016,4.13,45294,,2026-08-12T11:04:15Z
https://boxd.it/36r8,In Vanda's Room,2000,4.02,5791,,2026-08-12T11:04:15Z
https://boxd.it/QmJq,In Vogue: The 90s,2024,4.03,2489,,2026-08-12T11:04:16Z
https://boxd.it/cCoe,In Which Annie Gives It Those Ones,1989,3.77,2017,,2026-08-12T11:04:17Z
https://boxd.it/jygO,Inca Light,1972,3.76,716,,2026-08-12T11:04:17Z
https://boxd.it/1cEPWV,Incendies,2010,4.5,,,2026-08-12T11:04:18Z
https://boxd.it/Msm,Incendies,2010,4.45,636105,,2026-08-12T11:04:18Z
https://boxd.it/1skk,Inception,2010,4.24,4320534,,2026-08-12T11:04:19Z
https://boxd.it/WcBqL,Inception,2010,4.5,,,2026-08-12T11:04:20Z
https://boxd.it/WcC63,Inception: The Cobol Job,2010,4.0,,,2026-08-12T11:04:21Z
https://boxd.it/kO,Inception: The Cobol Job,2010,3.6,2995,,2026-08-12T11:04:20Z
https://boxd.it/n3vc,Incitement,2019,3.58,982,,2026-08-12T11:04:22Z
https://boxd.it/2fSK,Incoherence,1994,3.52,17773,,2026-08-12T11:04:22Z
https://boxd.it/1UAg,India,1993,3.64,1355,,2026-08-12T11:04:23Z
https://boxd.it/8NOY,India Cabaret,1985,3.82,1184,,2026-08-12T11:04:24Z
https://boxd.it/32HQ,India Song,1975,3.68,10524,,2026-08-12T11:04:25Z
https://boxd.it/aIwu,India's Daughter,2015,3.93,1594,,2026-08-12T11:04:26Z
https://boxd.it/1iUM,Indian,1996,3.67,10294,,2026-08-12T11:04:27Z
https://boxd.it/2Nju,Indie Game: The Movie,2012,3.73,18392,,2026-08-12T11:04:27Z
https://boxd.it/WcChF,Indiscretion,2016,4.5,,,2026-08-12T11:04:28Z
https://boxd.it/elMi,Indiscretion,2016,2.85,338,,2026-08-12T11:04:28Z
https://boxd.it/26pu,Indochine,1992,3.41,7771,,2026-08-12T11:04:29Z
https://boxd.it/aPrc,Indru Netru Naalai,2015,3.65,4577,,2026-08-12T11:04:30Z
https://boxd.it/1Vqw,Infernal Affairs,2002,4.06,117868,,2026-08-12T11:04:30Z
https://boxd.it/1JzG,Inglourious Basterds,2009,4.37,3854873,,2026-08-12T11:04:31Z
https://boxd.it/WcBNP,Inglourious Basterds,2009,4.5,,,2026-08-12T11:04:32Z
https://boxd.it/5AdO,Inhabitants,1970,3.68,1080,,2026-08-12T11:04:32Z
https://boxd.it/5hla,Inherent Vice,2014,3.59,263403,,2026-08-12T11:04:33Z
https://boxd.it/mdMK,Inheritance,2020,2.63,44099,,2026-08-12T11:04:33Z
https://boxd.it/28d6,Inland Empire,2006,3.9,199645,,2026-08-12T11:04:35Z
https://boxd.it/1f8A,Innocence,2004,3.7,10885,,2026-08-12T11:04:35Z
https://boxd.it/8Uee,Innocence,2013,2.69,502,,2026-08-12T11:04:36Z
https://boxd.it/Rsw,Inside Job,2010,3.88,32394,,2026-08-12T11:04:37Z
https://boxd.it/34Ro,Inside Llewyn Davis,2013,4.02,390997,,2026-08-12T11:04:38Z
https://boxd.it/2auS,Inside Man,2006,3.71,320159,,2026-08-12T11:04:38Z
https://boxd.it/4KHC,Inside Out,2015,3.82,3355721,,2026-08-12T11:04:39Z
https://boxd.it/WcBzD,Inside Out,2015,4.5,,,2026-08-12T11:04:40Z
https://boxd.it/1txk,Insomnia,1997,3.62,23028,,2026-08-12T11:04:40Z
https://boxd.it/4fmS,Inspiration,1949,4.07,4168,,2026-08-12T11:04:41Z
https://boxd.it/11fW,"Institute Benjamenta, or This Dream People Call Human Life",1995,3.77,2732,,2026-08-12T11:04:41Z
https://boxd.it/WcBRR,INT. CAFÉ – NIGHT,2014,4.0,,,2026-08-12T11:04:43Z
https://boxd.it/fDyA,INT. CAFÉ – NIGHT,2014,3.55,809,,2026-08-12T11:04:42Z
https://boxd.it/11sCi,Interface,2021,4.13,4206,,2026-08-12T11:04:43Z
https://boxd.it/1LlQ,Interiors,1978,3.73,23981,,2026-08-12T11:04:44Z
https://boxd.it/1ULy,Interstella 5555: The 5tory of the 5ecret 5tar 5ystem,2003,4.28,84956,,2026-08-12T11:04:45Z
https://boxd.it/63cs8r,Interstella 5555: The 5tory of the 5ecret 5tar 5ystem,2003,4.0,,,2026-08-12T11:04:46Z
https://boxd.it/4VZ8,Interstellar,2014,4.46,6208859,,2026-08-12T11:04:46Z
https://boxd.it/WcCpT,Interstellar,2014,4.5,,,2026-08-12T11:04:47Z
https://boxd.it/29XO,Interview with the Vampire,1994,3.6,601306,,2026-08-12T11:04:47Z
https://boxd.it/1Uk8,Into Great Silence,2005,3.93,2169,,2026-08-12T11:04:48Z
https://boxd.it/2G0g,Into the Abyss,2011,3.9,23608,,2026-08-12T11:04:49Z
https://boxd.it/fEso,Into the Blue,2017,3.54,554,,2026-08-12T11:04:49Z
https://boxd.it/4dHE,Into the Universe with Stephen Hawking,2010,3.71,841,,2026-08-12T11:04:50Z
https://boxd.it/22m2,Into the Wild,2007,3.84,657041,,2026-08-12T11:04:50Z
https://boxd.it/WcCk5,Into the Wild,2007,4.5,,,2026-08-12T11:04:51Z
https://boxd.it/25Qk,Intolerance: Love's Struggle Throughout the Ages,1916,3.67,24079,,2026-08-12T11:04:52Z
https://boxd.it/nQDE,Inu-Oh,2021,3.9,30333,,2026-08-12T11:04:52Z
https://boxd.it/1tRY,Investigation of a Citizen Above Suspicion,1970,4.19,43494,,2026-08-12T11:04:53Z
https://boxd.it/42AC,Invisible Adversaries,1977,3.64,627,,2026-08-12T11:04:53Z
https://boxd.it/k1JU,Invisible Life,2019,4.09,39220,,2026-08-12T11:04:54Z
https://boxd.it/WtO,Invocation of My Demon Brother,1969,3.59,6294,,2026-08-12T11:04:55Z
https://boxd.it/Nyq,Iphigenia,1977,3.9,4340,,2026-08-12T11:04:55Z
https://boxd.it/1BH8,Iqbal,2005,3.58,2634,,2026-08-12T11:04:56Z
https://boxd.it/WcBXb,Iqbal,2005,4.0,,,2026-08-12T11:04:56Z
https://boxd.it/cNg6,Iraivi,2016,3.98,7318,,2026-08-12T11:04:57Z
https://boxd.it/1vYs,Irma Vep,1996,3.89,72239,,2026-08-12T11:04:58Z
https://boxd.it/zJMy,Iron Boy,2026,4.02,2334,,2026-08-12T11:04:58Z
https://boxd.it/28dA,Iron Man,2008,3.81,2648937,,2026-08-12T11:04:59Z
https://boxd.it/WcBPr,Iron Man,2008,4.0,,,2026-08-12T11:05:00Z
https://boxd.it/29as,Irreversible,2002,3.61,348089,,2026-08-12T11:05:00Z
https://boxd.it/WcC6d,Irudhi Suttru,2016,2.5,,,2026-08-12T11:05:01Z
https://boxd.it/c77Q,Irudhi Suttru,2016,3.61,5657,,2026-08-12T11:05:01Z
https://boxd.it/H2o,Iruvar,1997,4.16,11267,,2026-08-12T11:05:02Z
https://boxd.it/GVaK,Is Now a Good Time?,2024,3.64,3643,,2026-08-12T11:05:02Z
https://boxd.it/1fgu,Ishqiya,2010,3.53,3564,,2026-08-12T11:05:03Z
https://boxd.it/1nuLpx,Ishqiya,2010,3.5,,,2026-08-12T11:05:04Z
https://boxd.it/ovVO,Isi & Ossi,2020,2.94,62360,,2026-08-12T11:05:04Z
https://boxd.it/gjGw,Islands,2017,3.5,2230,,2026-08-12T11:05:05Z
https://boxd.it/1cEQcz,Isle of Dogs,2018,4.5,,,2026-08-12T11:05:07Z
https://boxd.it/dZrW,Isle of Dogs,2018,4.08,1268908,,2026-08-12T11:05:06Z
https://boxd.it/POU,Isle of Flowers,1989,4.29,45519,,2026-08-12T11:05:07Z
https://boxd.it/p454,Isolation,1974,3.7,817,,2026-08-12T11:05:08Z
https://boxd.it/WcBrf,It,2017,3.5,,,2026-08-12T11:05:09Z
https://boxd.it/bC8e,It,2017,3.49,3005168,,2026-08-12T11:05:08Z
https://boxd.it/nbq0,It Feels So Good,2019,3.46,1958,,2026-08-12T11:05:10Z
https://boxd.it/1dbM,It Felt Like a Kiss,2009,4.05,2974,,2026-08-12T11:05:10Z
https://boxd.it/1nuLwD,It Happened One Night,1934,4.0,,,2026-08-12T11:05:11Z
https://boxd.it/25Ng,It Happened One Night,1934,4.19,145370,,2026-08-12T11:05:11Z
https://boxd.it/loGQ,It has to be lived once and dreamed twice,2019,3.8,2063,,2026-08-12T11:05:12Z
https://boxd.it/4xEU,It May Be That Beauty Has Strengthened Our Resolve - Masao Adachi,2011,3.7,619,,2026-08-12T11:05:13Z
https://boxd.it/TX2k,It Was Just an Accident,2025,4.0,337466,,2026-08-12T11:05:13Z
https://boxd.it/bISYQ9,It Was Just an Accident,2025,4.0,,,2026-08-12T11:05:14Z
https://boxd.it/1TvO,"It's a Mad, Mad, Mad, Mad World",1963,3.72,46160,,2026-08-12T11:05:15Z
https://boxd.it/28xA,It's a Wonderful Life,1946,4.45,778494,,2026-08-12T11:05:16Z
https://boxd.it/WcBSb,It's a Wonderful Life,1946,4.5,,,2026-08-12T11:05:17Z
https://boxd.it/5gMu,It's Fine,2012,2.02,1110,,2026-08-12T11:05:17Z
https://boxd.it/WcCcP,It's Fine,2012,3.0,,,2026-08-12T11:05:18Z
https://boxd.it/GZec,It's Not Me,2024,3.64,13335,,2026-08-12T11:05:19Z
https://boxd.it/1xifYL,It's Such a Beautiful Day,2012,5.0,,,2026-08-12T11:05:20Z
https://boxd.it/hCY2,It's Such a Beautiful Day,2012,4.36,132298,,2026-08-12T11:05:20Z
https://boxd.it/1Qmu,"It's the Great Pumpkin, Charlie Brown",1966,4.15,110132,,2026-08-12T11:05:24Z
https://boxd.it/2b76,Italian for Beginners,2000,3.56,6142,,2026-08-12T11:05:24Z
https://boxd.it/3deg,Italianamerican,1974,3.98,19913,,2026-08-12T11:05:25Z
https://boxd.it/63csyp,Italianamerican,1974,4.0,,,2026-08-12T11:05:25Z
https://boxd.it/7BBm,Itinerary of Jean Bricard,2008,3.66,345,,2026-08-12T11:05:26Z
https://boxd.it/gCw6,Ittefaq,2017,3.35,10746,,2026-08-12T11:05:27Z
https://boxd.it/1XMO,"Ivan the Terrible, Part I",1944,3.93,18260,,2026-08-12T11:05:27Z
https://boxd.it/1j6y,Ivan's Childhood,1962,4.19,111520,,2026-08-12T11:05:28Z
https://boxd.it/a3IY,Ivy,2015,3.99,23234,,2026-08-12T11:05:28Z
https://boxd.it/1vHw,Jaane Bhi Do Yaaro,1983,3.94,5607,,2026-08-12T11:05:29Z
https://boxd.it/WcCst,Jaane Bhi Do Yaaro,1983,4.0,,,2026-08-12T11:05:29Z
https://boxd.it/1O2i,Jaane Tu... Ya Jaane Na,2008,3.68,16197,,2026-08-12T11:05:30Z
https://boxd.it/WcBZh,Jaane Tu... Ya Jaane Na,2008,3.5,,,2026-08-12T11:05:31Z
https://boxd.it/1T2W,Jab We Met,2007,3.92,53914,,2026-08-12T11:05:31Z
https://boxd.it/1cEPUb,Jab We Met,2007,4.5,,,2026-08-12T11:05:32Z
https://boxd.it/opUg,Jackass Forever,2022,3.55,246932,,2026-08-12T11:05:32Z
https://boxd.it/270g,Jacob's Ladder,1990,3.87,213524,,2026-08-12T11:05:33Z
https://boxd.it/YwA,Jacquot de Nantes,1991,4.16,9740,,2026-08-12T11:05:33Z
https://boxd.it/WcBUB,Jagga Jasoos,2017,3.0,,,2026-08-12T11:05:35Z
https://boxd.it/e5TC,Jagga Jasoos,2017,3.06,9769,,2026-08-12T11:05:34Z
https://boxd.it/AGbm,Jaggi,2022,3.71,2662,,2026-08-12T11:05:35Z
https://boxd.it/4gKm,Jagte Raho,1956,3.7,588,,2026-08-12T11:05:36Z
https://boxd.it/WcBW3,Jai Ho,2014,4.0,,,2026-08-12T11:05:37Z
https://boxd.it/MDem,Jal Tu Jalaal Tu,2024,3.62,521,,2026-08-12T11:05:38Z
https://boxd.it/WcCtV,Jallikattu,2019,4.0,,,2026-08-12T11:05:39Z
https://boxd.it/kHjO,Jallikattu,2019,3.64,15225,,2026-08-12T11:05:39Z
https://boxd.it/2vs4,Jalsa,2008,3.65,4779,,2026-08-12T11:05:40Z
https://boxd.it/py5o,Jam,2000,4.38,2787,,2026-08-12T11:05:40Z
https://boxd.it/a3I0,James White,2015,3.78,11276,,2026-08-12T11:05:41Z
https://boxd.it/cIMc,Janine,1990,3.79,2453,,2026-08-12T11:05:41Z
https://boxd.it/Cy,Japanese Girls at the Harbor,1933,3.76,2513,,2026-08-12T11:05:42Z
https://boxd.it/Iha,Japanese Summer: Double Suicide,1967,3.59,1994,,2026-08-12T11:05:43Z
https://boxd.it/1b4Y,Japón,2002,3.69,7692,,2026-08-12T11:05:43Z
https://boxd.it/70m,Jarhead,2005,3.66,310412,,2026-08-12T11:05:44Z
https://boxd.it/7Wn6,Jauja,2014,3.62,8124,,2026-08-12T11:05:44Z
https://boxd.it/2a5e,Jaws,1975,3.92,1794232,,2026-08-12T11:05:45Z
https://boxd.it/wzw,Jazz on a Summer's Day,1959,4.11,5178,,2026-08-12T11:05:46Z
https://boxd.it/23P0,"Je T'Aime, Je T'Aime",1968,3.82,11128,,2026-08-12T11:05:46Z
https://boxd.it/3gWK,Je Tu Il Elle,1974,3.7,37556,,2026-08-12T11:05:47Z
https://boxd.it/24gK,Jean de Florette,1986,4.07,27781,,2026-08-12T11:05:47Z
https://boxd.it/5h45OL,"Jeanne Dielman, 23, quai du Commerce, 1080 Bruxelles",1975,5.0,,,2026-08-12T11:05:48Z
https://boxd.it/T18,"Jeanne Dielman, 23, quai du Commerce, 1080 Bruxelles",1975,4.26,98637,,2026-08-12T11:05:48Z
https://boxd.it/Zaq,Jeff Buckley: Live in Chicago,2000,4.53,6949,,2026-08-12T11:05:49Z
https://boxd.it/XQ6C,Jeffrey Epstein: Bad Pedophile,2025,3.8,1955,,2026-08-12T11:05:50Z
https://boxd.it/1Efw,Jennifer's Body,2009,3.46,1715400,,2026-08-12T11:05:51Z
https://boxd.it/1Sos,Jerichow,2008,3.67,7841,,2026-08-12T11:05:51Z
https://boxd.it/gZDE,Jerry Before Seinfeld,2017,3.67,11260,,2026-08-12T11:05:52Z
https://boxd.it/ZENI,Jerry the Ginger Eater,2026,3.74,2799,,2026-08-12T11:05:53Z
https://boxd.it/WcCuT,Jersey,2019,4.5,,,2026-08-12T11:05:54Z
https://boxd.it/lQjU,Jersey,2019,4.06,19523,,2026-08-12T11:05:53Z
https://boxd.it/hLhG,Jesus of Nazareth,1977,3.77,12000,,2026-08-12T11:05:54Z
https://boxd.it/Hi2,Jewel Thief,1967,3.57,971,,2026-08-12T11:05:55Z
https://boxd.it/27IM,Jezebel,1938,3.53,18306,,2026-08-12T11:05:55Z
https://boxd.it/EfY,Jigoku,1960,3.62,19070,,2026-08-12T11:05:57Z
https://boxd.it/EaA8,Jim Queen and the Quest for Chloroqueer,2026,4.0,44162,,2026-08-12T11:05:57Z
https://boxd.it/3yUC,JLG/JLG: Self-Portrait in December,1994,3.88,2005,,2026-08-12T11:05:58Z
https://boxd.it/1fVM,Jo Jeeta Wohi Sikandar,1992,3.64,3414,,2026-08-12T11:05:58Z
https://boxd.it/WcBh5,Jo Jeeta Wohi Sikandar,1992,4.0,,,2026-08-12T11:05:59Z
https://boxd.it/5MP6,Jodorowsky's Dune,2013,3.99,64689,,2026-08-12T11:06:00Z
https://boxd.it/fj4q,Joe Pera Helps You Find the Perfect Christmas Tree,2016,4.17,1984,,2026-08-12T11:06:00Z
https://boxd.it/et36,Joe Pera Talks You to Sleep,2016,4.26,7937,,2026-08-12T11:06:01Z
https://boxd.it/TlZy,Johanne Sacreblu,2025,4.38,41949,,2026-08-12T11:06:01Z
https://boxd.it/3VKK,John Adams,2008,4.06,12960,,2026-08-12T11:06:02Z
https://boxd.it/1RfY,Johnny Stecchino,1991,3.6,12154,,2026-08-12T11:06:03Z
https://boxd.it/26Ja,Joint Security Area,2000,4.23,93734,,2026-08-12T11:06:04Z
https://boxd.it/1cEQ4b,Jojo Rabbit,2019,4.5,,,2026-08-12T11:06:05Z
https://boxd.it/iEBG,Jojo Rabbit,2019,4.04,2318842,,2026-08-12T11:06:04Z
https://boxd.it/dFbE,Joker,2016,3.57,1809,,2026-08-12T11:06:05Z
https://boxd.it/WcCiN,Joker,2019,4.5,,,2026-08-12T11:06:06Z
https://boxd.it/h4cS,Joker,2019,3.85,4804372,,2026-08-12T11:06:06Z
https://boxd.it/5r9o,Jolly LLB,2013,3.5,9287,,2026-08-12T11:06:07Z
https://boxd.it/WcBFB,Jolly LLB,2013,3.5,,,2026-08-12T11:06:08Z
https://boxd.it/kBd6,Joseph,2018,3.56,4969,,2026-08-12T11:06:08Z
https://boxd.it/NzPA,Josephine,2026,4.03,4748,,2026-08-12T11:06:09Z
https://boxd.it/YpE,Journey of Hope,1990,3.73,1198,,2026-08-12T11:06:09Z
https://boxd.it/26o2,Journey to Italy,1954,3.79,36209,,2026-08-12T11:06:10Z
https://boxd.it/3zBcnT,Joyland,2022,4.5,,,2026-08-12T11:06:11Z
https://boxd.it/AlzM,Joyland,2022,4.19,56468,,2026-08-12T11:06:10Z
https://boxd.it/29xc,Judgment at Nuremberg,1961,4.36,52619,,2026-08-12T11:06:12Z
https://boxd.it/WcCl3,Juice,2017,4.5,,,2026-08-12T11:06:13Z
https://boxd.it/hTsi,Juice,2017,4.03,3562,,2026-08-12T11:06:12Z
https://boxd.it/sOve,JUJUTSU KAISEN,2020,4.24,255043,,2026-08-12T11:06:13Z
https://boxd.it/28rM,Jules and Jim,1962,3.92,95005,,2026-08-12T11:06:14Z
https://boxd.it/VNI,Julien Donkey-Boy,1999,3.85,26670,,2026-08-12T11:06:14Z
https://boxd.it/eqsTuH,Julien Donkey-Boy,1999,3.5,,,2026-08-12T11:06:15Z
https://boxd.it/jEaM,Juliet in Paris,1967,3.66,8636,,2026-08-12T11:06:16Z
https://boxd.it/1FF6,Juliet of the Spirits,1965,3.89,26177,,2026-08-12T11:06:16Z
https://boxd.it/zlqy,Jungle Emperor,1966,3.2,1130,,2026-08-12T11:06:17Z
https://boxd.it/210a,Juno,2007,3.74,1639912,,2026-08-12T11:06:17Z
https://boxd.it/WcBY9,Juno,2007,3.5,,,2026-08-12T11:06:18Z
https://boxd.it/c0fo,Junun,2015,3.65,8386,,2026-08-12T11:06:18Z
https://boxd.it/lcNg,Just Don't Think I'll Scream,2019,3.73,4674,,2026-08-12T11:06:20Z
https://boxd.it/WcCmb,K.G.F: Chapter 1,2018,4.5,,,2026-08-12T11:06:21Z
https://boxd.it/kGf2,K.G.F: Chapter 1,2018,3.43,29507,,2026-08-12T11:06:20Z
https://boxd.it/feryqn,Kaagaz Ke Phool,1959,3.5,,,2026-08-12T11:06:22Z
https://boxd.it/vLG,Kaagaz Ke Phool,1959,3.93,4917,,2026-08-12T11:06:21Z
https://boxd.it/1nuLCL,Kaaka Muttai,2014,4.0,,,2026-08-12T11:06:23Z
https://boxd.it/7Ryy,Kaaka Muttai,2014,3.84,6497,,2026-08-12T11:06:23Z
https://boxd.it/aQvk,Kaakha Kaakha,2003,3.71,4610,,2026-08-12T11:06:24Z
https://boxd.it/7ws0,Kaalapani,1996,3.69,2152,,2026-08-12T11:06:24Z
https://boxd.it/1cEQkD,Kaamyaab,2018,4.5,,,2026-08-12T11:06:26Z
https://boxd.it/ptRM,Kaamyaab,2018,3.52,1542,,2026-08-12T11:06:26Z
https://boxd.it/gpxK,Kaasav: Turtle,2016,3.56,310,,2026-08-12T11:06:27Z
https://boxd.it/jtiU,Kaatrin Mozhi,2018,3.18,1457,,2026-08-12T11:06:27Z
https://boxd.it/4OuC,Kaazhcha,2004,3.76,1740,,2026-08-12T11:06:28Z
https://boxd.it/1Mhg,Kabhi Haan Kabhi Naa,1994,3.59,5377,,2026-08-12T11:06:29Z
https://boxd.it/mGrm,Kadaisi Vivasayi,2021,4.28,13115,,2026-08-12T11:06:29Z
https://boxd.it/2hZo,Kadhal Konden,2003,3.55,2748,,2026-08-12T11:06:30Z
https://boxd.it/dvpw,Kadhalum Kadanthu Pogum,2016,3.94,12020,,2026-08-12T11:06:31Z
https://boxd.it/1SGG,Kagemusha,1980,4.22,51166,,2026-08-12T11:06:31Z
https://boxd.it/2UfY,Kahaani,2012,3.83,20959,,2026-08-12T11:06:32Z
https://boxd.it/WcBwp,Kahaani,2012,4.5,,,2026-08-12T11:06:33Z
https://boxd.it/eAjq,Kahaani 2,2016,3.11,2536,,2026-08-12T11:06:33Z
https://boxd.it/5cWU,Kai Po Che!,2013,3.74,10398,,2026-08-12T11:06:34Z
https://boxd.it/9Fjc1p,Kaili Blues,2015,4.5,,,2026-08-12T11:06:35Z
https://boxd.it/cksW,Kaili Blues,2015,3.96,24007,,2026-08-12T11:06:34Z
https://boxd.it/WcCCN,Kaithi,2019,3.5,,,2026-08-12T11:06:36Z
https://boxd.it/lBLY,Kaithi,2019,3.99,30667,,2026-08-12T11:06:36Z
https://boxd.it/24By,Kal Ho Naa Ho,2003,3.85,56073,,2026-08-12T11:06:37Z
https://boxd.it/3zBcHp,Kali-Katha: The Prologue to Ugly,2014,4.0,,,2026-08-12T11:06:38Z
https://boxd.it/DC3a,Kali-Katha: The Prologue to Ugly,2014,3.57,301,,2026-08-12T11:06:37Z
https://boxd.it/1D3u,Kaminey,2009,3.57,7950,,2026-08-12T11:06:39Z
https://boxd.it/dY4s,Kammatti Paadam,2016,3.83,6775,,2026-08-12T11:06:40Z
https://boxd.it/1vnm,Kamome Diner,2006,3.87,6317,,2026-08-12T11:06:40Z
https://boxd.it/jxJU,Kanaa,2018,3.31,3027,,2026-08-12T11:06:41Z
https://boxd.it/1mky,Kanal,1957,4.12,12386,,2026-08-12T11:06:42Z
https://boxd.it/H8hk,Kanan Gill: Is This It?,2023,3.75,701,,2026-08-12T11:06:42Z
https://boxd.it/cCgE,Kanche,2015,3.48,1343,,2026-08-12T11:06:43Z
https://boxd.it/4ORc,Kanchivaram,2008,3.74,742,,2026-08-12T11:06:44Z
https://boxd.it/2ha6,Kandukondain Kandukondain,2000,3.89,10123,,2026-08-12T11:06:44Z
https://boxd.it/10qu,Kannathil Muthamittal,2002,4.11,9789,,2026-08-12T11:06:45Z
https://boxd.it/WcBIZ,Kannathil Muthamittal,2002,4.0,,,2026-08-12T11:06:45Z
https://boxd.it/yovO,Kanye with Special Guest Drake: Free Larry Hoover Benefit Concert,2021,4.09,3363,,2026-08-12T11:06:46Z
https://boxd.it/cZDm,Kapoor & Sons,2016,3.7,28464,,2026-08-12T11:06:47Z
https://boxd.it/pnSa,Karnan,2021,3.79,14653,,2026-08-12T11:06:48Z
https://boxd.it/3iaaQR,Karthikeya 2,2022,3.5,,,2026-08-12T11:06:49Z
https://boxd.it/xNX2,Karthikeya 2,2022,2.96,4327,,2026-08-12T11:06:49Z
https://boxd.it/WcCmF,Karwaan,2018,4.0,,,2026-08-12T11:06:50Z
https://boxd.it/jp58,Karwaan,2018,3.64,17671,,2026-08-12T11:06:50Z
https://boxd.it/5zWI,Katha,1982,3.55,919,,2026-08-12T11:06:51Z
https://boxd.it/7Q9W,Kaththi,2014,3.75,14175,,2026-08-12T11:06:51Z
https://boxd.it/WcBRx,Kaththi,2014,4.0,,,2026-08-12T11:06:52Z
https://boxd.it/2hWE,Kattradhu Thamizh,2007,3.97,6236,,2026-08-12T11:06:53Z
https://boxd.it/4y6Y,Kaun?,1999,3.71,8702,,2026-08-12T11:06:53Z
https://boxd.it/lTc8,Kavaludaari,2019,3.48,1974,,2026-08-12T11:06:54Z
https://boxd.it/d9za,Kendasampige,2015,3.54,297,,2026-08-12T11:06:54Z
https://boxd.it/C3rE,Kendrick Lamar Live: The Big Steppers Tour,2022,4.45,8283,,2026-08-12T11:06:55Z
https://boxd.it/1Qi8,Kes,1969,4.24,65612,,2026-08-12T11:06:56Z
https://boxd.it/1Bxs,Khakee,2004,3.39,2811,,2026-08-12T11:06:56Z
https://boxd.it/nKK,Khaleja,2010,3.83,9705,,2026-08-12T11:06:57Z
https://boxd.it/3DLU,Khamoshi,1969,3.55,241,,2026-08-12T11:06:58Z
https://boxd.it/2n8VDX,Kheer,2017,3.0,,,2026-08-12T11:06:59Z
https://boxd.it/1Mie,Khosla Ka Ghosla!,2006,3.8,7149,,2026-08-12T11:06:59Z
https://boxd.it/WcBXZ,Khosla Ka Ghosla!,2006,4.5,,,2026-08-12T11:07:00Z
https://boxd.it/1yT6,Khuda Kay Liye,2007,3.7,1045,,2026-08-12T11:07:01Z
https://boxd.it/2PAi,Khushi,2001,3.75,3604,,2026-08-12T11:07:01Z
https://boxd.it/f8y,Kick,2009,3.76,3408,,2026-08-12T11:07:02Z
https://boxd.it/99oe,Kick the Cock,2008,2.69,529,,2026-08-12T11:07:02Z
https://boxd.it/1zaQ,Kick-Ass,2010,3.53,828591,,2026-08-12T11:07:03Z
https://boxd.it/WcBoZ,Kick-Ass,2010,4.0,,,2026-08-12T11:07:04Z
https://boxd.it/bWxo,Kid,2015,3.59,1658,,2026-08-12T11:07:04Z
https://boxd.it/1wNg,Kid's Story,2003,3.66,6065,,2026-08-12T11:07:05Z
https://boxd.it/O7vk,Kika,2025,3.5,6160,,2026-08-12T11:07:05Z
https://boxd.it/1JAY,Kiki's Delivery Service,1989,4.15,1248831,,2026-08-12T11:07:06Z
https://boxd.it/30haoZ,Kiki's Delivery Service,1989,3.5,,,2026-08-12T11:07:07Z
https://boxd.it/HTqS,Kill,2023,3.53,71372,,2026-08-12T11:07:07Z
https://boxd.it/eCrQ,Kill Bill: The Whole Bloody Affair,2004,4.54,309775,,2026-08-12T11:07:08Z
https://boxd.it/70w,Kill Bill: Vol. 1,2003,4.22,3456857,,2026-08-12T11:07:09Z
https://boxd.it/WcBG5,Kill Bill: Vol. 1,2003,4.5,,,2026-08-12T11:07:09Z
https://boxd.it/2au4,Kill Bill: Vol. 2,2004,4.11,1914863,,2026-08-12T11:07:10Z
https://boxd.it/WcBQJ,Kill Bill: Vol. 2,2004,4.0,,,2026-08-12T11:07:10Z
https://boxd.it/2z4g,Kill List,2011,3.42,77940,,2026-08-12T11:07:11Z
https://boxd.it/14D8,Kill!,1968,3.77,4478,,2026-08-12T11:07:12Z
https://boxd.it/5nxm,Killed the Family and Went to the Movies,1969,3.73,9530,,2026-08-12T11:07:12Z
https://boxd.it/5h45Ld,Killers of the Flower Moon,2023,4.5,,,2026-08-12T11:07:14Z
https://boxd.it/gHp0,Killers of the Flower Moon,2023,4.02,1235204,,2026-08-12T11:07:13Z
https://boxd.it/4tpm,Kilukkam,1991,3.89,4088,,2026-08-12T11:07:14Z
https://boxd.it/1Ynq,King of New York,1990,3.76,103174,,2026-08-12T11:07:15Z
https://boxd.it/2hMY,King of the Doormen,1977,3.67,10117,,2026-08-12T11:07:15Z
https://boxd.it/6dxe,Kingsman: The Secret Service,2014,3.77,1500218,,2026-08-12T11:07:16Z
https://boxd.it/5LXo,Kireedam,1989,4.14,5925,,2026-08-12T11:07:17Z
https://boxd.it/WcC9V,Kirik Party,2016,4.0,,,2026-08-12T11:07:18Z
https://boxd.it/fnea,Kirik Party,2016,3.55,3364,,2026-08-12T11:07:17Z
https://boxd.it/1C3y,Kirikou and the Sorceress,1998,4.02,108054,,2026-08-12T11:07:19Z
https://boxd.it/WcBVT,Kis Kisko Pyaar Karoon,2015,3.0,,,2026-08-12T11:07:20Z
https://boxd.it/cbua,Kis Kisko Pyaar Karoon,2015,2.65,2594,,2026-08-12T11:07:19Z
https://boxd.it/6sRo,Kisapmata,1981,4.05,12785,,2026-08-12T11:07:20Z
https://boxd.it/CLOM,Kishkindha Kaandam,2024,3.98,34067,,2026-08-12T11:07:21Z
https://boxd.it/4Pw0,Kiss,1963,3.34,1268,,2026-08-12T11:07:22Z
https://boxd.it/1HHe,Kiss Me Deadly,1955,3.99,35013,,2026-08-12T11:07:23Z
https://boxd.it/2czg,Kit Kat,1991,4.16,5716,,2026-08-12T11:07:23Z
https://boxd.it/3jtm,Kitchen Sink,1989,3.67,4517,,2026-08-12T11:07:24Z
https://boxd.it/x5i,Kiwi!,2006,3.71,5748,,2026-08-12T11:07:25Z
https://boxd.it/WcBZ7,Klaus,2019,4.0,,,2026-08-12T11:07:27Z
https://boxd.it/ipoi,Klaus,2019,4.19,689489,,2026-08-12T11:07:26Z
https://boxd.it/2ako,Klute,1971,3.85,80935,,2026-08-12T11:07:27Z
https://boxd.it/1P74,Knick Knack,1989,3.53,37178,,2026-08-12T11:07:28Z
https://boxd.it/1THK,Knife in the Water,1962,3.76,30401,,2026-08-12T11:07:29Z
https://boxd.it/1cEQo1,Knives Out,2019,4.0,,,2026-08-12T11:07:30Z
https://boxd.it/jWEA,Knives Out,2019,3.97,4239251,,2026-08-12T11:07:29Z
https://boxd.it/23yS,Knocked Up,2007,3.04,322914,,2026-08-12T11:07:31Z
https://boxd.it/2aZQ,Knockin' on Heaven's Door,1997,3.94,24673,,2026-08-12T11:07:31Z
https://boxd.it/6p6,Ko,2011,3.79,8153,,2026-08-12T11:07:32Z
https://boxd.it/ePjK,Kodachrome,2017,3.32,27319,,2026-08-12T11:07:33Z
https://boxd.it/R6yo,Kokuho,2025,3.84,47206,,2026-08-12T11:07:34Z
https://boxd.it/lBfe,Kolaigaran,2019,3.24,1327,,2026-08-12T11:07:34Z
https://boxd.it/29Da,Kolya,1996,3.79,7268,,2026-08-12T11:07:35Z
https://boxd.it/mbA8,Konttho,2019,3.4,326,,2026-08-12T11:07:36Z
https://boxd.it/1cEQ2T,Koshish,1972,4.0,,,2026-08-12T11:07:37Z
https://boxd.it/8Wss,Koshish,1972,3.6,407,,2026-08-12T11:07:36Z
https://boxd.it/1U9E,Koyaanisqatsi,1982,4.32,94673,,2026-08-12T11:07:38Z
https://boxd.it/1nuLPF,Kramer vs. Kramer,1979,4.0,,,2026-08-12T11:07:39Z
https://boxd.it/h0w,Kramer vs. Kramer,1979,4.09,202772,,2026-08-12T11:07:39Z
https://boxd.it/WcC97,Kriti,2016,3.5,,,2026-08-12T11:07:41Z
https://boxd.it/i1J2,Kriti,2016,3.38,836,,2026-08-12T11:07:40Z
https://boxd.it/2PzY,Kshana Kshanam,1991,3.71,1805,,2026-08-12T11:07:41Z
https://boxd.it/dtxo,Kshanam,2016,3.59,2563,,2026-08-12T11:07:42Z
https://boxd.it/1nuLNf,Kuchh Bheege Alfaaz,2018,3.5,,,2026-08-12T11:07:43Z
https://boxd.it/jbeK,Kuchh Bheege Alfaaz,2018,3.44,290,,2026-08-12T11:07:43Z
https://boxd.it/cPvW,Kumari 21F,2015,3.41,1278,,2026-08-12T11:07:44Z
https://boxd.it/WcCrv,Kumbalangi Nights,2019,4.5,,,2026-08-12T11:07:45Z
https://boxd.it/l8wA,Kumbalangi Nights,2019,4.21,32334,,2026-08-12T11:07:45Z
https://boxd.it/7yMw,Kummatty,1979,3.89,4313,,2026-08-12T11:07:46Z
https://boxd.it/1cEQ5N,Kung Fury,2015,4.5,,,2026-08-12T11:07:47Z
https://boxd.it/7mSM,Kung Fury,2015,3.63,82123,,2026-08-12T11:07:47Z
https://boxd.it/geWa,Kurangu Bommai,2017,3.64,4005,,2026-08-12T11:07:49Z
https://boxd.it/12mE,Kuroneko,1968,4.07,34747,,2026-08-12T11:07:50Z
https://boxd.it/8ry,Kuruthipunal,1995,3.79,2913,,2026-08-12T11:07:50Z
https://boxd.it/2Do0,Kutty Srank,2010,3.37,254,,2026-08-12T11:07:51Z
https://boxd.it/1kbY,Kwaidan,1964,4.22,64869,,2026-08-12T11:07:52Z
https://boxd.it/4RHO,Kyiv Frescoes,1966,3.79,2401,,2026-08-12T11:07:53Z
https://boxd.it/8Vy,L'Amour fou,1969,4.03,4155,,2026-08-12T11:07:53Z
https://boxd.it/XIg,L'Argent,1983,3.98,43797,,2026-08-12T11:07:54Z
https://boxd.it/ThU,L'Atalante,1934,3.96,36633,,2026-08-12T11:07:55Z
https://boxd.it/23hs,L'Avventura,1960,4.06,79121,,2026-08-12T11:07:55Z
https://boxd.it/2CGLE5,L'Avventura,1960,4.0,,,2026-08-12T11:07:56Z
https://boxd.it/1CoG,L'Eclisse,1962,3.94,62863,,2026-08-12T11:07:57Z
https://boxd.it/44U0,L'Enfant Secret,1979,3.73,2254,,2026-08-12T11:07:57Z
https://boxd.it/27oC,L.A. Confidential,1997,4.1,433352,,2026-08-12T11:07:58Z
https://boxd.it/WcBn3,L.A. Confidential,1997,4.5,,,2026-08-12T11:07:59Z
https://boxd.it/1RxI,La Belle Noiseuse,1991,4.18,21695,,2026-08-12T11:07:59Z
https://boxd.it/63cqNd,La Belle Noiseuse,1991,4.0,,,2026-08-12T11:08:00Z
https://boxd.it/lXCE,La Belle Époque,2019,3.81,39021,,2026-08-12T11:08:01Z
https://boxd.it/SDaQ,La Bola Negra,2026,4.11,3874,,2026-08-12T11:08:01Z
https://boxd.it/3Gps,La chambre,1972,3.44,7203,,2026-08-12T11:08:02Z
https://boxd.it/1tx0,La Chienne,1931,3.82,7942,,2026-08-12T11:08:03Z
https://boxd.it/63crz7,La Chimera,2023,4.5,,,2026-08-12T11:08:04Z
https://boxd.it/vzVi,La Chimera,2023,4.09,318014,,2026-08-12T11:08:03Z
https://boxd.it/kpk,La Ciénaga,2001,3.85,77544,,2026-08-12T11:08:04Z
https://boxd.it/Aula,La Cocina,2024,3.78,44306,,2026-08-12T11:08:05Z
https://boxd.it/23Ls,La Collectionneuse,1967,3.79,52304,,2026-08-12T11:08:06Z
https://boxd.it/2n8VDD,La Collectionneuse,1967,4.5,,,2026-08-12T11:08:06Z
https://boxd.it/287C,La Cérémonie,1995,4.08,50368,,2026-08-12T11:08:07Z
https://boxd.it/7tlDsR,La Cérémonie,1995,4.0,,,2026-08-12T11:08:08Z
https://boxd.it/2anC,La Dolce Vita,1960,4.25,159963,,2026-08-12T11:08:09Z
https://boxd.it/8vDICp,La Dolce Vita,1960,4.5,,,2026-08-12T11:08:09Z
https://boxd.it/eZCs,La Flor,2018,4.03,4647,,2026-08-12T11:08:14Z
https://boxd.it/HGtE,La Gradiva,2026,4.03,2448,,2026-08-12T11:08:14Z
https://boxd.it/1X5q,La Grande Bouffe,1973,3.57,24670,,2026-08-12T11:08:15Z
https://boxd.it/RLHm,La Grazia,2025,3.75,80375,,2026-08-12T11:08:16Z
https://boxd.it/1nuLmD,La Haine,1995,4.5,,,2026-08-12T11:08:17Z
https://boxd.it/2as8,La Haine,1995,4.51,1150862,,2026-08-12T11:08:16Z
https://boxd.it/29Sk,La Jetée,1962,4.31,162105,,2026-08-12T11:08:18Z
https://boxd.it/2CGLEf,La Jetée,1962,4.5,,,2026-08-12T11:08:18Z
https://boxd.it/WcBQT,La La Land,2016,4.5,,,2026-08-12T11:08:20Z
https://boxd.it/a5fa,La La Land,2016,4.13,5044172,,2026-08-12T11:08:19Z
https://boxd.it/3if4,La libertad,2001,3.68,2632,,2026-08-12T11:08:20Z
https://boxd.it/2WbO,La luna,2011,3.81,41738,,2026-08-12T11:08:21Z
https://boxd.it/1D06,La Maison en Petits Cubes,2008,4.17,25639,,2026-08-12T11:08:22Z
https://boxd.it/1nuLpH,La Maison en Petits Cubes,2008,4.5,,,2026-08-12T11:08:22Z
https://boxd.it/10iU,La Notte,1961,4.26,81496,,2026-08-12T11:08:23Z
https://boxd.it/ui4,La Pointe Courte,1955,3.7,25208,,2026-08-12T11:08:24Z
https://boxd.it/1y8E,La Promesse,1996,4.0,12421,,2026-08-12T11:08:25Z
https://boxd.it/oYDk,La Ricotta,1963,3.74,12266,,2026-08-12T11:08:26Z
https://boxd.it/IZ2,La Soufrière: Waiting for an Inevitable Catastrophe,1977,3.92,8433,,2026-08-12T11:08:26Z
https://boxd.it/2asi,La Strada,1954,4.16,94547,,2026-08-12T11:08:27Z
https://boxd.it/1pZa,La Vie de Bohème,1992,3.95,13196,,2026-08-12T11:08:28Z
https://boxd.it/28OQ,La Vie en Rose,2007,3.84,65452,,2026-08-12T11:08:28Z
https://boxd.it/5h45Hl,La Vie en Rose,2007,3.5,,,2026-08-12T11:08:29Z
https://boxd.it/dL32,Laal Rang,2016,3.54,2023,,2026-08-12T11:08:29Z
https://boxd.it/qoSs,Labor of Love,2020,3.54,265,,2026-08-12T11:08:30Z
https://boxd.it/9bf4,Labour of Love,2014,4.01,2847,,2026-08-12T11:08:31Z
https://boxd.it/2EuS,Labyrinth of Dreams,1997,3.92,6127,,2026-08-12T11:08:31Z
https://boxd.it/Ot1G,laced up,2024,3.95,492,,2026-08-12T11:08:32Z
https://boxd.it/rZu,"Lacombe, Lucien",1974,3.8,8850,,2026-08-12T11:08:33Z
https://boxd.it/1cEQbh,Lady Bird,2017,4.5,,,2026-08-12T11:08:34Z
https://boxd.it/dGNE,Lady Bird,2017,3.81,3182152,,2026-08-12T11:08:33Z
https://boxd.it/rsms,Lady Parts,2018,4.21,2150,,2026-08-12T11:08:34Z
https://boxd.it/26Fi,Lady Snowblood,1973,4.13,88259,,2026-08-12T11:08:35Z
https://boxd.it/248G,Lady Vengeance,2005,4.07,225590,,2026-08-12T11:08:36Z
https://boxd.it/jIfw,Laila Majnu,2018,3.66,20588,,2026-08-12T11:08:36Z
https://boxd.it/1Ckk,Lakshya,2004,3.55,9931,,2026-08-12T11:08:37Z
https://boxd.it/WcBJX,Lakshya,2004,3.5,,,2026-08-12T11:08:38Z
https://boxd.it/bAOM,Lamentations: A Monument for the Dead World,1985,3.89,478,,2026-08-12T11:08:39Z
https://boxd.it/14Xi,Land and Freedom,1995,3.86,15043,,2026-08-12T11:08:40Z
https://boxd.it/b5ee,Land of Mine,2015,4.04,35719,,2026-08-12T11:08:40Z
https://boxd.it/JRy,Landscape in the Mist,1988,4.3,37455,,2026-08-12T11:08:41Z
https://boxd.it/46To,Landscape Suicide,1986,3.97,6424,,2026-08-12T11:08:42Z
https://boxd.it/cA4I29,Landscape Suicide,1986,4.0,,,2026-08-12T11:08:42Z
https://boxd.it/5h3WXT,Landscapes and Figures,2002,5.0,,,2026-08-12T11:08:44Z
https://boxd.it/fNEy,Landscapes and Figures,2002,3.88,1153,,2026-08-12T11:08:43Z
https://boxd.it/gj4C,Larceny,1996,2.66,2444,,2026-08-12T11:08:44Z
https://boxd.it/fSuI,Larceny,2017,2.56,409,,2026-08-12T11:08:45Z
https://boxd.it/Dgky,Larry,2022,3.83,2083,,2026-08-12T11:08:46Z
https://boxd.it/7L3a,Larry David: Curb Your Enthusiasm,1999,4.23,20677,,2026-08-12T11:08:46Z
https://boxd.it/kKi0,Last and First Men,2020,3.72,16344,,2026-08-12T11:08:47Z
https://boxd.it/uWQy,Last Film Show,2021,3.78,7225,,2026-08-12T11:08:47Z
https://boxd.it/1Tri,Last Life in the Universe,2003,3.93,12746,,2026-08-12T11:08:49Z
https://boxd.it/16Mc,Last Summer,1969,3.74,4149,,2026-08-12T11:08:49Z
https://boxd.it/28pw,Last Tango in Paris,1972,3.13,66309,,2026-08-12T11:08:50Z
https://boxd.it/722G,Last Train To Mahakali,2000,3.44,534,,2026-08-12T11:08:50Z
https://boxd.it/WcByv,Last Train To Mahakali,2000,4.5,,,2026-08-12T11:08:51Z
https://boxd.it/24Qe,Last Year at Marienbad,1961,4.08,65666,,2026-08-12T11:08:52Z
https://boxd.it/1Bf4,Late Autumn,1960,4.1,13706,,2026-08-12T11:08:53Z
https://boxd.it/QgzO,Late Shift,2025,3.95,40558,,2026-08-12T11:08:53Z
https://boxd.it/1DkK,Late Spring,1949,4.32,68670,,2026-08-12T11:08:54Z
https://boxd.it/27Oq,Laura,1944,4.04,85578,,2026-08-12T11:08:54Z
https://boxd.it/2CGLz5,Laura,1944,4.0,,,2026-08-12T11:08:55Z
https://boxd.it/3HQu,Laurence Anyways,2012,4.03,73606,,2026-08-12T11:08:56Z
https://boxd.it/8S9G,Lava,2014,3.59,75726,,2026-08-12T11:08:56Z
https://boxd.it/24Pg,Law of Desire,1987,3.84,50543,,2026-08-12T11:08:57Z
https://boxd.it/2wRE,Lawrence of Arabia,1962,4.42,391903,,2026-08-12T11:08:58Z
https://boxd.it/2n8VCl,Le Bonheur,1965,4.5,,,2026-08-12T11:08:59Z
https://boxd.it/xyk,Le Bonheur,1965,4.15,104648,,2026-08-12T11:08:59Z
https://boxd.it/1Tjy,Le Cercle Rouge,1970,4.2,70461,,2026-08-12T11:09:00Z
https://boxd.it/f7wM,Le Clitoris,2016,3.86,1840,,2026-08-12T11:09:01Z
https://boxd.it/1wvG,Le Deuxième Souffle,1966,3.99,9132,,2026-08-12T11:09:01Z
https://boxd.it/V0G,Le Notti Bianche,1957,4.0,24171,,2026-08-12T11:09:02Z
https://boxd.it/UGc,Le Plaisir,1952,3.91,8986,,2026-08-12T11:09:03Z
https://boxd.it/AO7M,Le Pupille,2022,3.64,32978,,2026-08-12T11:09:03Z
https://boxd.it/22ZI,Le Samouraï,1967,4.22,224009,,2026-08-12T11:09:04Z
https://boxd.it/1nSw,Le Trou,1960,4.5,62831,,2026-08-12T11:09:05Z
https://boxd.it/sc4,Leader,2010,3.76,3121,,2026-08-12T11:09:05Z
https://boxd.it/jEXa,Leading Lady Parts,2018,3.94,7723,,2026-08-12T11:09:06Z
https://boxd.it/1IjC,Leave Her to Heaven,1945,3.94,33927,,2026-08-12T11:09:07Z
https://boxd.it/fMfM,Leave No Trace,2018,3.74,90915,,2026-08-12T11:09:07Z
https://boxd.it/1XH9NB,Leaving Las Vegas,1995,3.5,,,2026-08-12T11:09:09Z
https://boxd.it/2amE,Leaving Las Vegas,1995,3.75,108336,,2026-08-12T11:09:08Z
https://boxd.it/4q1Q,Led Zeppelin: Celebration Day,2012,4.16,2011,,2026-08-12T11:09:09Z
https://boxd.it/6b7y,Left Right Left,2013,3.55,889,,2026-08-12T11:09:10Z
https://boxd.it/BLDW,Left-Handed Girl,2025,3.9,92281,,2026-08-12T11:09:11Z
https://boxd.it/7MS4,Legend,2014,3.16,1773,,2026-08-12T11:09:12Z
https://boxd.it/8qZY,Legend,2015,3.32,253544,,2026-08-12T11:09:12Z
https://boxd.it/1TLs,Leningrad Cowboys Go America,1989,3.76,19196,,2026-08-12T11:09:13Z
https://boxd.it/55pa,Les Mains négatives,1978,3.81,2497,,2026-08-12T11:09:13Z
https://boxd.it/2TT4,Les Misérables,2012,3.63,504114,,2026-08-12T11:09:14Z
https://boxd.it/lAPA,Les Misérables,2019,3.83,88510,,2026-08-12T11:09:15Z
https://boxd.it/eEus,Lesson of a Dead Language,1979,3.64,532,,2026-08-12T11:09:15Z
https://boxd.it/hacY,Let Me Fall,2018,3.69,947,,2026-08-12T11:09:16Z
https://boxd.it/1Qr0,Let the Right One In,2008,4.03,249470,,2026-08-12T11:09:17Z
https://boxd.it/1nuLn7,Let the Right One In,2008,3.5,,,2026-08-12T11:09:17Z
https://boxd.it/5Qvu,Let's Be Cops,2014,2.68,74586,,2026-08-12T11:09:18Z
https://boxd.it/WcBxH,Let's Be Cops,2014,3.0,,,2026-08-12T11:09:19Z
https://boxd.it/17RC,Let's Get Lost,1988,3.97,5897,,2026-08-12T11:09:19Z
https://boxd.it/1KI0,Let's Scare Jessica to Death,1971,3.51,28407,,2026-08-12T11:09:20Z
https://boxd.it/29e0,Lethal Weapon,1987,3.75,214157,,2026-08-12T11:09:21Z
https://boxd.it/2wRO,Letter from an Unknown Woman,1948,4.06,25895,,2026-08-12T11:09:21Z
https://boxd.it/BZW4,Letter to My Mother for My Son,2022,3.62,4292,,2026-08-12T11:09:22Z
https://boxd.it/290C,Letters from Iwo Jima,2006,3.95,75266,,2026-08-12T11:09:22Z
https://boxd.it/7Ub8,Leviathan,2014,4.03,57871,,2026-08-12T11:09:23Z
https://boxd.it/zOu,Leyla and Mecnun,1983,3.61,718,,2026-08-12T11:09:24Z
https://boxd.it/2CGLsX,Licorice Pizza,2021,4.0,,,2026-08-12T11:09:25Z
https://boxd.it/qTKY,Licorice Pizza,2021,3.54,819225,,2026-08-12T11:09:24Z
https://boxd.it/61pC,Life,1994,3.64,1370,,2026-08-12T11:09:26Z
https://boxd.it/dRqG,Life,2017,3.09,337760,,2026-08-12T11:09:26Z
https://boxd.it/dEZy,Life and a Day,2016,3.64,9906,,2026-08-12T11:09:27Z
https://boxd.it/1DoW,Life in a Metro,2007,3.43,12336,,2026-08-12T11:09:27Z
https://boxd.it/1cEQkX,Life in a Metro,2007,4.5,,,2026-08-12T11:09:28Z
https://boxd.it/1Xi0,Life Is All You Get,1997,3.52,748,,2026-08-12T11:09:29Z
https://boxd.it/1cEPUZ,Life Is Beautiful,1997,4.5,,,2026-08-12T11:09:30Z
https://boxd.it/29Wm,Life Is Beautiful,1997,4.41,818988,,2026-08-12T11:09:29Z
https://boxd.it/19GQ,Life Is Sweet,1990,3.91,23883,,2026-08-12T11:09:30Z
https://boxd.it/7qp2ct,Life Is Sweet,1990,4.0,,,2026-08-12T11:09:31Z
https://boxd.it/2a4q,Life of Brian,1979,4.0,413618,,2026-08-12T11:09:32Z
https://boxd.it/WcCn9,Life of Brian,1979,4.5,,,2026-08-12T11:09:32Z
https://boxd.it/2WEc,"Life, and Nothing More…",1992,4.29,44191,,2026-08-12T11:09:33Z
https://boxd.it/1Qpo,Lifeboat,1944,3.83,32491,,2026-08-12T11:09:34Z
https://boxd.it/1QW8,Lifted,2006,3.59,32402,,2026-08-12T11:09:34Z
https://boxd.it/WcCwZ,Lifted,2006,4.5,,,2026-08-12T11:09:35Z
https://boxd.it/4dsE,Light Is Calling,2004,3.84,2147,,2026-08-12T11:09:36Z
https://boxd.it/bAHc,Lights Out,2016,2.77,284198,,2026-08-12T11:09:37Z
https://boxd.it/g4s,Like Crazy,2011,3.31,53473,,2026-08-12T11:09:38Z
https://boxd.it/deGg,Like Crazy,2016,3.61,10324,,2026-08-12T11:09:38Z
https://boxd.it/5rQs,"Like Father, Like Son",2013,4.19,69050,,2026-08-12T11:09:39Z
https://boxd.it/1sVU,Like Grains of Sand,1995,3.87,5457,,2026-08-12T11:09:40Z
https://boxd.it/1LFG,Like Minds,2006,3.55,33007,,2026-08-12T11:09:40Z
https://boxd.it/3tOu,Like Someone in Love,2012,3.83,33606,,2026-08-12T11:09:41Z
https://boxd.it/20SA,Like Stars on Earth,2007,4.09,121596,,2026-08-12T11:09:42Z
https://boxd.it/WcCCD,Like Stars on Earth,2007,4.0,,,2026-08-12T11:09:43Z
https://boxd.it/1SyW,Lilya 4-ever,2002,4.18,251305,,2026-08-12T11:09:43Z
https://boxd.it/1osa,Limelight,1952,4.13,25811,,2026-08-12T11:09:44Z
https://boxd.it/1s1C,Linda Linda Linda,2005,4.21,79448,,2026-08-12T11:09:45Z
https://boxd.it/hvSQ,Linklater: On Cinema and Time,2013,4.11,3207,,2026-08-12T11:09:45Z
https://boxd.it/WcBQf,Lion,2016,4.0,,,2026-08-12T11:09:46Z
https://boxd.it/b2La,Lion,2016,3.95,398706,,2026-08-12T11:09:46Z
https://boxd.it/WcC0f,Lipstick Under My Burkha,2017,3.5,,,2026-08-12T11:09:48Z
https://boxd.it/eLT0,Lipstick Under My Burkha,2017,3.62,6869,,2026-08-12T11:09:47Z
https://boxd.it/prg0,Little Amélie or the Character of Rain,2025,4.12,87590,,2026-08-12T11:09:48Z
https://boxd.it/1qIu,Little Caesar,1931,3.51,19301,,2026-08-12T11:09:50Z
https://boxd.it/lAFK,Little Fish,2020,4.13,94534,,2026-08-12T11:09:50Z
https://boxd.it/9iNW,Little Forest: Summer/Autumn,2014,4.01,12557,,2026-08-12T11:09:51Z
https://boxd.it/b5Yc,Little Forest: Winter/Spring,2015,4.02,7852,,2026-08-12T11:09:51Z
https://boxd.it/1cEQ9Z,Little Miss Sunshine,2006,4.0,,,2026-08-12T11:09:53Z
https://boxd.it/29EW,Little Miss Sunshine,2006,4.22,2422305,,2026-08-12T11:09:52Z
https://boxd.it/4OMQ,Little Tailor,2010,3.57,3370,,2026-08-12T11:09:53Z
https://boxd.it/9n9s,Little White Lie,2014,3.37,1069,,2026-08-12T11:09:54Z
https://boxd.it/1cEQ5j,Little Women,2019,4.5,,,2026-08-12T11:09:55Z
https://boxd.it/aSVk,Little Women,2019,4.19,2972015,,2026-08-12T11:09:54Z
https://boxd.it/IumS,Live to 100: Secrets of the Blue Zones,2023,3.74,2268,,2026-08-12T11:09:56Z
https://boxd.it/avqo,Living Still Life,2012,3.71,4240,,2026-08-12T11:09:56Z
https://boxd.it/1034y,Living With A Visionary,2026,3.94,525,,2026-08-12T11:09:57Z
https://boxd.it/hksW,Liz and the Blue Bird,2018,4.01,26349,,2026-08-12T11:09:58Z
https://boxd.it/9uI,Liza,1972,3.16,1528,,2026-08-12T11:09:58Z
https://boxd.it/dH3YUF,Liza,1972,1.0,,,2026-08-12T11:09:59Z
https://boxd.it/2b92,"Lock, Stock and Two Smoking Barrels",1998,4.03,313750,,2026-08-12T11:09:59Z
https://boxd.it/WcBnH,"Lock, Stock and Two Smoking Barrels",1998,4.5,,,2026-08-12T11:10:00Z
https://boxd.it/NelO,Lokah Chapter 1: Chandra,2025,3.69,57271,,2026-08-12T11:10:01Z
https://boxd.it/11ho,Lola,1961,3.89,38199,,2026-08-12T11:10:01Z
https://boxd.it/4h3BNv,Lola,1961,4.0,,,2026-08-12T11:10:02Z
https://boxd.it/273u,Lola,1981,3.78,11868,,2026-08-12T11:10:02Z
https://boxd.it/4h3BUr,Lola,1981,4.0,,,2026-08-12T11:10:03Z
https://boxd.it/41qw,London,1994,3.94,2580,,2026-08-12T11:10:04Z
https://boxd.it/1tge,Lone Star,1996,3.89,35545,,2026-08-12T11:10:04Z
https://boxd.it/Zia,Lone Wolf and Cub: Sword of Vengeance,1972,3.81,21656,,2026-08-12T11:10:05Z
https://boxd.it/7LgI,Lonely Heart,1985,3.99,3264,,2026-08-12T11:10:05Z
https://boxd.it/4h3BUh,Long Day's Journey Into Night,2018,5.0,,,2026-08-12T11:10:06Z
https://boxd.it/hw1I,Long Day's Journey Into Night,2018,3.99,48334,,2026-08-12T11:10:06Z
https://boxd.it/fjis,Long Strange Trip,2017,4.06,3681,,2026-08-12T11:10:07Z
https://boxd.it/vkwW,Long Vacation,1996,4.22,1954,,2026-08-12T11:10:08Z
https://boxd.it/7Lrly7,Look Back,2024,3.5,,,2026-08-12T11:10:09Z
https://boxd.it/LjA6,Look Back,2024,4.29,502613,,2026-08-12T11:10:08Z
https://boxd.it/npHO,Looking for Alaska,2019,3.88,64325,,2026-08-12T11:10:09Z
https://boxd.it/1cEPXf,Looper,2012,3.5,,,2026-08-12T11:10:10Z
https://boxd.it/ham,Looper,2012,3.58,481864,,2026-08-12T11:10:10Z
https://boxd.it/1nuLkH,Lootcase,2020,2.5,,,2026-08-12T11:10:12Z
https://boxd.it/nzAI,Lootcase,2020,3.33,5434,,2026-08-12T11:10:11Z
https://boxd.it/1nuLu3,Lootera,2013,4.0,,,2026-08-12T11:10:13Z
https://boxd.it/69o8,Lootera,2013,3.83,16097,,2026-08-12T11:10:12Z
https://boxd.it/284y,Lord of War,2005,3.63,236544,,2026-08-12T11:10:14Z
https://boxd.it/B1xe,Los Frikis,2024,3.77,3237,,2026-08-12T11:10:14Z
https://boxd.it/8jau,Losing Ground,1982,3.86,10370,,2026-08-12T11:10:15Z
https://boxd.it/uhA,Lost,2004,3.9,9002,,2026-08-12T11:10:15Z
https://boxd.it/29Wc,Lost Highway,1997,4.12,465048,,2026-08-12T11:10:16Z
https://boxd.it/4h3BlL,Lost Highway,1997,4.0,,,2026-08-12T11:10:17Z
https://boxd.it/4h3BeZ,Lost Illusions,2021,4.0,,,2026-08-12T11:10:18Z
https://boxd.it/oxSW,Lost Illusions,2021,3.78,37292,,2026-08-12T11:10:17Z
https://boxd.it/I6Yo,Lost in Starlight,2025,3.92,82478,,2026-08-12T11:10:19Z
https://boxd.it/2b0E,Lost in Translation,2003,3.74,1583182,,2026-08-12T11:10:19Z
https://boxd.it/WcBLf,Lost in Translation,2003,4.0,,,2026-08-12T11:10:20Z
https://boxd.it/4dRu,Lothringen!,1994,3.7,719,,2026-08-12T11:10:20Z
https://boxd.it/fntk,Lou,2017,3.68,21813,,2026-08-12T11:10:21Z
https://boxd.it/7xBi,Louis Lumière,1968,3.84,866,,2026-08-12T11:10:21Z
https://boxd.it/xYwc,Louise,2021,3.92,11878,,2026-08-12T11:10:23Z
https://boxd.it/108q,Lourdes,2009,3.67,4473,,2026-08-12T11:10:23Z
https://boxd.it/7Snc,Love,1962,3.47,551,,2026-08-12T11:10:24Z
https://boxd.it/9brE,Love,2015,3.14,175673,,2026-08-12T11:10:24Z
https://boxd.it/dVDhUb,Love,2015,2.5,,,2026-08-12T11:10:25Z
https://boxd.it/KFoY,Love,2024,3.6,13528,,2026-08-12T11:10:26Z
https://boxd.it/1Nu6,Love & Basketball,2000,3.66,66561,,2026-08-12T11:10:26Z
https://boxd.it/2sv0,Love & Pop,1998,4.11,37580,,2026-08-12T11:10:27Z
https://boxd.it/1xig4f,Love Actually,2003,3.5,,,2026-08-12T11:10:28Z
https://boxd.it/2aeU,Love Actually,2003,3.51,1265096,,2026-08-12T11:10:28Z
https://boxd.it/oCJK,Love Affair(s),2020,3.59,10695,,2026-08-12T11:10:29Z
https://boxd.it/WfW,"Love Affair, or the Case of the Missing Switchboard Operator",1967,3.69,3283,,2026-08-12T11:10:29Z
https://boxd.it/3TC,Love and Anarchy,1973,4.01,10554,,2026-08-12T11:10:30Z
https://boxd.it/1TeS,Love and Death,1975,3.88,48412,,2026-08-12T11:10:31Z
https://boxd.it/1ZRc,Love at Twenty,1962,3.54,1853,,2026-08-12T11:10:31Z
https://boxd.it/53CQ,Love Exists,1960,3.97,3238,,2026-08-12T11:10:32Z
https://boxd.it/1XH9Nh,Love Exposure,2008,4.0,,,2026-08-12T11:10:33Z
https://boxd.it/1pDe,Love Exposure,2008,4.39,95424,,2026-08-12T11:10:33Z
https://boxd.it/3jjw,Love for Sale,2006,3.76,23561,,2026-08-12T11:10:34Z
https://boxd.it/xfxk,Love Generation,1997,3.6,582,,2026-08-12T11:10:35Z
https://boxd.it/3Rcu,Love Hotel,1985,3.67,4405,,2026-08-12T11:10:36Z
https://boxd.it/6zYGO1,Love Hotel,1985,4.0,,,2026-08-12T11:10:36Z
https://boxd.it/Ati,Love Hurts,2002,3.73,81230,,2026-08-12T11:10:37Z
https://boxd.it/1HcK,Love in the Afternoon,1957,3.52,20743,,2026-08-12T11:10:38Z
https://boxd.it/1Svo,Love in the Afternoon,1972,4.01,44345,,2026-08-12T11:10:39Z
https://boxd.it/2n8VEr,Love in the Afternoon,1972,4.5,,,2026-08-12T11:10:39Z
https://boxd.it/HF8q,Love in the Big City,2024,3.99,34688,,2026-08-12T11:10:40Z
https://boxd.it/1s3S,Love Jones,1997,3.83,18517,,2026-08-12T11:10:41Z
https://boxd.it/LMA,Love Letter,1995,4.14,54485,,2026-08-12T11:10:41Z
https://boxd.it/3dlG,Love Me Deadly,1972,3.06,1116,,2026-08-12T11:10:42Z
https://boxd.it/63csqF,Love Meetings,1964,3.5,,,2026-08-12T11:10:43Z
https://boxd.it/W9Y,Love Meetings,1964,3.99,18875,,2026-08-12T11:10:42Z
https://boxd.it/isVO,Love Ni Bhavai,2017,3.52,485,,2026-08-12T11:10:44Z
https://boxd.it/1nuLOx,Love per Square Foot,2018,3.5,,,2026-08-12T11:10:45Z
https://boxd.it/ifTA,Love per Square Foot,2018,3.16,4860,,2026-08-12T11:10:44Z
https://boxd.it/zOk,Love Streams,1984,4.17,29829,,2026-08-12T11:10:45Z
https://boxd.it/10UHS,Love Through a Prism,2026,4.28,15139,,2026-08-12T11:10:46Z
https://boxd.it/4uBI,Love Torn in a Dream,2000,3.92,1243,,2026-08-12T11:10:46Z
https://boxd.it/3rsc,Love − Zero = Infinity,1994,3.45,1331,,2026-08-12T11:10:47Z
https://boxd.it/WcCC9,"Love, Death & Robots: Alternate Histories",2019,3.5,,,2026-08-12T11:10:49Z
https://boxd.it/lJHg,"Love, Death & Robots: Alternate Histories",2019,2.78,48935,,2026-08-12T11:10:48Z
https://boxd.it/30ha25,"Love, Death & Robots: Bad Travelling",2022,4.0,,,2026-08-12T11:10:50Z
https://boxd.it/BykM,"Love, Death & Robots: Bad Travelling",2022,4.18,105353,,2026-08-12T11:10:50Z
https://boxd.it/WcCAH,"Love, Death & Robots: Beyond the Aquila Rift",2019,4.5,,,2026-08-12T11:10:51Z
https://boxd.it/lGTe,"Love, Death & Robots: Beyond the Aquila Rift",2019,3.47,59878,,2026-08-12T11:10:51Z
https://boxd.it/3iab1v,"Love, Death & Robots: Blindspot",2019,3.5,,,2026-08-12T11:10:53Z
https://boxd.it/lJH6,"Love, Death & Robots: Blindspot",2019,2.77,36941,,2026-08-12T11:10:52Z
https://boxd.it/WcCBv,"Love, Death & Robots: Fish Night",2019,3.5,,,2026-08-12T11:10:54Z
https://boxd.it/lJGs,"Love, Death & Robots: Fish Night",2019,3.18,46859,,2026-08-12T11:10:53Z
https://boxd.it/WcCAR,"Love, Death & Robots: Good Hunting",2019,4.5,,,2026-08-12T11:10:55Z
https://boxd.it/lJFO,"Love, Death & Robots: Good Hunting",2019,3.6,52632,,2026-08-12T11:10:54Z
https://boxd.it/WcCBl,"Love, Death & Robots: Helping Hand",2019,3.5,,,2026-08-12T11:10:58Z
https://boxd.it/lJGW,"Love, Death & Robots: Helping Hand",2019,3.23,43543,,2026-08-12T11:10:56Z
https://boxd.it/WcCBZ,"Love, Death & Robots: Ice Age",2019,4.0,,,2026-08-12T11:10:59Z
https://boxd.it/lJG8,"Love, Death & Robots: Ice Age",2019,3.01,54142,,2026-08-12T11:10:58Z
https://boxd.it/3iaaSj,"Love, Death & Robots: Jibaro",2022,4.0,,,2026-08-12T11:11:00Z
https://boxd.it/EqO6,"Love, Death & Robots: Jibaro",2022,4.17,80389,,2026-08-12T11:11:00Z
https://boxd.it/WcCBF,"Love, Death & Robots: Lucky 13",2019,4.5,,,2026-08-12T11:11:01Z
https://boxd.it/lJGC,"Love, Death & Robots: Lucky 13",2019,3.11,39603,,2026-08-12T11:11:01Z
https://boxd.it/WcCBb,"Love, Death & Robots: Shape-Shifters",2019,3.5,,,2026-08-12T11:11:03Z
https://boxd.it/lJFY,"Love, Death & Robots: Shape-Shifters",2019,3.05,45641,,2026-08-12T11:11:02Z
https://boxd.it/WcCzp,"Love, Death & Robots: Sonnie's Edge",2019,4.0,,,2026-08-12T11:11:04Z
https://boxd.it/lECg,"Love, Death & Robots: Sonnie's Edge",2019,3.62,69083,,2026-08-12T11:11:03Z
https://boxd.it/WcCAd,"Love, Death & Robots: Sucker of Souls",2019,3.0,,,2026-08-12T11:11:05Z
https://boxd.it/lFOW,"Love, Death & Robots: Sucker of Souls",2019,3.02,46461,,2026-08-12T11:11:04Z
https://boxd.it/WcCA3,"Love, Death & Robots: Suits",2019,4.0,,,2026-08-12T11:11:06Z
https://boxd.it/lFOM,"Love, Death & Robots: Suits",2019,3.29,48901,,2026-08-12T11:11:05Z
https://boxd.it/WcCB1,"Love, Death & Robots: The Dump",2019,3.0,,,2026-08-12T11:11:08Z
https://boxd.it/lJGi,"Love, Death & Robots: The Dump",2019,2.68,42608,,2026-08-12T11:11:07Z
https://boxd.it/WcCCj,"Love, Death & Robots: The Secret War",2019,4.5,,,2026-08-12T11:11:09Z
https://boxd.it/lN0g,"Love, Death & Robots: The Secret War",2019,3.56,50362,,2026-08-12T11:11:08Z
https://boxd.it/WcCzT,"Love, Death & Robots: The Witness",2019,3.5,,,2026-08-12T11:11:10Z
https://boxd.it/lFO8,"Love, Death & Robots: The Witness",2019,3.87,86884,,2026-08-12T11:11:09Z
https://boxd.it/WcCzz,"Love, Death & Robots: Three Robots",2019,3.5,,,2026-08-12T11:11:11Z
https://boxd.it/lECK,"Love, Death & Robots: Three Robots",2019,3.63,80887,,2026-08-12T11:11:10Z
https://boxd.it/WcCyB,"Love, Death & Robots: When the Yogurt Took Over",2019,4.0,,,2026-08-12T11:11:13Z
https://boxd.it/lFSY,"Love, Death & Robots: When the Yogurt Took Over",2019,3.16,61107,,2026-08-12T11:11:12Z
https://boxd.it/WcCBP,"Love, Death & Robots: Zima Blue",2019,4.5,,,2026-08-12T11:11:14Z
https://boxd.it/lJGM,"Love, Death & Robots: Zima Blue",2019,4.23,85241,,2026-08-12T11:11:14Z
https://boxd.it/EXuo,Loveable,2024,3.78,15819,,2026-08-12T11:11:15Z
https://boxd.it/2H7W,Lovelace,2013,2.96,30518,,2026-08-12T11:11:15Z
https://boxd.it/fcFa,Loveless,2017,3.92,46951,,2026-08-12T11:11:16Z
https://boxd.it/iVUU,Lovely Yellow Color,1991,3.46,267,,2026-08-12T11:11:17Z
https://boxd.it/28NS,Lovers of the Arctic Circle,1998,3.83,19498,,2026-08-12T11:11:17Z
https://boxd.it/13NG,Loves of a Blonde,1965,3.78,19900,,2026-08-12T11:11:18Z
https://boxd.it/WcBKh,Loving Vincent,2017,4.0,,,2026-08-12T11:11:19Z
https://boxd.it/biIQ,Loving Vincent,2017,4.03,276067,,2026-08-12T11:11:18Z
https://boxd.it/FvlK,Lubber Pandhu,2024,3.91,22558,,2026-08-12T11:11:20Z
https://boxd.it/2n8Vph,Luca,2021,3.5,,,2026-08-12T11:11:21Z
https://boxd.it/ipjC,Luca,2021,3.67,1503772,,2026-08-12T11:11:20Z
https://boxd.it/1blq,Lucifer Rising,1972,3.81,13341,,2026-08-12T11:11:21Z
https://boxd.it/1Kja,Luck by Chance,2009,3.59,9940,,2026-08-12T11:11:22Z
https://boxd.it/5vUy,Lucky Bastard,2014,2.32,1205,,2026-08-12T11:11:23Z
https://boxd.it/2aVu,Lucky Number Slevin,2006,3.61,109962,,2026-08-12T11:11:23Z
https://boxd.it/4BuO,Lucky Three: An Elliott Smith Portrait,1997,4.37,6128,,2026-08-12T11:11:24Z
https://boxd.it/vvUA,Lullaby,2022,3.8,20494,,2026-08-12T11:11:24Z
https://boxd.it/jC06,Lupt,2018,2.77,273,,2026-08-12T11:11:25Z
https://boxd.it/WcCrP,Lust Stories,2018,3.5,,,2026-08-12T11:11:26Z
https://boxd.it/jh4G,Lust Stories,2018,3.13,10381,,2026-08-12T11:11:26Z
https://boxd.it/244k,"Lust, Caution",2007,3.98,43740,,2026-08-12T11:11:27Z
https://boxd.it/22Og,Luther,2003,3.15,12828,,2026-08-12T11:11:28Z
https://boxd.it/1P7y,Luxo Jr.,1986,3.5,32666,,2026-08-12T11:11:29Z
https://boxd.it/1cEQoP,Luxo Jr.,1986,3.5,,,2026-08-12T11:11:29Z
https://boxd.it/5O0,"Léon Morin, Priest",1961,4.0,14054,,2026-08-12T11:11:30Z
https://boxd.it/2b8S,Léon: The Professional,1994,4.0,1468197,,2026-08-12T11:11:30Z
https://boxd.it/WcBjb,Léon: The Professional,1994,4.5,,,2026-08-12T11:11:31Z
https://boxd.it/ci0Q,L’homme atlantique,1981,4.0,2256,,2026-08-12T11:11:32Z
https://boxd.it/29vq,M,1931,4.29,224057,,2026-08-12T11:11:32Z
https://boxd.it/WcBAL,M,1931,4.5,,,2026-08-12T11:11:33Z
https://boxd.it/29U6,M*A*S*H,1970,3.49,75354,,2026-08-12T11:11:34Z
https://boxd.it/bYcC,m.A.A.d,2014,4.1,3600,,2026-08-12T11:11:34Z
https://boxd.it/yjo4,M3LL155X,2015,4.12,2132,,2026-08-12T11:11:35Z
https://boxd.it/ewN2,Maanagaram,2017,3.8,9629,,2026-08-12T11:11:36Z
https://boxd.it/1G9U,Maborosi,1995,4.1,32702,,2026-08-12T11:11:36Z
https://boxd.it/41Va,Macario,1960,4.23,33866,,2026-08-12T11:11:37Z
https://boxd.it/1cEPYH,Mad Max: Fury Road,2015,4.5,,,2026-08-12T11:11:38Z
https://boxd.it/2DjO,Mad Max: Fury Road,2015,4.17,2226771,,2026-08-12T11:11:38Z
https://boxd.it/WcC8t,Madaari,2016,3.5,,,2026-08-12T11:11:39Z
https://boxd.it/dUUY,Madaari,2016,3.55,4103,,2026-08-12T11:11:39Z
https://boxd.it/2kha,Madame Rosa,1977,3.63,1791,,2026-08-12T11:11:40Z
https://boxd.it/WtfY,Maddie's Secret,2025,3.72,32278,,2026-08-12T11:11:41Z
https://boxd.it/H5qS,Made in England: The Films of Powell and Pressburger,2024,3.96,8031,,2026-08-12T11:11:41Z
https://boxd.it/1uFk,Made in Hong Kong,1997,4.12,23045,,2026-08-12T11:11:42Z
https://boxd.it/e88k,Made of Air,2014,4.07,2112,,2026-08-12T11:11:42Z
https://boxd.it/Mf8,Madeinusa,2006,3.61,5415,,2026-08-12T11:11:43Z
https://boxd.it/1axq,Mademoiselle,1966,3.72,3036,,2026-08-12T11:11:43Z
https://boxd.it/7dPk,Madha Yaanai Koottam,2013,3.38,459,,2026-08-12T11:11:44Z
https://boxd.it/5cy4,Madhumati,1958,3.67,1227,,2026-08-12T11:11:45Z
https://boxd.it/8Eu6,Madras,2014,3.83,8076,,2026-08-12T11:11:46Z
https://boxd.it/6qgU,Madras Cafe,2013,3.32,4485,,2026-08-12T11:11:47Z
https://boxd.it/kSA2,Madura Raja,2019,2.67,1894,,2026-08-12T11:11:48Z
https://boxd.it/mgcA,Magamuni,2019,3.51,2558,,2026-08-12T11:11:48Z
https://boxd.it/APTM,Magellan,2025,3.69,20034,,2026-08-12T11:11:49Z
https://boxd.it/Ajys,Magic Spot,2022,3.88,1457,,2026-08-12T11:11:50Z
https://boxd.it/1nuLs7,Magnolia,1999,4.5,,,2026-08-12T11:11:51Z
https://boxd.it/2aze,Magnolia,1999,4.23,615751,,2026-08-12T11:11:51Z
https://boxd.it/8re,Mahanadhi,1994,4.01,6075,,2026-08-12T11:11:52Z
https://boxd.it/dhEM,Maheshinte Prathikaaram,2016,4.02,11126,,2026-08-12T11:11:53Z
https://boxd.it/dAP0,Maigret,2016,3.38,2437,,2026-08-12T11:11:53Z
https://boxd.it/SXnA,Main Vaapas Aaunga,2026,4.01,20304,,2026-08-12T11:11:54Z
https://boxd.it/nDyG,Make Me a Sandwich,2019,3.05,14975,,2026-08-12T11:11:54Z
https://boxd.it/10hC,Make Way for Tomorrow,1937,4.23,21033,,2026-08-12T11:11:55Z
https://boxd.it/FrIU,Making Babies,2023,3.55,497,,2026-08-12T11:11:56Z
https://boxd.it/27WE,Malcolm X,1992,4.3,220251,,2026-08-12T11:11:56Z
https://boxd.it/1Vc0,Malena,2000,3.58,127433,,2026-08-12T11:11:57Z
https://boxd.it/On0W,Malice@Doll,2001,3.83,4733,,2026-08-12T11:11:57Z
https://boxd.it/oLgC,Malik,2021,3.68,11393,,2026-08-12T11:11:58Z
https://boxd.it/7UE,Malina,1991,3.66,5463,,2026-08-12T11:11:59Z
https://boxd.it/hJNU,Malli Raava,2017,3.51,1357,,2026-08-12T11:11:59Z
https://boxd.it/2PKC,Malliswari,2004,3.66,2392,,2026-08-12T11:12:00Z
https://boxd.it/K5d6,Malu,2024,3.89,12141,,2026-08-12T11:12:00Z
https://boxd.it/1QGa,Mama's Boy,2007,2.4,2101,,2026-08-12T11:12:01Z
https://boxd.it/WcCrF,Mama's Boy,2007,3.5,,,2026-08-12T11:12:02Z
https://boxd.it/3zBd3l,Mama's Boy,2016,3.5,,,2026-08-12T11:12:03Z
https://boxd.it/1X7Q,Man Bites Dog,1992,3.78,70319,,2026-08-12T11:12:04Z
https://boxd.it/xawc,Man on a Train,2018,3.09,4821,,2026-08-12T11:12:04Z
https://boxd.it/1u7s,Man with a Movie Camera,1929,4.26,96764,,2026-08-12T11:12:05Z
https://boxd.it/8ikvn7,Man with a Movie Camera,1929,5.0,,,2026-08-12T11:12:05Z
https://boxd.it/4l9A,Man's Gentle Love,2002,3.57,300,,2026-08-12T11:12:06Z
https://boxd.it/7rrw,Manam,2014,3.72,5525,,2026-08-12T11:12:07Z
https://boxd.it/1cEQ7J,Manchester by the Sea,2016,4.0,,,2026-08-12T11:12:08Z
https://boxd.it/b2L0,Manchester by the Sea,2016,4.13,1145316,,2026-08-12T11:12:08Z
https://boxd.it/3yj2,Mandala,1971,3.7,2145,,2026-08-12T11:12:09Z
https://boxd.it/5gSC,Mandi,1983,3.71,1710,,2026-08-12T11:12:10Z
https://boxd.it/qEAa,Mangrove,2020,4.1,31456,,2026-08-12T11:12:11Z
https://boxd.it/1nuLPP,Manhattan,1979,4.5,,,2026-08-12T11:12:12Z
https://boxd.it/29Na,Manhattan,1979,3.85,186906,,2026-08-12T11:12:11Z
https://boxd.it/1Wg8,Manhattan Murder Mystery,1993,3.73,57603,,2026-08-12T11:12:13Z
https://boxd.it/1TOw,Manhunter,1986,3.86,189468,,2026-08-12T11:12:13Z
https://boxd.it/jX9y,Maniac,2018,3.94,98647,,2026-08-12T11:12:14Z
https://boxd.it/1OtS,Maniac Cop,1988,3.07,47879,,2026-08-12T11:12:14Z
https://boxd.it/2Yeg,Manichitrathazhu,1993,4.05,12667,,2026-08-12T11:12:15Z
https://boxd.it/WcBA7,Manichitrathazhu,1993,4.5,,,2026-08-12T11:12:16Z
https://boxd.it/4DPE,Manila by Night,1980,3.74,2480,,2026-08-12T11:12:17Z
https://boxd.it/20hE,Manitou's Shoe,2001,3.39,25568,,2026-08-12T11:12:17Z
https://boxd.it/WcBLT,Manjhi: The Mountain Man,2015,4.0,,,2026-08-12T11:12:19Z
https://boxd.it/bVQu,Manjhi: The Mountain Man,2015,3.51,3230,,2026-08-12T11:12:18Z
https://boxd.it/EtUc,Manjummel Boys,2024,4.03,52730,,2026-08-12T11:12:19Z
https://boxd.it/1xifJB,Mank,2020,4.0,,,2026-08-12T11:12:21Z
https://boxd.it/mIuC,Mank,2020,3.3,221560,,2026-08-12T11:12:20Z
https://boxd.it/2EwE,Mankatha,2011,3.86,14579,,2026-08-12T11:12:21Z
https://boxd.it/2hKe,Manmadhan,2004,3.32,3149,,2026-08-12T11:12:22Z
https://boxd.it/2PKs,Manmadhudu,2002,3.81,3154,,2026-08-12T11:12:23Z
https://boxd.it/gOfG,Manoel’s Destinies,1984,4.22,1813,,2026-08-12T11:12:23Z
https://boxd.it/Ngc,Manorama Six Feet Under,2007,3.54,5697,,2026-08-12T11:12:24Z
https://boxd.it/78p2,Manthan,1976,3.75,2028,,2026-08-12T11:12:25Z
https://boxd.it/WcCd9,Manu,2018,4.5,,,2026-08-12T11:12:26Z
https://boxd.it/jWL2,Manu,2018,3.42,508,,2026-08-12T11:12:25Z
https://boxd.it/1CbM,Maqbool,2003,3.9,12995,,2026-08-12T11:12:27Z
https://boxd.it/WcBR3,Maqbool,2003,4.5,,,2026-08-12T11:12:27Z
https://boxd.it/5DfI,March Comes In Like a Lion,1991,3.7,2446,,2026-08-12T11:12:28Z
https://boxd.it/2kbm,Margaret,2011,3.88,35154,,2026-08-12T11:12:29Z
https://boxd.it/1nuLyp,Margarita with a Straw,2015,3.0,,,2026-08-12T11:12:30Z
https://boxd.it/8Vu8,Margarita with a Straw,2015,3.34,6927,,2026-08-12T11:12:29Z
https://boxd.it/XDq,Marianne and Juliane,1981,3.78,5010,,2026-08-12T11:12:30Z
https://boxd.it/2Y7k,Marina Abramović: The Artist Is Present,2012,3.89,13547,,2026-08-12T11:12:31Z
https://boxd.it/1uSS,Marketa Lazarová,1967,4.19,16053,,2026-08-12T11:12:32Z
https://boxd.it/3aT6,Marley,2012,3.83,7396,,2026-08-12T11:12:33Z
https://boxd.it/2n8VCF,Marlina the Murderer in Four Acts,2017,3.5,,,2026-08-12T11:12:34Z
https://boxd.it/gazQ,Marlina the Murderer in Four Acts,2017,3.72,17641,,2026-08-12T11:12:33Z
https://boxd.it/WcCkf,Marriage Story,2019,4.5,,,2026-08-12T11:12:35Z
https://boxd.it/hJAw,Marriage Story,2019,4.02,1430366,,2026-08-12T11:12:35Z
https://boxd.it/26W4,Married to the Mob,1988,3.46,29810,,2026-08-12T11:12:36Z
https://boxd.it/lATC,Mars Express,2023,4.02,86104,,2026-08-12T11:12:37Z
https://boxd.it/4Qau,Marseille,2004,3.49,2310,,2026-08-12T11:12:37Z
https://boxd.it/1Wzu,Martha,1974,3.94,7119,,2026-08-12T11:12:38Z
https://boxd.it/1tJ6,Martin,1977,3.71,39047,,2026-08-12T11:12:39Z
https://boxd.it/nTbo,Martin Margiela: In His Own Words,2019,4.03,4907,,2026-08-12T11:12:40Z
https://boxd.it/Off0,Marty Supreme,2025,4.03,3006943,,2026-08-12T11:12:40Z
https://boxd.it/d5FbEx,Marty Supreme,2025,4.0,,,2026-08-12T11:12:41Z
https://boxd.it/1Yqu,Martyrs,2008,3.6,292471,,2026-08-12T11:12:41Z
https://boxd.it/1cEQq7,Mary and Max,2009,4.5,,,2026-08-12T11:12:43Z
https://boxd.it/1y2m,Mary and Max,2009,4.27,212127,,2026-08-12T11:12:42Z
https://boxd.it/7awa,Mary Jane's Not a Virgin Anymore,1996,3.77,4849,,2026-08-12T11:12:43Z
https://boxd.it/WcBXP,Masaan,2015,4.0,,,2026-08-12T11:12:45Z
https://boxd.it/b6x2,Masaan,2015,4.1,31870,,2026-08-12T11:12:44Z
https://boxd.it/23UY,Masculin Féminin,1966,3.79,94700,,2026-08-12T11:12:45Z
https://boxd.it/qIwm,Masel Tov Cocktail,2020,3.79,1042,,2026-08-12T11:12:46Z
https://boxd.it/1BRi,Masoom,1983,3.83,2583,,2026-08-12T11:12:46Z
https://boxd.it/WcCsN,Masoom,1983,4.5,,,2026-08-12T11:12:47Z
https://boxd.it/rto,Master of the House,1925,3.61,3865,,2026-08-12T11:12:48Z
https://boxd.it/gJK,"Master, a Building in Copacabana",2002,4.3,27030,,2026-08-12T11:12:48Z
https://boxd.it/2b6s,Match Point,2005,3.62,184040,,2026-08-12T11:12:49Z
https://boxd.it/215a,Matchstick Men,2003,3.63,77015,,2026-08-12T11:12:50Z
https://boxd.it/gWkk,Maternal Filigree,1980,3.73,291,,2026-08-12T11:12:50Z
https://boxd.it/30hap9,Mathilukal,1990,4.5,,,2026-08-12T11:12:51Z
https://boxd.it/7wOq,Mathilukal,1990,3.95,3371,,2026-08-12T11:12:51Z
https://boxd.it/osXW,Mathu Vadalara,2019,3.76,6583,,2026-08-12T11:12:52Z
https://boxd.it/4b7k,Matrubhoomi: A Nation Without Women,2003,3.55,1147,,2026-08-12T11:12:53Z
https://boxd.it/GoW2,Maurice's Bar,2023,3.89,14609,,2026-08-12T11:12:54Z
https://boxd.it/1V8M,May,2002,3.65,152647,,2026-08-12T11:12:55Z
https://boxd.it/5h45oj,May December,2023,4.5,,,2026-08-12T11:12:56Z
https://boxd.it/vEE2,May December,2023,3.65,634941,,2026-08-12T11:12:55Z
https://boxd.it/gUKq,Maya,2018,3.21,1769,,2026-08-12T11:12:56Z
https://boxd.it/goaU,Mayaanadhi,2017,3.72,8801,,2026-08-12T11:12:58Z
https://boxd.it/4XfG,Mayabazar,1957,4.06,3075,,2026-08-12T11:12:58Z
https://boxd.it/WcBED,Mayabazar,1957,4.0,,,2026-08-12T11:12:59Z
https://boxd.it/Foug,Mayasabha: The Hall of Illusion,2025,3.38,1146,,2026-08-12T11:12:59Z
https://boxd.it/LQi,Maîtresse,1976,3.41,3942,,2026-08-12T11:13:01Z
https://boxd.it/KqGe,ME,2024,3.78,5283,,2026-08-12T11:13:01Z
https://boxd.it/1XH9X7,Me and Earl and the Dying Girl,2015,4.0,,,2026-08-12T11:13:03Z
https://boxd.it/9SAE,Me and Earl and the Dying Girl,2015,3.87,292316,,2026-08-12T11:13:02Z
https://boxd.it/28RK,Me and You and Everyone We Know,2005,3.66,48345,,2026-08-12T11:13:03Z
https://boxd.it/azjw,Measures of Distance,1988,3.63,857,,2026-08-12T11:13:04Z
https://boxd.it/1u1Y,Medea,1969,3.69,17610,,2026-08-12T11:13:05Z
https://boxd.it/16qK,Mediterraneo,1991,3.78,19669,,2026-08-12T11:13:05Z
https://boxd.it/WsQ,Medium Cool,1969,3.81,11463,,2026-08-12T11:13:06Z
https://boxd.it/5oFI3L,Meeting the Man: James Baldwin in Paris,1970,4.0,,,2026-08-12T11:13:07Z
https://boxd.it/oKjA,Meeting the Man: James Baldwin in Paris,1970,4.07,19938,,2026-08-12T11:13:06Z
https://boxd.it/lPBS,Megalopolis,2024,2.28,295264,,2026-08-12T11:13:08Z
https://boxd.it/lWYO,Mehandi Circus,2019,3.34,767,,2026-08-12T11:13:08Z
https://boxd.it/4Xuw,Mei and the Kittenbus,2002,3.89,6072,,2026-08-12T11:13:09Z
https://boxd.it/GYue,Meiyazhagan,2024,4.22,54287,,2026-08-12T11:13:09Z
https://boxd.it/oBTY,"Mektoub, My Love: Canto Due",2025,3.64,7640,,2026-08-12T11:13:10Z
https://boxd.it/bdhK,"Mektoub, My Love: Canto Uno",2017,3.46,20155,,2026-08-12T11:13:11Z
https://boxd.it/5h45rd,Melancholia,2011,4.5,,,2026-08-12T11:13:12Z
https://boxd.it/bPI,Melancholia,2011,3.83,375307,,2026-08-12T11:13:11Z
https://boxd.it/2bcK,Memento,2000,4.18,2104176,,2026-08-12T11:13:12Z
https://boxd.it/WcBzt,Memento,2000,4.5,,,2026-08-12T11:13:13Z
https://boxd.it/EgX8,Memoir of a Snail,2024,4.18,304222,,2026-08-12T11:13:13Z
https://boxd.it/mtl6,Memorable,2019,4.13,8453,,2026-08-12T11:13:14Z
https://boxd.it/iwtE,Memoria,2021,3.77,68881,,2026-08-12T11:13:15Z
https://boxd.it/Vz2,Memories,1995,4.03,74956,,2026-08-12T11:13:15Z
https://boxd.it/6sNc,Memories,2013,3.8,7539,,2026-08-12T11:13:16Z
https://boxd.it/1iVU,Memories of Matsuko,2006,4.21,18560,,2026-08-12T11:13:16Z
https://boxd.it/1TSo,Memories of Murder,2003,4.42,1066624,,2026-08-12T11:13:17Z
https://boxd.it/WcBN1,Memories of Murder,2003,4.5,,,2026-08-12T11:13:18Z
https://boxd.it/jDJ2,Memories of My Body,2018,3.62,6003,,2026-08-12T11:13:18Z
https://boxd.it/Kos,Memories of Underdevelopment,1968,3.88,18196,,2026-08-12T11:13:19Z
https://boxd.it/5T8e,Men and Women,1964,3.85,3833,,2026-08-12T11:13:19Z
https://boxd.it/6AIY,Menses,1973,3.45,611,,2026-08-12T11:13:20Z
https://boxd.it/6iXNRV,"Menus-Plaisirs, les Troisgros",2023,4.5,,,2026-08-12T11:13:21Z
https://boxd.it/EJRS,"Menus-Plaisirs, les Troisgros",2023,4.01,5766,,2026-08-12T11:13:20Z
https://boxd.it/1SN8,Mephisto,1981,3.91,11784,,2026-08-12T11:13:22Z
https://boxd.it/1BQY,Mera Naam Joker,1970,3.82,2414,,2026-08-12T11:13:22Z
https://boxd.it/ezfC,Merku Thodarchi Malai,2018,3.71,1286,,2026-08-12T11:13:23Z
https://boxd.it/1SHu,"Merry Christmas, Mr. Lawrence",1983,3.94,52992,,2026-08-12T11:13:24Z
https://boxd.it/aixm,Meru,2015,3.82,19002,,2026-08-12T11:13:24Z
https://boxd.it/1sEE,Meshes of the Afternoon,1943,4.24,96015,,2026-08-12T11:13:25Z
https://boxd.it/2CGLyB,Meshes of the Afternoon,1943,5.0,,,2026-08-12T11:13:25Z
https://boxd.it/1PKA,Mesrine: Killer Instinct,2008,3.7,21497,,2026-08-12T11:13:26Z
https://boxd.it/1wLY,Messiah of Evil,1974,3.53,41049,,2026-08-12T11:13:27Z
https://boxd.it/1Ddk,Metal: A Headbanger's Journey,2005,3.8,5128,,2026-08-12T11:13:28Z
https://boxd.it/1YfQ,Metropolis,2001,3.81,35622,,2026-08-12T11:13:28Z
https://boxd.it/1Mku,Metropolitan,1990,3.81,46244,,2026-08-12T11:13:29Z
https://boxd.it/3e76,Michael Jackson's Thriller,1983,4.47,83303,,2026-08-12T11:13:30Z
https://boxd.it/55sEsF,Michael Jackson's Thriller,1983,5.0,,,2026-08-12T11:13:30Z
https://boxd.it/bp7W,Michael Jackson: Bad,1987,4.11,33867,,2026-08-12T11:13:31Z
https://boxd.it/1O5c,Michael Madana Kama Rajan,1990,3.98,5748,,2026-08-12T11:13:32Z
https://boxd.it/IQY,Michelangelo Eye to Eye,2004,3.54,632,,2026-08-12T11:13:32Z
https://boxd.it/1NkU,Mickey's Christmas Carol,1983,3.78,67939,,2026-08-12T11:13:33Z
https://boxd.it/2CGLHj,Microhabitat,2017,4.5,,,2026-08-12T11:13:34Z
https://boxd.it/hn9o,Microhabitat,2017,4.0,30596,,2026-08-12T11:13:33Z
https://boxd.it/fxIa,mid90s,2018,3.83,885073,,2026-08-12T11:13:34Z
https://boxd.it/1hXK,Midnight,1939,3.94,9835,,2026-08-12T11:13:35Z
https://boxd.it/25Hi,Midnight Cowboy,1969,4.15,235424,,2026-08-12T11:13:36Z
https://boxd.it/1U7I,Midnight Express,1978,3.72,85862,,2026-08-12T11:13:36Z
https://boxd.it/WcBtv,Midnight in Paris,2011,4.5,,,2026-08-12T11:13:38Z
https://boxd.it/i4a,Midnight in Paris,2011,3.71,880409,,2026-08-12T11:13:37Z
https://boxd.it/1ZnQ,Midnight Run,1988,3.88,126273,,2026-08-12T11:13:39Z
https://boxd.it/41iC,Midnight's Children,2012,3.05,1369,,2026-08-12T11:13:40Z
https://boxd.it/WcCu5,Midsommar,2019,4.5,,,2026-08-12T11:13:41Z
https://boxd.it/jhxe,Midsommar,2019,3.74,3927806,,2026-08-12T11:13:40Z
https://boxd.it/iL4,Mikey and Nicky,1976,4.06,82148,,2026-08-12T11:13:42Z
https://boxd.it/25uS,Mildred Pierce,1945,4.09,49479,,2026-08-12T11:13:42Z
https://boxd.it/IFxC,Mile End Kicks,2025,3.12,62748,,2026-08-12T11:13:43Z
https://boxd.it/kLfm,Miles Davis: Birth of the Cool,2019,3.69,11802,,2026-08-12T11:13:44Z
https://boxd.it/1WZC,Milk,2008,3.79,120856,,2026-08-12T11:13:44Z
https://boxd.it/1XH9YT,Millennium Actress,2001,4.0,,,2026-08-12T11:13:45Z
https://boxd.it/1fK0,Millennium Actress,2001,4.24,169641,,2026-08-12T11:13:45Z
https://boxd.it/1Tzw,Millennium Mambo,2001,3.82,84286,,2026-08-12T11:13:46Z
https://boxd.it/6rkvyf,Millennium Mambo,2001,3.5,,,2026-08-12T11:13:46Z
https://boxd.it/2bdI,Million Dollar Baby,2004,4.05,497325,,2026-08-12T11:13:47Z
https://boxd.it/WcBTt,Million Dollar Baby,2004,4.0,,,2026-08-12T11:13:48Z
https://boxd.it/mL9M,Minari,2020,4.09,534424,,2026-08-12T11:13:48Z
https://boxd.it/hDNu,Minding the Gap,2018,4.3,50622,,2026-08-12T11:13:49Z
https://boxd.it/4NG8,Ming Green,1966,3.62,879,,2026-08-12T11:13:49Z
https://boxd.it/1xPi,Minnie and Moskowitz,1971,3.86,15552,,2026-08-12T11:13:50Z
https://boxd.it/w1Nc,Minotaur,2026,3.71,4349,,2026-08-12T11:13:50Z
https://boxd.it/3brM,Mira,1971,3.23,280,,2026-08-12T11:13:51Z
https://boxd.it/4Xws,Miracle in Cell No. 7,2013,4.1,47358,,2026-08-12T11:13:52Z
https://boxd.it/UD8,Miracle in Milan,1951,3.89,15322,,2026-08-12T11:13:52Z
https://boxd.it/1x68,Miracle Mile,1988,3.83,45568,,2026-08-12T11:13:53Z
https://boxd.it/jeOm,Mirage,2018,3.5,67158,,2026-08-12T11:13:54Z
https://boxd.it/30hamz,Mirch Masala,1987,4.5,,,2026-08-12T11:13:55Z
https://boxd.it/6R0E,Mirch Masala,1987,3.98,2369,,2026-08-12T11:13:54Z
https://boxd.it/IH3Y,Miroirs No. 3,2025,3.5,21895,,2026-08-12T11:13:55Z
https://boxd.it/28Q8,Mirror,1975,4.31,194925,,2026-08-12T11:13:56Z
https://boxd.it/cf89z7,Mirror,1975,4.5,,,2026-08-12T11:13:57Z
https://boxd.it/2MxK,Mirrored Mind,2005,3.89,24533,,2026-08-12T11:13:57Z
https://boxd.it/Efxy,Misericordia,2024,3.58,43299,,2026-08-12T11:13:58Z
https://boxd.it/28gY,Misery,1990,4.0,658035,,2026-08-12T11:13:58Z
https://boxd.it/1sBA,Mishima: A Life in Four Chapters,1985,4.42,119619,,2026-08-12T11:13:59Z
https://boxd.it/2n8VI9,Mishima: A Life in Four Chapters,1985,4.5,,,2026-08-12T11:14:00Z
https://boxd.it/33l2,Missamma,1955,3.82,645,,2026-08-12T11:14:00Z
https://boxd.it/Ywg,Mississippi Masala,1991,3.9,41353,,2026-08-12T11:14:01Z
https://boxd.it/1KKg,Mister Lonely,2007,3.55,17489,,2026-08-12T11:14:02Z
https://boxd.it/9UfS,Mistress America,2015,3.7,79253,,2026-08-12T11:14:03Z
https://boxd.it/3OTA,Model,1981,3.84,1999,,2026-08-12T11:14:03Z
https://boxd.it/GJ2k,Modern Love Chennai,2023,3.59,4740,,2026-08-12T11:14:04Z
https://boxd.it/6Xi,Modern Romance,1981,3.74,23068,,2026-08-12T11:14:05Z
https://boxd.it/25MC,Modern Times,1936,4.25,287215,,2026-08-12T11:14:05Z
https://boxd.it/WcBGz,Modern Times,1936,4.5,,,2026-08-12T11:14:06Z
https://boxd.it/KNQ2,Modern Whore,2025,3.58,1020,,2026-08-12T11:14:07Z
https://boxd.it/iLS,Modulations,1998,3.81,1819,,2026-08-12T11:14:07Z
https://boxd.it/1xig7t,Mommy,2014,4.0,,,2026-08-12T11:14:08Z
https://boxd.it/7Uau,Mommy,2014,4.32,273979,,2026-08-12T11:14:08Z
https://boxd.it/273k,Momo,1986,3.38,2245,,2026-08-12T11:14:09Z
https://boxd.it/1y98,Momo,2001,3.67,2027,,2026-08-12T11:14:10Z
https://boxd.it/2apy,Mon Oncle,1958,4.04,57755,,2026-08-12T11:14:10Z
https://boxd.it/glS,Moneyball,2011,3.93,875857,,2026-08-12T11:14:11Z
https://boxd.it/3zBcgt,"Monica, O My Darling",2022,3.5,,,2026-08-12T11:14:12Z
https://boxd.it/yuuM,"Monica, O My Darling",2022,3.51,18063,,2026-08-12T11:14:11Z
https://boxd.it/meNa,Mononoke,2007,4.3,18216,,2026-08-12T11:14:13Z
https://boxd.it/eJGe,Monos,2019,3.7,46688,,2026-08-12T11:14:13Z
https://boxd.it/3dJe,Monpura,2009,3.99,1810,,2026-08-12T11:14:14Z
https://boxd.it/1l0s,Monsieur Verdoux,1947,3.98,21681,,2026-08-12T11:14:14Z
https://boxd.it/Uqe,Monsieur Vincent,1947,3.52,793,,2026-08-12T11:14:15Z
https://boxd.it/1nuLxB,Monsoon Wedding,2001,4.0,,,2026-08-12T11:14:16Z
https://boxd.it/2aiM,Monsoon Wedding,2001,3.81,24218,,2026-08-12T11:14:16Z
https://boxd.it/2afy,Monster,2003,3.67,160184,,2026-08-12T11:14:17Z
https://boxd.it/py6Q,Monster,2004,4.68,132338,,2026-08-12T11:14:17Z
https://boxd.it/DJEM,Monster,2023,4.35,471729,,2026-08-12T11:14:18Z
https://boxd.it/2a46,"Monsters, Inc.",2001,4.08,2503326,,2026-08-12T11:14:19Z
https://boxd.it/WcByl,"Monsters, Inc.",2001,4.5,,,2026-08-12T11:14:19Z
https://boxd.it/QlGq,Monsters: The Lyle and Erik Menendez Story,2024,3.33,97695,,2026-08-12T11:14:20Z
https://boxd.it/5SR8,Montage,2013,3.58,5601,,2026-08-12T11:14:21Z
https://boxd.it/29GI,Monty Python and the Holy Grail,1975,4.15,720161,,2026-08-12T11:14:21Z
https://boxd.it/WcChv,Monty Python and the Holy Grail,1975,4.0,,,2026-08-12T11:14:22Z
https://boxd.it/249E,Monty Python's The Meaning of Life,1983,3.82,112338,,2026-08-12T11:14:22Z
https://boxd.it/1IGQ,Moon,2009,3.83,336203,,2026-08-12T11:14:23Z
https://boxd.it/1cEPUP,Moon,2009,3.5,,,2026-08-12T11:14:24Z
https://boxd.it/A8Co,Moonage Daydream,2022,4.05,91324,,2026-08-12T11:14:24Z
https://boxd.it/8lq,Moondram Pirai,1982,3.95,4226,,2026-08-12T11:14:25Z
https://boxd.it/LYpS,Moonglow,2026,3.3,210,,2026-08-12T11:14:25Z
https://boxd.it/WcC1R,Moonlight,2016,3.5,,,2026-08-12T11:14:26Z
https://boxd.it/d6bE,Moonlight,2016,4.2,1541420,,2026-08-12T11:14:26Z
https://boxd.it/3y7A,Moonlight Whispers,1999,3.46,4353,,2026-08-12T11:14:27Z
https://boxd.it/1cEQ0D,Moonrise Kingdom,2012,4.5,,,2026-08-12T11:14:28Z
https://boxd.it/2Wng,Moonrise Kingdom,2012,4.03,1107683,,2026-08-12T11:14:28Z
https://boxd.it/27zg,Moonstruck,1987,3.78,278840,,2026-08-12T11:14:29Z
https://boxd.it/gmlm,Moothon,2019,3.71,4572,,2026-08-12T11:14:29Z
https://boxd.it/7s3g,Moral,1982,4.15,6964,,2026-08-12T11:14:30Z
https://boxd.it/1bjE,More,1998,3.91,5333,,2026-08-12T11:14:31Z
https://boxd.it/x9Y,Morgiana,1972,3.85,11265,,2026-08-12T11:14:31Z
https://boxd.it/jxV2,Morning Show Mysteries: Murder on the Menu,2018,3.57,1038,,2026-08-12T11:14:32Z
https://boxd.it/1OvE,Mortuary,2005,2.91,9300,,2026-08-12T11:14:32Z
https://boxd.it/1GDU,Morvern Callar,2002,3.88,44824,,2026-08-12T11:14:33Z
https://boxd.it/1CwU,Moscow Does Not Believe in Tears,1980,3.85,15829,,2026-08-12T11:14:34Z
https://boxd.it/6ed0,Moses and Aaron,1975,3.89,1899,,2026-08-12T11:14:34Z
https://boxd.it/lSWO,Mosul,2019,3.43,473,,2026-08-12T11:14:35Z
https://boxd.it/1m9g,Mother,2009,4.18,200401,,2026-08-12T11:14:35Z
https://boxd.it/S96,Mother and Son,1997,3.94,7561,,2026-08-12T11:14:36Z
https://boxd.it/29wI,Moulin Rouge!,2001,3.81,567671,,2026-08-12T11:14:36Z
https://boxd.it/2SpW,Mouna Raagam,1986,3.97,6879,,2026-08-12T11:14:37Z
https://boxd.it/K5g,Mourning Rock,2000,3.72,441,,2026-08-12T11:14:38Z
https://boxd.it/LaMM,Mouse,2026,3.86,1001,,2026-08-12T11:14:38Z
https://boxd.it/viLU,Move to Heaven,2021,4.45,48201,,2026-08-12T11:14:39Z
https://boxd.it/5bH0,Movie Dementia,1986,4.03,5360,,2026-08-12T11:14:39Z
https://boxd.it/ZZo,Mr. and Mrs. Iyer,2002,3.7,1329,,2026-08-12T11:14:40Z
https://boxd.it/4h3BqL,Mr. Bachmann and His Class,2021,4.5,,,2026-08-12T11:14:41Z
https://boxd.it/tWcw,Mr. Bachmann and His Class,2021,4.12,2860,,2026-08-12T11:14:41Z
https://boxd.it/1wWM,Mr. Deeds Goes to Town,1936,3.89,19777,,2026-08-12T11:14:42Z
https://boxd.it/6otM,Mr. Dough and the Egg Princess,2010,3.93,3011,,2026-08-12T11:14:42Z
https://boxd.it/YeQ,Mr. India,1987,3.51,5454,,2026-08-12T11:14:43Z
https://boxd.it/1k44,Mr. Nobody,2009,3.68,214598,,2026-08-12T11:14:44Z
https://boxd.it/XG7K,Mr. Scorsese,2025,4.23,19478,,2026-08-12T11:14:44Z
https://boxd.it/25Ms,Mr. Smith Goes to Washington,1939,4.15,78959,,2026-08-12T11:14:46Z
https://boxd.it/1rXA,Mrs. Miniver,1942,3.72,16137,,2026-08-12T11:14:46Z
https://boxd.it/1AWG,Ms .45,1981,3.77,70129,,2026-08-12T11:14:47Z
https://boxd.it/7Zu,Mudhalvan,1999,3.79,4529,,2026-08-12T11:14:48Z
https://boxd.it/i2vK,Mufti,2017,3.33,1000,,2026-08-12T11:14:49Z
https://boxd.it/WcChl,Mukkabaaz,2017,4.0,,,2026-08-12T11:14:50Z
https://boxd.it/gREY,Mukkabaaz,2017,3.72,5035,,2026-08-12T11:14:50Z
https://boxd.it/eAFQ,Mukti Bhawan,2016,3.62,2322,,2026-08-12T11:14:51Z
https://boxd.it/xcWQ,Mukundan Unni Associates™,2022,3.9,18812,,2026-08-12T11:14:51Z
https://boxd.it/297o,Mulholland Drive,2001,4.26,1346160,,2026-08-12T11:14:52Z
https://boxd.it/WcBut,Mulholland Drive,2001,4.5,,,2026-08-12T11:14:52Z
https://boxd.it/cTtK,Multiple Orgasm,1976,3.45,577,,2026-08-12T11:14:53Z
https://boxd.it/1JZE,Mumbai Meri Jaan,2008,3.49,1009,,2026-08-12T11:14:54Z
https://boxd.it/5LJQ,Mumbai Police,2013,3.66,5815,,2026-08-12T11:14:54Z
https://boxd.it/14u6,Mungaru Male,2006,3.6,958,,2026-08-12T11:14:55Z
https://boxd.it/2a0e,Munich,2005,3.82,151088,,2026-08-12T11:14:56Z
https://boxd.it/8uZ4,Munnariyippu,2014,3.61,2501,,2026-08-12T11:14:56Z
https://boxd.it/RV7S,Murder Mindfully,2024,3.66,4169,,2026-08-12T11:14:57Z
https://boxd.it/24IY,Murder on the Orient Express,1974,3.58,89061,,2026-08-12T11:14:57Z
https://boxd.it/2aO4,Muriel's Wedding,1994,3.79,94666,,2026-08-12T11:14:58Z
https://boxd.it/WKg,Murmur of the Heart,1971,3.79,14321,,2026-08-12T11:14:59Z
https://boxd.it/h9Da,Museo,2018,3.68,22764,,2026-08-12T11:14:59Z
https://boxd.it/px1U,Mushi-Shi,2005,4.36,10749,,2026-08-12T11:15:00Z
https://boxd.it/oPg2,Music,2023,3.14,3909,,2026-08-12T11:15:00Z
https://boxd.it/1Usw,Music and Lyrics,2007,3.22,104345,,2026-08-12T11:15:01Z
https://boxd.it/14RBK,"Music, Fashion, Film",2026,4.22,6268,,2026-08-12T11:15:01Z
https://boxd.it/jcPW,Muslum,2018,3.28,16854,,2026-08-12T11:15:03Z
https://boxd.it/SM6S,Mussolini: Son of the Century,2024,4.33,16762,,2026-08-12T11:15:03Z
https://boxd.it/1XHa2L,Mustang,2015,4.5,,,2026-08-12T11:15:04Z
https://boxd.it/baaw,Mustang,2015,4.16,147813,,2026-08-12T11:15:04Z
https://boxd.it/8Ik,Muthu,1995,3.54,4286,,2026-08-12T11:15:05Z
https://boxd.it/13JE,My Afternoons with Margueritte,2010,3.55,4268,,2026-08-12T11:15:06Z
https://boxd.it/6HeHnZ,My Afternoons with Margueritte,2010,2.0,,,2026-08-12T11:15:06Z
https://boxd.it/2hOA,My Beautiful Days,2002,3.74,1834,,2026-08-12T11:15:07Z
https://boxd.it/1WpO,My Cousin Vinny,1992,3.92,354941,,2026-08-12T11:15:07Z
https://boxd.it/1xifJr,My Cousin Vinny,1992,4.0,,,2026-08-12T11:15:08Z
https://boxd.it/25LE,My Darling Clementine,1946,4.1,45356,,2026-08-12T11:15:09Z
https://boxd.it/1vLe,My Dinner with Andre,1981,4.1,105929,,2026-08-12T11:15:09Z
https://boxd.it/1UBI,My Fair Lady,1964,3.63,122241,,2026-08-12T11:15:10Z
https://boxd.it/1QgQ,My Father and My Son,2005,4.0,63076,,2026-08-12T11:15:10Z
https://boxd.it/WcBZB,My Father and My Son,2005,4.5,,,2026-08-12T11:15:11Z
https://boxd.it/rOjg,My First Summer,2020,3.82,87610,,2026-08-12T11:15:12Z
https://boxd.it/1CI2,My Friends,1975,3.99,11768,,2026-08-12T11:15:12Z
https://boxd.it/6W5O,My Guide,2013,3.66,263,,2026-08-12T11:15:13Z
https://boxd.it/2HHA,My Heart Is That Eternal Rose,1989,3.78,9079,,2026-08-12T11:15:13Z
https://boxd.it/EBdU,My House Walk-Through,2016,4.09,14268,,2026-08-12T11:15:14Z
https://boxd.it/u2wC,My Journey Through French Cinema,2016,3.85,1610,,2026-08-12T11:15:14Z
https://boxd.it/1WW4,My Left Foot: The Story of Christy Brown,1989,3.94,72942,,2026-08-12T11:15:15Z
https://boxd.it/1ZOM,My Life as a Dog,1985,3.88,19196,,2026-08-12T11:15:16Z
https://boxd.it/dL2y,My Life as a Zucchini,2016,4.19,284554,,2026-08-12T11:15:16Z
https://boxd.it/k6ve,My Little Goat,2018,4.14,13467,,2026-08-12T11:15:17Z
https://boxd.it/1Eg,My Little Loves,1974,3.87,6457,,2026-08-12T11:15:18Z
https://boxd.it/1PTC,My Man Godfrey,1936,3.94,34713,,2026-08-12T11:15:18Z
https://boxd.it/4CW,My Mother's Smile,2002,3.78,2058,,2026-08-12T11:15:19Z
https://boxd.it/1uD4,My Name Is Khan,2010,3.76,52707,,2026-08-12T11:15:19Z
https://boxd.it/WcBmz,My Name Is Khan,2010,4.0,,,2026-08-12T11:15:20Z
https://boxd.it/20eA,My Neighbor Totoro,1988,4.19,2089625,,2026-08-12T11:15:20Z
https://boxd.it/WcCyV,My Neighbor Totoro,1988,4.5,,,2026-08-12T11:15:21Z
https://boxd.it/5oFIu3,My Night at Maud's,1969,5.0,,,2026-08-12T11:15:22Z
https://boxd.it/Hwo,My Night at Maud's,1969,4.14,49175,,2026-08-12T11:15:22Z
https://boxd.it/2we8,My Nights Are More Beautiful Than Your Days,1989,3.54,2890,,2026-08-12T11:15:23Z
https://boxd.it/2ak4,My Own Private Idaho,1991,3.84,272986,,2026-08-12T11:15:24Z
https://boxd.it/2Xhe,My Sex Life... or How I Got Into an Argument,1996,3.83,3277,,2026-08-12T11:15:25Z
https://boxd.it/xa0g,My So-Called Selfish Life,2021,3.56,226,,2026-08-12T11:15:25Z
https://boxd.it/2QBw,My Suicide,2009,3.7,38607,,2026-08-12T11:15:26Z
https://boxd.it/fajw,"My Tomorrow, Your Yesterday",2016,3.61,13904,,2026-08-12T11:15:27Z
https://boxd.it/x82,My Voyage to Italy,1999,4.03,3579,,2026-08-12T11:15:27Z
https://boxd.it/1Qz4,My Winnipeg,2007,3.96,16716,,2026-08-12T11:15:28Z
https://boxd.it/UIos,Mysteries of Lisbon,2010,4.07,4369,,2026-08-12T11:15:28Z
https://boxd.it/auSIa3,Mysteries of Lisbon,2010,4.5,,,2026-08-12T11:15:29Z
https://boxd.it/1UsG,Mysterious Skin,2004,4.22,662298,,2026-08-12T11:15:29Z
https://boxd.it/5oFHYL,Mysterious Skin,2004,4.0,,,2026-08-12T11:15:30Z
https://boxd.it/1Ub6,Mystery Train,1989,3.97,81138,,2026-08-12T11:15:31Z
https://boxd.it/1cEQ59,Mystic River,2003,4.0,,,2026-08-12T11:15:32Z
https://boxd.it/2aAG,Mystic River,2003,3.88,565964,,2026-08-12T11:15:31Z
https://boxd.it/hsg,Mélo,1986,3.71,3265,,2026-08-12T11:15:33Z
https://boxd.it/aEXQ,Naagarahaavu,1972,3.65,206,,2026-08-12T11:15:34Z
https://boxd.it/kAJg,Naal,2018,3.56,577,,2026-08-12T11:15:34Z
https://boxd.it/2i4S,Naan Kadavul,2009,3.6,2330,,2026-08-12T11:15:35Z
https://boxd.it/9LwU,Nadiya Ke Paar,1982,3.61,617,,2026-08-12T11:15:35Z
https://boxd.it/8n3W,Nadodikkattu,1987,4.04,5361,,2026-08-12T11:15:36Z
https://boxd.it/4EJM,Naduvula Konjam Pakkatha Kaanom,2012,3.83,5052,,2026-08-12T11:15:37Z
https://boxd.it/2R6Y,Nainsukh,2010,3.91,1419,,2026-08-12T11:15:37Z
https://boxd.it/1BT4,Naked,1993,3.98,133947,,2026-08-12T11:15:38Z
https://boxd.it/1xifLd,Naked,1993,4.5,,,2026-08-12T11:15:38Z
https://boxd.it/1jj8,Naked Childhood,1968,3.9,8160,,2026-08-12T11:15:39Z
https://boxd.it/7aa4,Namukku Parkkan Munthiri Thoppukal,1986,3.78,2039,,2026-08-12T11:15:40Z
https://boxd.it/qBBE,NANA,2006,4.53,209435,,2026-08-12T11:15:40Z
https://boxd.it/3KkG,Nandha,2001,3.49,1539,,2026-08-12T11:15:41Z
https://boxd.it/cDnG,Nannaku Prematho...,2016,3.21,4712,,2026-08-12T11:15:43Z
https://boxd.it/x5xO,Nanpakal Nerathu Mayakkam,2022,3.89,14713,,2026-08-12T11:15:43Z
https://boxd.it/G5Mi,Naples to New York,2024,3.43,6766,,2026-08-12T11:15:44Z
https://boxd.it/2Z3S,Naram Garam,1981,3.4,293,,2026-08-12T11:15:44Z
https://boxd.it/25GE,Nashville,1975,4.16,79731,,2026-08-12T11:15:45Z
https://boxd.it/7Wyo,National Gallery,2014,3.89,3894,,2026-08-12T11:15:46Z
https://boxd.it/1IZy,National Geographic: Journey to the Edge of the Universe,2008,3.75,947,,2026-08-12T11:15:46Z
https://boxd.it/1cEQeb,National Theatre Live: Fleabag,2019,4.5,,,2026-08-12T11:15:47Z
https://boxd.it/mXOW,National Theatre Live: Fleabag,2019,4.63,201358,,2026-08-12T11:15:47Z
https://boxd.it/Ao48,National Theatre Live: Prima Facie,2022,4.6,24210,,2026-08-12T11:15:48Z
https://boxd.it/Q4X0,National Theatre Live: The Importance of Being Earnest,2025,4.3,9188,,2026-08-12T11:15:49Z
https://boxd.it/qxOE,Natkhat,2020,3.56,271,,2026-08-12T11:15:49Z
https://boxd.it/4XOc,Natrang,2010,3.7,867,,2026-08-12T11:15:50Z
https://boxd.it/1nuLIz,Natsamrat,2016,4.5,,,2026-08-12T11:15:51Z
https://boxd.it/d9wA,Natsamrat,2016,3.78,2236,,2026-08-12T11:15:50Z
https://boxd.it/1cEQnn,Nausicaä of the Valley of the Wind,1984,4.5,,,2026-08-12T11:15:52Z
https://boxd.it/2bc6,Nausicaä of the Valley of the Wind,1984,4.2,502806,,2026-08-12T11:15:52Z
https://boxd.it/Hhy,Naya Daur,1957,3.58,349,,2026-08-12T11:15:53Z
https://boxd.it/1meA,Nayakan,1987,4.25,21920,,2026-08-12T11:15:53Z
https://boxd.it/WcCwP,Nayakan,1987,4.5,,,2026-08-12T11:15:54Z
https://boxd.it/WcBWn,Nayantara's Necklace,2015,3.5,,,2026-08-12T11:15:55Z
https://boxd.it/h7ly,Nayantara's Necklace,2015,3.44,377,,2026-08-12T11:15:54Z
https://boxd.it/7ILo,Nazar,1990,3.6,836,,2026-08-12T11:15:56Z
https://boxd.it/B2qe,Ne Zha 2,2025,4.13,88195,,2026-08-12T11:15:56Z
https://boxd.it/frAO,Neal Brennan: 3 Mics,2017,3.86,4679,,2026-08-12T11:15:57Z
https://boxd.it/1nuLsr,Nebraska,2013,4.0,,,2026-08-12T11:15:58Z
https://boxd.it/4exq,Nebraska,2013,3.98,110926,,2026-08-12T11:15:58Z
https://boxd.it/4S4y,Neecha Nagar,1946,3.4,617,,2026-08-12T11:15:59Z
https://boxd.it/d6kc,Neerja,2016,3.58,10427,,2026-08-12T11:16:00Z
https://boxd.it/jRUy,Neevevaro,2018,3.2,612,,2026-08-12T11:16:01Z
https://boxd.it/BtS,Neighbours,1952,4.02,17069,,2026-08-12T11:16:01Z
https://boxd.it/k43s,NEKO-MIMI,1993,3.89,1515,,2026-08-12T11:16:02Z
https://boxd.it/1T0w,Nekromantik,1988,2.59,29472,,2026-08-12T11:16:03Z
https://boxd.it/a6Ke,Neon Bull,2015,3.51,11040,,2026-08-12T11:16:03Z
https://boxd.it/ptEI,Neon Genesis Evangelion,1995,4.54,332607,,2026-08-12T11:16:04Z
https://boxd.it/1GRM,Neon Genesis Evangelion: The End of Evangelion,1997,4.48,574899,,2026-08-12T11:16:05Z
https://boxd.it/aVbp3f,Neon Genesis Evangelion: The End of Evangelion,1997,5.0,,,2026-08-12T11:16:06Z
https://boxd.it/5L6E,Neram,2013,3.65,6820,,2026-08-12T11:16:06Z
https://boxd.it/lgSu,Nettles,2018,3.53,415,,2026-08-12T11:16:07Z
https://boxd.it/1VqG,Network,1976,4.26,242840,,2026-08-12T11:16:07Z
https://boxd.it/1cEQin,Network,1976,4.5,,,2026-08-12T11:16:08Z
https://boxd.it/eZns,Never Look Away,2018,3.94,33505,,2026-08-12T11:16:09Z
https://boxd.it/VrM,Never on Sunday,1960,3.65,4097,,2026-08-12T11:16:09Z
https://boxd.it/1XHaed,Never Rarely Sometimes Always,2020,4.0,,,2026-08-12T11:16:10Z
https://boxd.it/lWJk,Never Rarely Sometimes Always,2020,3.98,109533,,2026-08-12T11:16:10Z
https://boxd.it/fIZ2,New Delhi Times,1986,3.6,288,,2026-08-12T11:16:11Z
https://boxd.it/1BVY,New Rose Hotel,1998,3.4,25862,,2026-08-12T11:16:12Z
https://boxd.it/1EOQ,New York,2009,3.16,6247,,2026-08-12T11:16:12Z
https://boxd.it/WcBpX,New York,2009,3.5,,,2026-08-12T11:16:13Z
https://boxd.it/1Y3q,New York Stories,1989,3.22,27279,,2026-08-12T11:16:13Z
https://boxd.it/34TO,News from Home,1976,4.1,35385,,2026-08-12T11:16:14Z
https://boxd.it/aOPW,NH10,2015,3.5,6485,,2026-08-12T11:16:15Z
https://boxd.it/XV2K,Niccolò,2025,4.16,8731,,2026-08-12T11:16:15Z
https://boxd.it/edaK,Nick Cave & The Bad Seeds: One More Time with Feeling,2016,4.17,10404,,2026-08-12T11:16:16Z
https://boxd.it/CStQ,Nickel Boys,2024,3.98,226688,,2026-08-12T11:16:16Z
https://boxd.it/lGG,Night and Day,2008,3.82,4140,,2026-08-12T11:16:17Z
https://boxd.it/29A6,Night and Fog,1956,4.55,62536,,2026-08-12T11:16:18Z
https://boxd.it/6iXMTh,"Night Is Short, Walk On Girl",2017,4.0,,,2026-08-12T11:16:19Z
https://boxd.it/ffwA,"Night Is Short, Walk On Girl",2017,4.2,77987,,2026-08-12T11:16:19Z
https://boxd.it/1WwA,Night of the Living Dead,1968,3.94,343054,,2026-08-12T11:16:20Z
https://boxd.it/780m,Nightcrawler,2014,4.04,1872084,,2026-08-12T11:16:21Z
https://boxd.it/WcBGT,Nightcrawler,2014,4.0,,,2026-08-12T11:16:21Z
https://boxd.it/1Fya,Nightmare Alley,1947,3.89,26856,,2026-08-12T11:16:22Z
https://boxd.it/1F7e,Nights of Cabiria,1957,4.39,90306,,2026-08-12T11:16:23Z
https://boxd.it/aBUO,Nightshift,1981,3.77,4069,,2026-08-12T11:16:23Z
https://boxd.it/WcC2v,Nil Battey Sannata,2016,4.5,,,2026-08-12T11:16:24Z
https://boxd.it/chVc,Nil Battey Sannata,2016,3.59,2245,,2026-08-12T11:16:24Z
https://boxd.it/1YZE,Nineteen Eighty-Four,1984,3.37,87750,,2026-08-12T11:16:25Z
https://boxd.it/1zZ0,Ninja Assassin,2009,2.89,44506,,2026-08-12T11:16:26Z
https://boxd.it/aIEAlZ,Ninja Assassin,2009,2.0,,,2026-08-12T11:16:26Z
https://boxd.it/1Ooe,Ninja Scroll,1993,3.84,42418,,2026-08-12T11:16:27Z
https://boxd.it/O7uw,Nino,2025,3.78,30368,,2026-08-12T11:16:28Z
https://boxd.it/2802,Ninotchka,1939,3.95,33946,,2026-08-12T11:16:28Z
https://boxd.it/9jBD57,Ninotchka,1939,3.5,,,2026-08-12T11:16:29Z
https://boxd.it/1G0e,Nirvana: Unplugged In New York,1993,4.62,49934,,2026-08-12T11:16:29Z
https://boxd.it/6fc4WF,Nirvana: Unplugged In New York,1993,5.0,,,2026-08-12T11:16:30Z
https://boxd.it/HG9a,Nirvanna the Band the Show the Movie,2025,4.23,260222,,2026-08-12T11:16:30Z
https://boxd.it/YUM0,Nishaanchi 2,2025,3.52,3588,,2026-08-12T11:16:31Z
https://boxd.it/5Yrq,Nishant,1975,3.63,810,,2026-08-12T11:16:32Z
https://boxd.it/ANxk,No Bears,2022,3.89,22997,,2026-08-12T11:16:32Z
https://boxd.it/21ew,No Country for Old Men,2007,4.31,2327815,,2026-08-12T11:16:33Z
https://boxd.it/WcBZL,No Country for Old Men,2007,4.0,,,2026-08-12T11:16:34Z
https://boxd.it/mVd0,No Crying at the Dinner Table,2019,3.95,2087,,2026-08-12T11:16:34Z
https://boxd.it/1FK6,No Direction Home: Bob Dylan,2005,4.18,22978,,2026-08-12T11:16:35Z
https://boxd.it/1XH9Yp,No Man's Land,2001,3.5,,,2026-08-12T11:16:37Z
https://boxd.it/20kI,No Man's Land,2001,3.89,16769,,2026-08-12T11:16:37Z
https://boxd.it/4U46,No More Easy Life,1979,3.57,398,,2026-08-12T11:16:38Z
https://boxd.it/hBXC,No No Nooky T.V.,1987,3.93,1804,,2026-08-12T11:16:38Z
https://boxd.it/bNJ7oX,No Other Choice,2025,4.5,,,2026-08-12T11:16:40Z
https://boxd.it/nKiA,No Other Choice,2025,4.08,863118,,2026-08-12T11:16:39Z
https://boxd.it/SiC,No Sex Last Night,1996,3.94,1427,,2026-08-12T11:16:40Z
https://boxd.it/26E0,Nobody Knows,2004,4.41,131407,,2026-08-12T11:16:41Z
https://boxd.it/50g8,Nobody's Daughter Haewon,2013,3.66,7071,,2026-08-12T11:16:41Z
https://boxd.it/bkFu,Nocturnal Animals,2016,3.71,668781,,2026-08-12T11:16:42Z
https://boxd.it/4VI2,Nomad,1982,3.77,5556,,2026-08-12T11:16:43Z
https://boxd.it/6BcYrh,Nomad,1982,3.5,,,2026-08-12T11:16:43Z
https://boxd.it/3iaaO7,Nope,2022,3.5,,,2026-08-12T11:16:45Z
https://boxd.it/sDCe,Nope,2022,3.67,2151125,,2026-08-12T11:16:44Z
https://boxd.it/1XHahB,Normal People,2020,4.0,,,2026-08-12T11:16:46Z
https://boxd.it/q2VY,Normal People,2020,4.41,640209,,2026-08-12T11:16:45Z
https://boxd.it/sy34,Normal People Confessions,2020,4.21,9724,,2026-08-12T11:16:46Z
https://boxd.it/5FkU,"Norte, the End of History",2013,4.05,6805,,2026-08-12T11:16:47Z
https://boxd.it/2aRM,North by Northwest,1959,4.2,352095,,2026-08-12T11:16:48Z
https://boxd.it/WcC6H,North by Northwest,1959,4.5,,,2026-08-12T11:16:48Z
https://boxd.it/29TM,Nosferatu,1922,3.82,422190,,2026-08-12T11:16:49Z
https://boxd.it/86BHxf,Nosferatu,2024,3.0,,,2026-08-12T11:16:50Z
https://boxd.it/f5eG,Nosferatu,2024,3.66,2676515,,2026-08-12T11:16:50Z
https://boxd.it/21J0,Nosferatu the Vampyre,1979,3.81,162245,,2026-08-12T11:16:51Z
https://boxd.it/7XZgSn,Nosferatu the Vampyre,1979,4.0,,,2026-08-12T11:16:51Z
https://boxd.it/28Qi,Nostalgia,1983,4.26,86121,,2026-08-12T11:16:52Z
https://boxd.it/70sM,Nostos: The Return,1989,4.15,6671,,2026-08-12T11:16:52Z
https://boxd.it/cQ1e,Not I,1973,3.8,958,,2026-08-12T11:16:53Z
https://boxd.it/2FXm,Notebook on Cities and Clothes,1989,3.77,4819,,2026-08-12T11:16:54Z
https://boxd.it/3dDA,Nothing But a Man,1964,4.1,6774,,2026-08-12T11:16:54Z
https://boxd.it/2aDK,Notorious,1946,4.08,127513,,2026-08-12T11:16:55Z
https://boxd.it/1u3g,Notre Musique,2004,3.96,6100,,2026-08-12T11:16:56Z
https://boxd.it/LLLQ,Nouvelle Vague,2025,3.73,116049,,2026-08-12T11:16:56Z
https://boxd.it/fxu8,November,2017,3.81,27798,,2026-08-12T11:16:57Z
https://boxd.it/JnRw,Now and Then - The Last Beatles Song,2023,4.06,7845,,2026-08-12T11:16:58Z
https://boxd.it/1gvq,"Now, Voyager",1942,3.95,25246,,2026-08-12T11:16:58Z
https://boxd.it/28wC,Nowhere in Africa,2001,3.6,4206,,2026-08-12T11:16:59Z
https://boxd.it/iZA0,Nursery Rhymes,2018,3.87,3152,,2026-08-12T11:17:00Z
https://boxd.it/1xig45,Nuvvu Naaku Nachav,2001,4.5,,,2026-08-12T11:17:01Z
https://boxd.it/2SGe,Nuvvu Naaku Nachav,2001,3.97,3701,,2026-08-12T11:17:00Z
https://boxd.it/iHe6,Nyctophobia,2018,3.74,1694,,2026-08-12T11:17:01Z
https://boxd.it/B4Le,Nymphomaniac,2014,3.63,34126,,2026-08-12T11:17:02Z
https://boxd.it/1UIY,O,2001,2.9,10956,,2026-08-12T11:17:03Z
https://boxd.it/pRBe,O Auto da Compadecida,1999,4.39,72773,,2026-08-12T11:17:03Z
https://boxd.it/aM7I,O Kadhal Kanmani,2015,3.75,17266,,2026-08-12T11:17:04Z
https://boxd.it/WQe,O Lucky Man!,1973,3.82,6774,,2026-08-12T11:17:05Z
https://boxd.it/2pHW,"O-Bi, O-Ba: The End of Civilization",1985,3.86,11260,,2026-08-12T11:17:05Z
https://boxd.it/d7zi,O.J.: Made in America,2016,4.45,51857,,2026-08-12T11:17:06Z
https://boxd.it/PNqo,Obsession,2025,4.09,4294585,,2026-08-12T11:17:06Z
https://boxd.it/f3tlFz,Obsession,2025,3.5,,,2026-08-12T11:17:08Z
https://boxd.it/3VFU,Occult,2009,3.57,14851,,2026-08-12T11:17:08Z
https://boxd.it/TC2S,Ocean with David Attenborough,2025,4.31,22147,,2026-08-12T11:17:09Z
https://boxd.it/2aZm,Ocean's Eleven,2001,3.95,1467429,,2026-08-12T11:17:10Z
https://boxd.it/WcBDl,Ocean's Eleven,2001,4.0,,,2026-08-12T11:17:11Z
https://boxd.it/1Q7u,October Sky,1999,3.78,153763,,2026-08-12T11:17:11Z
https://boxd.it/Uq4,Odd Man Out,1947,3.92,18574,,2026-08-12T11:17:12Z
https://boxd.it/vTy4,ODDTAXI,2021,4.27,11695,,2026-08-12T11:17:13Z
https://boxd.it/kg5K,Ode to Nothing,2018,3.82,11348,,2026-08-12T11:17:13Z
https://boxd.it/bs2U,Offering,1978,3.79,4918,,2026-08-12T11:17:14Z
https://boxd.it/1nuLqP,Office Space,1999,4.0,,,2026-08-12T11:17:15Z
https://boxd.it/28Em,Office Space,1999,3.71,390733,,2026-08-12T11:17:15Z
https://boxd.it/dLxm,Official Secrets,2019,3.56,48275,,2026-08-12T11:17:16Z
https://boxd.it/7AF8,Ohm Shanthi Oshaana,2014,3.81,11364,,2026-08-12T11:17:17Z
https://boxd.it/3iHC,Okkadu,2003,3.78,4568,,2026-08-12T11:17:17Z
https://boxd.it/dVNu,Ola's Borgen,2016,3.72,251,,2026-08-12T11:17:18Z
https://boxd.it/29R2,Oldboy,2003,4.36,1658224,,2026-08-12T11:17:18Z
https://boxd.it/WcBO9,Oldboy,2003,4.5,,,2026-08-12T11:17:19Z
https://boxd.it/1V0e,Oliver Twist,1948,3.76,12848,,2026-08-12T11:17:20Z
https://boxd.it/m0Dq,Olla,2019,3.57,10039,,2026-08-12T11:17:20Z
https://boxd.it/c7cQ,Om,1995,3.64,1682,,2026-08-12T11:17:21Z
https://boxd.it/784I,Om Dar-B-Dar,1988,3.66,2742,,2026-08-12T11:17:22Z
https://boxd.it/a9OmGz,Om Dar-B-Dar,1988,3.5,,,2026-08-12T11:17:22Z
https://boxd.it/1Ny8,Omkara,2006,3.92,12674,,2026-08-12T11:17:23Z
https://boxd.it/WcC1d,Omkara,2006,4.0,,,2026-08-12T11:17:24Z
https://boxd.it/fqEK,On the Beach at Night Alone,2017,3.76,52287,,2026-08-12T11:17:24Z
https://boxd.it/tbfI,On the Count of Three,2021,3.83,98731,,2026-08-12T11:17:25Z
https://boxd.it/wYm,On the Occasion of Remembering the Turning Gate,2002,3.89,4799,,2026-08-12T11:17:25Z
https://boxd.it/1sAM,On the Silver Globe,1988,4.03,47627,,2026-08-12T11:17:26Z
https://boxd.it/1cEQaj,On the Waterfront,1954,4.5,,,2026-08-12T11:17:27Z
https://boxd.it/29TC,On the Waterfront,1954,4.17,158470,,2026-08-12T11:17:27Z
https://boxd.it/499I,On Top of the Whale,1982,3.63,824,,2026-08-12T11:17:28Z
https://boxd.it/1Vgm,On Your Mark,1995,3.9,20729,,2026-08-12T11:17:29Z
https://boxd.it/6DMa,Onaayum Aattukkuttiyum,2013,3.77,4123,,2026-08-12T11:17:29Z
https://boxd.it/22GG,Once,2007,3.91,122034,,2026-08-12T11:17:30Z
https://boxd.it/WcCvn,Once,2007,4.0,,,2026-08-12T11:17:30Z
https://boxd.it/2yHG,Once Upon a Time in Anatolia,2011,4.13,64191,,2026-08-12T11:17:31Z
https://boxd.it/4XJGIx,Once Upon a Time in Anatolia,2011,4.0,,,2026-08-12T11:17:32Z
https://boxd.it/ZsJa,Once Upon a Time in Harlem,2026,3.75,976,,2026-08-12T11:17:32Z
https://boxd.it/VDo,Once Upon a Time in Mumbaai,2010,3.28,5022,,2026-08-12T11:17:33Z
https://boxd.it/1cEQgh,Once Upon a Time in the West,1968,4.5,,,2026-08-12T11:17:34Z
https://boxd.it/2az4,Once Upon a Time in the West,1968,4.39,300654,,2026-08-12T11:17:34Z
https://boxd.it/WcCgR,Once Upon a Time... in Hollywood,2019,4.5,,,2026-08-12T11:17:36Z
https://boxd.it/gH0O,Once Upon a Time... in Hollywood,2019,3.78,3243766,,2026-08-12T11:17:35Z
https://boxd.it/DUHM,One Battle After Another,2025,4.13,2799728,,2026-08-12T11:17:36Z
https://boxd.it/barUmf,One Battle After Another,2025,4.0,,,2026-08-12T11:17:37Z
https://boxd.it/iAFu,One Cut of the Dead,2017,4.06,153568,,2026-08-12T11:17:37Z
https://boxd.it/Asu,One Day,2011,3.5,439827,,2026-08-12T11:17:38Z
https://boxd.it/L1ZM,One Day,2024,4.15,262582,,2026-08-12T11:17:39Z
https://boxd.it/4pJs,One Day in the Life of Andrei Arsenevich,1999,3.98,1660,,2026-08-12T11:17:40Z
https://boxd.it/2aeA,One Flew Over the Cuckoo's Nest,1975,4.37,1018351,,2026-08-12T11:17:40Z
https://boxd.it/WcCjh,One Flew Over the Cuckoo's Nest,1975,4.5,,,2026-08-12T11:17:41Z
https://boxd.it/5Yom,One Hamlet Less,1973,3.63,686,,2026-08-12T11:17:42Z
https://boxd.it/WcCcl,One Heart: The A.R. Rahman Concert Film,2017,5.0,,,2026-08-12T11:17:43Z
https://boxd.it/1SeC,One Hundred and One Dalmatians,1961,3.74,435252,,2026-08-12T11:17:43Z
https://boxd.it/3iuI,One Hundred and One Nights,1995,3.75,8071,,2026-08-12T11:17:44Z
https://boxd.it/7Dbg,One Lives by Love,1984,3.86,906,,2026-08-12T11:17:45Z
https://boxd.it/1P6g,One Man Band,2005,3.58,28131,,2026-08-12T11:17:45Z
https://boxd.it/2h5K,One Million Yen Girl,2008,4.08,41115,,2026-08-12T11:17:46Z
https://boxd.it/Lyo,One Way or Another,1976,3.94,6660,,2026-08-12T11:17:47Z
https://boxd.it/1zr8,One Week,1920,4.17,36097,,2026-08-12T11:17:47Z
https://boxd.it/252a,Onibaba,1964,4.07,97482,,2026-08-12T11:17:48Z
https://boxd.it/4O1U,Only Lovers Left Alive,2013,3.8,243424,,2026-08-12T11:17:49Z
https://boxd.it/dRqw,Only the Brave,2017,3.9,107243,,2026-08-12T11:17:49Z
https://boxd.it/1MR4,Only Yesterday,1991,3.91,183424,,2026-08-12T11:17:50Z
https://boxd.it/2n8ViF,Only Yesterday,1991,5.0,,,2026-08-12T11:17:51Z
https://boxd.it/cPiy,Oopiri,2016,3.78,7577,,2026-08-12T11:17:51Z
https://boxd.it/1XH9Rt,OPAL,2020,4.5,,,2026-08-12T11:17:53Z
https://boxd.it/suy8,OPAL,2020,4.24,48157,,2026-08-12T11:17:52Z
https://boxd.it/27TU,Open Your Eyes,1997,3.9,71834,,2026-08-12T11:17:53Z
https://boxd.it/1f4e,Opening Night,1977,4.28,63912,,2026-08-12T11:17:54Z
https://boxd.it/saK4,Opera,2020,3.91,4661,,2026-08-12T11:17:54Z
https://boxd.it/4XJGFD,Oppenheimer,2023,4.5,,,2026-08-12T11:17:56Z
https://boxd.it/wUow,Oppenheimer,2023,4.16,4505154,,2026-08-12T11:17:56Z
https://boxd.it/Jiy,Ordet,1955,4.33,39094,,2026-08-12T11:17:58Z
https://boxd.it/cgih2J,Ordet,1955,4.0,,,2026-08-12T11:17:59Z
https://boxd.it/1JTm,Ordinary People,1980,4.06,68300,,2026-08-12T11:17:59Z
https://boxd.it/eWbI,Orgasm: Mariko,1985,3.48,414,,2026-08-12T11:18:00Z
https://boxd.it/3rPU,Original Cast Album: Company,1970,4.2,14161,,2026-08-12T11:18:01Z
https://boxd.it/1Z1K,Orlando,1992,3.91,69448,,2026-08-12T11:18:02Z
https://boxd.it/3QP6,Ornamental Hairpin,1941,3.85,3150,,2026-08-12T11:18:02Z
https://boxd.it/1CgM,Orphan,2009,3.29,625498,,2026-08-12T11:18:03Z
https://boxd.it/247o,Orpheus,1950,4.07,39528,,2026-08-12T11:18:04Z
https://boxd.it/8tN2,Oru CBI Diary Kurippu,1988,3.57,1880,,2026-08-12T11:18:05Z
https://boxd.it/4MxE,Oru Vadakkan Veeragatha,1989,3.79,1637,,2026-08-12T11:18:05Z
https://boxd.it/2xQC,"Oslo, August 31st",2011,4.1,133853,,2026-08-12T11:18:06Z
https://boxd.it/4h3BuX,"Oslo, August 31st",2011,4.0,,,2026-08-12T11:18:06Z
https://boxd.it/1MIm,"OSS 117: Cairo, Nest of Spies",2006,3.69,99473,,2026-08-12T11:18:07Z
https://boxd.it/m3ZY,Oththa Seruppu Size 7,2019,3.62,2282,,2026-08-12T11:18:08Z
https://boxd.it/WcCaT,Ouch,2000,4.0,,,2026-08-12T11:18:09Z
https://boxd.it/1cEQg7,Ouch,2016,4.0,,,2026-08-12T11:18:10Z
https://boxd.it/p1CE,Ouch,2016,3.24,560,,2026-08-12T11:18:09Z
https://boxd.it/61ps,Our Century,1983,3.79,1011,,2026-08-12T11:18:11Z
https://boxd.it/ayXA,Our Lady of Paris,1982,3.79,898,,2026-08-12T11:18:11Z
https://boxd.it/iZA,Our Lady of the Turks,1968,3.75,1128,,2026-08-12T11:18:12Z
https://boxd.it/abBm,Our Little Sister,2015,4.13,56807,,2026-08-12T11:18:13Z
https://boxd.it/dAje,Our Time,2018,3.76,6128,,2026-08-12T11:18:13Z
https://boxd.it/3i2a,Out 1,1971,4.06,5577,,2026-08-12T11:18:14Z
https://boxd.it/1456,Out of the Blue,1980,3.99,25281,,2026-08-12T11:18:15Z
https://boxd.it/29PK,Out of the Past,1947,4.11,65567,,2026-08-12T11:18:15Z
https://boxd.it/2n8VxZ,Out of the Past,1947,4.5,,,2026-08-12T11:18:16Z
https://boxd.it/5LT2,Out-Takes from the Life of a Happy Man,2012,4.18,2926,,2026-08-12T11:18:17Z
https://boxd.it/3IOY,Outer Space,1999,3.97,25414,,2026-08-12T11:18:17Z
https://boxd.it/1W2q,Outlander,2008,2.89,14230,,2026-08-12T11:18:18Z
https://boxd.it/WcBPB,Over the Garden Wall,2014,4.5,,,2026-08-12T11:18:19Z
https://boxd.it/eqFw,Over the Garden Wall,2014,4.62,426454,,2026-08-12T11:18:19Z
https://boxd.it/QEDA,Over the Garden Wall 10th Anniversary Tribute,2024,4.34,6538,,2026-08-12T11:18:20Z
https://boxd.it/1L62,Oye Lucky! Lucky Oye!,2008,3.71,13327,,2026-08-12T11:18:21Z
https://boxd.it/WcBpt,Oye Lucky! Lucky Oye!,2008,4.0,,,2026-08-12T11:18:22Z
https://boxd.it/elBa,Ozark Sharks,2016,3.52,5961,,2026-08-12T11:18:23Z
https://boxd.it/W5GQ,Ozzy: No Escape from Now,2025,4.07,3825,,2026-08-12T11:18:24Z
https://boxd.it/3l28,Paan Singh Tomar,2012,3.7,6901,,2026-08-12T11:18:25Z
https://boxd.it/WcBtP,Paan Singh Tomar,2012,4.0,,,2026-08-12T11:18:25Z
https://boxd.it/685a,Paar,1984,3.74,803,,2026-08-12T11:18:27Z
https://boxd.it/1xifRZ,Paava Kadhaigal,2020,4.0,,,2026-08-12T11:18:28Z
https://boxd.it/tnu6,Paava Kadhaigal,2020,3.58,5632,,2026-08-12T11:18:27Z
https://boxd.it/JvC,Padayappa,1999,3.95,10115,,2026-08-12T11:18:28Z
https://boxd.it/2n8VkB,Paddington,2014,3.5,,,2026-08-12T11:18:30Z
https://boxd.it/3RKw,Paddington,2014,3.8,988900,,2026-08-12T11:18:29Z
https://boxd.it/2n8Vzh,Paddington 2,2017,4.5,,,2026-08-12T11:18:31Z
https://boxd.it/bCF8,Paddington 2,2017,4.11,724135,,2026-08-12T11:18:30Z
https://boxd.it/1DaU,Padosan,1968,3.63,2007,,2026-08-12T11:18:31Z
https://boxd.it/WcCbH,Padosan,1968,4.0,,,2026-08-12T11:18:32Z
https://boxd.it/1DaK,Page 3,2005,3.42,748,,2026-08-12T11:18:33Z
https://boxd.it/1g8Q,Paheli,2005,3.21,6625,,2026-08-12T11:18:34Z
https://boxd.it/1nuLFl,Paheli,2005,3.5,,,2026-08-12T11:18:35Z
https://boxd.it/hPW4,Pahuna: The Little Visitors,2017,3.5,439,,2026-08-12T11:18:35Z
https://boxd.it/WcCr1,Pain and Glory,2019,4.0,,,2026-08-12T11:18:36Z
https://boxd.it/iOBQ,Pain and Glory,2019,4.06,171921,,2026-08-12T11:18:36Z
https://boxd.it/dGS,Pale Flower,1964,4.02,17951,,2026-08-12T11:18:37Z
https://boxd.it/1XHaiJ,Palm Springs,2020,3.5,,,2026-08-12T11:18:39Z
https://boxd.it/lCXQ,Palm Springs,2020,3.77,904808,,2026-08-12T11:18:39Z
https://boxd.it/3Wbc,Palms,1994,3.94,1012,,2026-08-12T11:18:40Z
https://boxd.it/28No,Pan's Labyrinth,2006,4.15,1040962,,2026-08-12T11:18:41Z
https://boxd.it/WcBXv,Pan's Labyrinth,2006,4.0,,,2026-08-12T11:18:41Z
https://boxd.it/H2e,Panchatanthiram,2002,4.1,9390,,2026-08-12T11:18:42Z
https://boxd.it/k4zS,Panchayat,2017,3.74,572,,2026-08-12T11:18:43Z
https://boxd.it/UpU,Panic,1946,3.94,6477,,2026-08-12T11:18:43Z
https://boxd.it/J7Jm,Panorama with Clarice Lispector,1977,4.06,547,,2026-08-12T11:18:44Z
https://boxd.it/aPrG,Papanasam,2015,3.95,6131,,2026-08-12T11:18:44Z
https://boxd.it/ZyFe,Paper Trail,2026,4.13,1248,,2026-08-12T11:18:45Z
https://boxd.it/4uYW,Paperman,2012,4.08,66105,,2026-08-12T11:18:46Z
https://boxd.it/WcBCx,Paperman,2012,4.0,,,2026-08-12T11:18:46Z
https://boxd.it/lPAq,Papicha,2019,3.91,19880,,2026-08-12T11:18:47Z
https://boxd.it/22kK,Papillon,1973,4.01,68109,,2026-08-12T11:18:48Z
https://boxd.it/23WK,Pappa ante Portas,1991,3.73,6363,,2026-08-12T11:18:48Z
https://boxd.it/1XHagD,Paprika,2006,4.0,,,2026-08-12T11:18:50Z
https://boxd.it/23wW,Paprika,2006,4.1,643332,,2026-08-12T11:18:49Z
https://boxd.it/A0cW,Parachute,2023,3.83,36600,,2026-08-12T11:18:50Z
https://boxd.it/4EJC,Paradesi,2013,3.62,1493,,2026-08-12T11:18:51Z
https://boxd.it/2Wty,Paradise Lost 3: Purgatory,2011,3.92,9701,,2026-08-12T11:18:52Z
https://boxd.it/1J0m,Paradise Lost: The Child Murders at Robin Hood Hills,1996,4.13,20222,,2026-08-12T11:18:52Z
https://boxd.it/3wTW,Paradise: Love,2012,3.76,14503,,2026-08-12T11:18:53Z
https://boxd.it/lPy0,Paranoia Agent,2004,4.27,44860,,2026-08-12T11:18:53Z
https://boxd.it/WcCdX,Parasite,2019,4.5,,,2026-08-12T11:18:55Z
https://boxd.it/hTha,Parasite,2019,4.52,5710896,,2026-08-12T11:18:54Z
https://boxd.it/pDn8,Parasyte -the maxim-,2014,4.01,44859,,2026-08-12T11:18:55Z
https://boxd.it/gRde,Parava,2017,3.79,7975,,2026-08-12T11:18:56Z
https://boxd.it/2wWk,Pariah,2011,4.05,42227,,2026-08-12T11:18:56Z
https://boxd.it/leM,Parinda,1989,3.67,1508,,2026-08-12T11:18:57Z
https://boxd.it/1jzg,Paris Is Burning,1990,4.56,261778,,2026-08-12T11:18:58Z
https://boxd.it/273a,Paris Je T'aime,2006,3.47,51221,,2026-08-12T11:18:59Z
https://boxd.it/7Dd2TP,Paris Je T'aime,2006,3.0,,,2026-08-12T11:18:59Z
https://boxd.it/s0Ky,"Paris, 13th District",2021,3.57,51640,,2026-08-12T11:19:00Z
https://boxd.it/1XHahh,"Paris, Texas",1984,4.5,,,2026-08-12T11:19:01Z
https://boxd.it/29Ts,"Paris, Texas",1984,4.37,762710,,2026-08-12T11:19:01Z
https://boxd.it/WcCq3,Pariyerum Perumal,2018,4.5,,,2026-08-12T11:19:02Z
https://boxd.it/gyAy,Pariyerum Perumal,2018,4.2,13517,,2026-08-12T11:19:02Z
https://boxd.it/WcCer,Parmanu: The Story of Pokhran,2018,4.5,,,2026-08-12T11:19:04Z
https://boxd.it/gFXO,Parmanu: The Story of Pokhran,2018,3.14,4093,,2026-08-12T11:19:03Z
https://boxd.it/5pcg,Parsifal,1982,3.87,712,,2026-08-12T11:19:04Z
https://boxd.it/1xzE,Partly Cloudy,2009,3.69,38509,,2026-08-12T11:19:05Z
https://boxd.it/2hOU,Paruthiveeran,2007,3.85,5016,,2026-08-12T11:19:06Z
https://boxd.it/856I,Parzania,2005,3.57,338,,2026-08-12T11:19:06Z
https://boxd.it/4dP4,Pas de Deux,1968,4.19,8154,,2026-08-12T11:19:07Z
https://boxd.it/grJo,Pashupati Prasad,2016,3.66,411,,2026-08-12T11:19:08Z
https://boxd.it/WcBJ9,Passage of Venus,1874,3.0,,,2026-08-12T11:19:09Z
https://boxd.it/ac9I,Passage of Venus,1874,3.35,15682,,2026-08-12T11:19:08Z
https://boxd.it/4XJGGL,Passages,2023,4.5,,,2026-08-12T11:19:10Z
https://boxd.it/xX9c,Passages,2023,3.47,121475,,2026-08-12T11:19:10Z
https://boxd.it/4XJGCp,Past Lives,2023,4.5,,,2026-08-12T11:19:12Z
https://boxd.it/oNB8,Past Lives,2023,4.16,1834826,,2026-08-12T11:19:11Z
https://boxd.it/3xEI,Pastoral: To Die in the Country,1974,4.2,18638,,2026-08-12T11:19:12Z
https://boxd.it/5h45Or,Pastoral: To Die in the Country,1974,4.5,,,2026-08-12T11:19:13Z
https://boxd.it/1nuLHV,Paterson,2016,4.5,,,2026-08-12T11:19:14Z
https://boxd.it/cRk2,Paterson,2016,3.89,234491,,2026-08-12T11:19:14Z
https://boxd.it/8uZy,Pathemari,2015,3.59,1838,,2026-08-12T11:19:15Z
https://boxd.it/22yC,Pather Panchali,1955,4.32,72734,,2026-08-12T11:19:15Z
https://boxd.it/WcC0J,Pather Panchali,1955,4.5,,,2026-08-12T11:19:16Z
https://boxd.it/29b6,Paths of Glory,1957,4.45,331725,,2026-08-12T11:19:17Z
https://boxd.it/WcC3t,Paths of Glory,1957,4.5,,,2026-08-12T11:19:17Z
https://boxd.it/j1Pc,Patrick Melrose,2018,4.11,20498,,2026-08-12T11:19:18Z
https://boxd.it/2pZ2,Patriotism,1966,3.94,9532,,2026-08-12T11:19:18Z
https://boxd.it/8C8W,Pattanapravesham,1988,3.69,2558,,2026-08-12T11:19:19Z
https://boxd.it/1UnQ,Patton,1970,3.9,56275,,2026-08-12T11:19:20Z
https://boxd.it/bDJ6,Pauline,2009,3.65,7133,,2026-08-12T11:19:20Z
https://boxd.it/1WC4,Pauline at the Beach,1983,3.84,40364,,2026-08-12T11:19:21Z
https://boxd.it/4h3BWd,Pauline at the Beach,1983,4.0,,,2026-08-12T11:19:22Z
https://boxd.it/MmUq,Pavane,2026,3.78,35559,,2026-08-12T11:19:22Z
https://boxd.it/NvY4,Paying for It,2024,3.44,3465,,2026-08-12T11:19:23Z
https://boxd.it/3zBcnp,Pearl,2022,3.0,,,2026-08-12T11:19:24Z
https://boxd.it/zPbe,Pearl,2022,3.7,2103495,,2026-08-12T11:19:24Z
https://boxd.it/2lTO,Pearl Jam Twenty,2011,4.01,5535,,2026-08-12T11:19:25Z
https://boxd.it/6i34,"Peep ""TV"" Show",2004,3.83,4517,,2026-08-12T11:19:25Z
https://boxd.it/1Utk,Peeping Tom,1960,4.03,105555,,2026-08-12T11:19:26Z
https://boxd.it/RGo,Peepli Live,2010,3.7,3976,,2026-08-12T11:19:27Z
https://boxd.it/13fO,Peking Opera Blues,1986,4.06,13697,,2026-08-12T11:19:27Z
https://boxd.it/1Usc,Pelle the Conqueror,1987,3.86,6283,,2026-08-12T11:19:28Z
https://boxd.it/dM0o,Pelli Choopulu,2016,4.0,7144,,2026-08-12T11:19:29Z
https://boxd.it/wMmW,Pen15: Jacuzzi,2021,4.21,14745,,2026-08-12T11:19:29Z
https://boxd.it/4oQW,Penda's Fen,1974,3.8,18049,,2026-08-12T11:19:30Z
https://boxd.it/2NiG,Peppermint Soda,1977,3.85,12744,,2026-08-12T11:19:31Z
https://boxd.it/WcCln,Peranbu,2018,4.5,,,2026-08-12T11:19:32Z
https://boxd.it/eyFY,Peranbu,2018,4.08,7826,,2026-08-12T11:19:31Z
https://boxd.it/1W7A,Perfect Blue,1997,4.38,1311791,,2026-08-12T11:19:32Z
https://boxd.it/WcBtb,Perfect Blue,1997,4.5,,,2026-08-12T11:19:33Z
https://boxd.it/5h45AJ,Perfect Days,2023,4.0,,,2026-08-12T11:19:34Z
https://boxd.it/ATh8,Perfect Days,2023,4.33,878512,,2026-08-12T11:19:34Z
https://boxd.it/1nuLGX,Perfect Strangers,2016,3.5,,,2026-08-12T11:19:36Z
https://boxd.it/dgVi,Perfect Strangers,2016,3.71,96152,,2026-08-12T11:19:35Z
https://boxd.it/1txE,Performance,1970,3.57,21099,,2026-08-12T11:19:36Z
https://boxd.it/i1mi,Permanent Green Light,2018,3.51,1239,,2026-08-12T11:19:37Z
https://boxd.it/1nuLQ9,Persepolis,2007,4.5,,,2026-08-12T11:19:39Z
https://boxd.it/27DC,Persepolis,2007,4.23,278435,,2026-08-12T11:19:38Z
https://boxd.it/29B4,Persona,1966,4.37,454886,,2026-08-12T11:19:39Z
https://boxd.it/WcCa5,Persona,1966,4.0,,,2026-08-12T11:19:40Z
https://boxd.it/nBOM,Persona,2018,4.32,17719,,2026-08-12T11:19:41Z
https://boxd.it/bkGM,Personal Shopper,2016,3.38,105510,,2026-08-12T11:19:42Z
https://boxd.it/7k4A,Pestonjee,1988,3.59,655,,2026-08-12T11:19:42Z
https://boxd.it/1ZBy,Pet Sematary,1989,3.26,182407,,2026-08-12T11:19:43Z
https://boxd.it/HSdo,Peter Hujar's Day,2025,3.44,21209,,2026-08-12T11:19:44Z
https://boxd.it/2n8VpB,Petite Maman,2021,5.0,,,2026-08-12T11:19:45Z
https://boxd.it/s6je,Petite Maman,2021,4.1,162580,,2026-08-12T11:19:44Z
https://boxd.it/1YaG,Phantasm,1979,3.33,74161,,2026-08-12T11:19:46Z
https://boxd.it/9mmq,Phantom,1975,3.37,5085,,2026-08-12T11:19:46Z
https://boxd.it/2v3I,Phantom India,1969,3.87,782,,2026-08-12T11:19:47Z
https://boxd.it/1s34,Phantom of the Paradise,1974,4.15,174582,,2026-08-12T11:19:48Z
https://boxd.it/1cEQeF,Phantom Thread,2017,4.5,,,2026-08-12T11:19:49Z
https://boxd.it/e4uc,Phantom Thread,2017,4.17,667950,,2026-08-12T11:19:48Z
https://boxd.it/nY8,Phas Gaye Re Obama,2010,3.42,1658,,2026-08-12T11:19:49Z
https://boxd.it/p0Y,Philanthropy,2002,4.0,4934,,2026-08-12T11:19:50Z
https://boxd.it/1DCk,Phir Hera Pheri,2006,3.76,16194,,2026-08-12T11:19:51Z
https://boxd.it/aRyyGb,Phir Hera Pheri,2006,2.0,,,2026-08-12T11:19:51Z
https://boxd.it/7u46,Phoenix,2014,4.0,51939,,2026-08-12T11:19:52Z
https://boxd.it/1cEPYx,Pi,1998,3.5,,,2026-08-12T11:19:53Z
https://boxd.it/2ajq,Pi,1998,3.73,163883,,2026-08-12T11:19:52Z
https://boxd.it/AKCG,Pier Paolo Pasolini - Agnès Varda - New York - 1967,2022,3.84,3180,,2026-08-12T11:19:54Z
https://boxd.it/26j2,Pierrot le Fou,1965,4.02,169626,,2026-08-12T11:19:54Z
https://boxd.it/5h45Mv,Pierrot le Fou,1965,4.0,,,2026-08-12T11:19:55Z
https://boxd.it/WcBQz,Piku,2015,3.5,,,2026-08-12T11:19:56Z
https://boxd.it/aXUc,Piku,2015,3.85,34836,,2026-08-12T11:19:55Z
https://boxd.it/gvk8,"Pilgrim, Farewell",1980,3.74,648,,2026-08-12T11:19:57Z
https://boxd.it/N6Pw,Pillion,2025,3.48,265851,,2026-08-12T11:19:57Z
https://boxd.it/n5W,Pina,2011,3.95,23154,,2026-08-12T11:19:58Z
https://boxd.it/oL1s,Ping Pong the Animation,2014,4.61,27840,,2026-08-12T11:19:59Z
https://boxd.it/5YRS,Pinjar,2003,3.54,543,,2026-08-12T11:19:59Z
https://boxd.it/WcC7P,Pink,2016,4.0,,,2026-08-12T11:20:01Z
https://boxd.it/eEQo,Pink,2016,3.72,17354,,2026-08-12T11:20:00Z
https://boxd.it/1v90,Pink Floyd: Live at Pompeii,1972,4.43,32756,,2026-08-12T11:20:01Z
https://boxd.it/1wF2,Pink Floyd: Pulse,1995,4.33,3254,,2026-08-12T11:20:02Z
https://boxd.it/GAtQ,Pink Floyd: The Dark Side of the Moon Planetarium Experience,2023,3.83,667,,2026-08-12T11:20:03Z
https://boxd.it/2Ruc,Pioneer,2011,3.71,2314,,2026-08-12T11:20:04Z
https://boxd.it/1cEQe1,Piper,2016,4.0,,,2026-08-12T11:20:06Z
https://boxd.it/dZaG,Piper,2016,4.07,97597,,2026-08-12T11:20:05Z
https://boxd.it/37VS,Pirosmani,1969,4.02,4047,,2026-08-12T11:20:07Z
https://boxd.it/9ZDK,Pisaasu,2014,3.63,4664,,2026-08-12T11:20:07Z
https://boxd.it/2hIs,Pithamagan,2003,3.81,4579,,2026-08-12T11:20:08Z
https://boxd.it/XCs,Pixote,1980,4.19,59396,,2026-08-12T11:20:09Z
https://boxd.it/9q1G,PK,2014,3.84,93998,,2026-08-12T11:20:09Z
https://boxd.it/WcBBT,PK,2014,4.0,,,2026-08-12T11:20:10Z
https://boxd.it/3Ig8,Places in Cities,1998,3.63,742,,2026-08-12T11:20:10Z
https://boxd.it/LP4Q,Plainclothes,2025,3.75,38165,,2026-08-12T11:20:11Z
https://boxd.it/5Nx8,Planet Earth,2006,4.63,70964,,2026-08-12T11:20:12Z
https://boxd.it/eS8g,Planet Earth II,2016,4.63,50778,,2026-08-12T11:20:12Z
https://boxd.it/29p8,Planet of the Apes,1968,4.01,253229,,2026-08-12T11:20:13Z
https://boxd.it/ugsE,Play It Safe,2021,3.91,2040,,2026-08-12T11:20:14Z
https://boxd.it/33Oe,Playing,2007,4.28,27857,,2026-08-12T11:20:14Z
https://boxd.it/OoPc,Playing God,2024,3.93,7210,,2026-08-12T11:20:15Z
https://boxd.it/1WLK,PlayTime,1967,4.19,115818,,2026-08-12T11:20:16Z
https://boxd.it/3yie,Poem,1972,3.86,1701,,2026-08-12T11:20:17Z
https://boxd.it/JAs,Poetry,2010,4.23,39008,,2026-08-12T11:20:17Z
https://boxd.it/1Zhe,Police Story,1985,4.03,138052,,2026-08-12T11:20:19Z
https://boxd.it/1Oq0,Polyester,1981,3.85,41331,,2026-08-12T11:20:21Z
https://boxd.it/1AMG,Polytechnique,2009,3.7,69549,,2026-08-12T11:20:21Z
https://boxd.it/1Mvi,Pom Poko,1994,3.71,150075,,2026-08-12T11:20:22Z
https://boxd.it/3iaaN9,Ponniyin Selvan: Part I,2022,4.0,,,2026-08-12T11:20:23Z
https://boxd.it/oz24,Ponniyin Selvan: Part I,2022,3.54,25805,,2026-08-12T11:20:23Z
https://boxd.it/1S0A,Ponyo,2008,4.13,1423034,,2026-08-12T11:20:24Z
https://boxd.it/375i,Poor Pierrot,1892,3.27,8338,,2026-08-12T11:20:24Z
https://boxd.it/WcBIl,Poor Pierrot,1892,4.0,,,2026-08-12T11:20:25Z
https://boxd.it/63cryN,Poor Things,2023,4.0,,,2026-08-12T11:20:26Z
https://boxd.it/tNWU,Poor Things,2023,3.92,2625185,,2026-08-12T11:20:26Z
https://boxd.it/1Tp2,Porco Rosso,1992,4.04,593354,,2026-08-12T11:20:27Z
https://boxd.it/dKj4,Portrait,1977,3.59,738,,2026-08-12T11:20:27Z
https://boxd.it/WcCt7,Portrait of a Lady on Fire,2019,4.5,,,2026-08-12T11:20:28Z
https://boxd.it/jkPq,Portrait of a Lady on Fire,2019,4.43,1154979,,2026-08-12T11:20:28Z
https://boxd.it/nZAY,Portrait of a Lazy Woman,1986,3.65,4276,,2026-08-12T11:20:29Z
https://boxd.it/1XH9MD,Portrait of a Young Girl at the End of the 60s in Brussels,1994,3.5,,,2026-08-12T11:20:31Z
https://boxd.it/462a,Portrait of a Young Girl at the End of the 60s in Brussels,1994,4.15,13822,,2026-08-12T11:20:30Z
https://boxd.it/CSom,Portrait of God,2022,3.76,47178,,2026-08-12T11:20:31Z
https://boxd.it/sSEO,Positano,1969,3.71,640,,2026-08-12T11:20:32Z
https://boxd.it/1BPm,Possession,1981,4.03,504535,,2026-08-12T11:20:33Z
https://boxd.it/1XHag9,Possession,1981,4.5,,,2026-08-12T11:20:33Z
https://boxd.it/esRk,Possibilia,2014,3.75,1597,,2026-08-12T11:20:34Z
https://boxd.it/3wTs,Post Tenebras Lux,2012,3.64,13751,,2026-08-12T11:20:35Z
https://boxd.it/1b3m,Postman Blues,1997,4.1,5998,,2026-08-12T11:20:36Z
https://boxd.it/4vN6,Prahaar,1991,3.47,303,,2026-08-12T11:20:38Z
https://boxd.it/2MDy,Pranchiyettan & The Saint,2010,3.75,3215,,2026-08-12T11:20:38Z
https://boxd.it/yM8,Prasthanam,2010,3.65,1040,,2026-08-12T11:20:39Z
https://boxd.it/1nuLvP,Predestination,2014,4.0,,,2026-08-12T11:20:40Z
https://boxd.it/6bJM,Predestination,2014,3.58,280655,,2026-08-12T11:20:40Z
https://boxd.it/WcBNv,Prem Ratan Dhan Payo,2015,2.5,,,2026-08-12T11:20:41Z
https://boxd.it/coCc,Prem Ratan Dhan Payo,2015,2.3,9066,,2026-08-12T11:20:41Z
https://boxd.it/WcBYt,Premam,2015,4.5,,,2026-08-12T11:20:42Z
https://boxd.it/bod0,Premam,2015,4.07,24616,,2026-08-12T11:20:42Z
https://boxd.it/1QYI,Presto,2008,3.77,35246,,2026-08-12T11:20:43Z
https://boxd.it/WcBoP,Presto,2008,4.0,,,2026-08-12T11:20:44Z
https://boxd.it/tlWs,Pretend It's a City,2021,4.0,25969,,2026-08-12T11:20:44Z
https://boxd.it/24u8,Pride & Prejudice,2005,4.15,2248709,,2026-08-12T11:20:45Z
https://boxd.it/aofPkx,Pride and Prejudice,1995,4.0,,,2026-08-12T11:20:46Z
https://boxd.it/g97G,Pride and Prejudice,1995,4.32,96282,,2026-08-12T11:20:45Z
https://boxd.it/28ws,Primal Fear,1996,4.01,581767,,2026-08-12T11:20:49Z
https://boxd.it/6YA,Primer,2004,3.56,181697,,2026-08-12T11:20:50Z
https://boxd.it/1hQY,Prince of the City,1981,3.83,12251,,2026-08-12T11:20:52Z
https://boxd.it/1cEPV9,Princess Mononoke,1997,4.5,,,2026-08-12T11:20:53Z
https://boxd.it/2b4w,Princess Mononoke,1997,4.4,1769373,,2026-08-12T11:20:52Z
https://boxd.it/4E5i,Prisoners,2013,4.34,2394925,,2026-08-12T11:20:53Z
https://boxd.it/WcBr5,Prisoners,2013,4.0,,,2026-08-12T11:20:54Z
https://boxd.it/fll4,Promise at Dawn,2017,3.62,13096,,2026-08-12T11:20:54Z
https://boxd.it/2ab2,Psycho,1960,4.31,1421322,,2026-08-12T11:20:55Z
https://boxd.it/WcC7b,Psycho,1960,4.5,,,2026-08-12T11:20:57Z
https://boxd.it/2i1u,Pudhupettai,2006,4.1,9934,,2026-08-12T11:20:57Z
https://boxd.it/px3c,Puella Magi Madoka Magica,2011,4.4,47743,,2026-08-12T11:20:58Z
https://boxd.it/29Pq,Pulp Fiction,1994,4.23,4471502,,2026-08-12T11:20:59Z
https://boxd.it/WcBjl,Pulp Fiction,1994,4.5,,,2026-08-12T11:21:00Z
https://boxd.it/1s3y,Pulse,2001,3.69,179860,,2026-08-12T11:21:00Z
https://boxd.it/bbPOuT,Pulse,2001,4.5,,,2026-08-12T11:21:01Z
https://boxd.it/hqtm,Pumpkin Movie,2017,3.5,1071,,2026-08-12T11:21:01Z
https://boxd.it/1cEQ4l,Punch-Drunk Love,2002,3.5,,,2026-08-12T11:21:02Z
https://boxd.it/20E4,Punch-Drunk Love,2002,3.96,738738,,2026-08-12T11:21:02Z
https://boxd.it/1tJK,Punishment Park,1971,4.15,32712,,2026-08-12T11:21:03Z
https://boxd.it/8r4a,Punjab 1984,2014,3.77,773,,2026-08-12T11:21:04Z
https://boxd.it/6UrS,Punjabi House,1998,3.63,2419,,2026-08-12T11:21:04Z
https://boxd.it/27wG,Pusher,1996,3.73,131375,,2026-08-12T11:21:05Z
https://boxd.it/19M0,Pushpaka Vimana,1987,3.81,2509,,2026-08-12T11:21:06Z
https://boxd.it/4h3BIF,Puss in Boots: The Last Wish,2022,4.5,,,2026-08-12T11:21:07Z
https://boxd.it/aaie,Puss in Boots: The Last Wish,2022,4.13,1920481,,2026-08-12T11:21:07Z
https://boxd.it/f3AA,Pussy,2016,3.77,20158,,2026-08-12T11:21:08Z
https://boxd.it/1gV4,Putney Swope,1969,3.66,15664,,2026-08-12T11:21:08Z
https://boxd.it/WcBWR,Pyaar Ka Punchnama 2,2015,3.0,,,2026-08-12T11:21:09Z
https://boxd.it/cwAy,Pyaar Ka Punchnama 2,2015,2.88,2883,,2026-08-12T11:21:09Z
https://boxd.it/10iq,Pyaasa,1957,4.17,14630,,2026-08-12T11:21:10Z
https://boxd.it/WcC3N,Pyaasa,1957,4.5,,,2026-08-12T11:21:11Z
https://boxd.it/usBI,Q: Into the Storm,2021,3.75,6543,,2026-08-12T11:21:11Z
https://boxd.it/1qyY,Qayamat Se Qayamat Tak,1988,3.46,2486,,2026-08-12T11:21:12Z
https://boxd.it/7gjQ,Queen,2013,3.79,29551,,2026-08-12T11:21:12Z
https://boxd.it/WcBKL,Queen,2013,4.0,,,2026-08-12T11:21:13Z
https://boxd.it/CE9i,Queen at Sea,2026,3.81,1659,,2026-08-12T11:21:14Z
https://boxd.it/1Wec,Queen Margot,1994,3.88,26042,,2026-08-12T11:21:14Z
https://boxd.it/iQ8Q,Queen of Hearts,2019,3.54,16664,,2026-08-12T11:21:15Z
https://boxd.it/M58,Quiet City,2007,3.5,1714,,2026-08-12T11:21:15Z
https://boxd.it/LWIy,Quiet on Set: The Dark Side of Kids TV,2024,3.7,52385,,2026-08-12T11:21:16Z
https://boxd.it/riws,"Quo Vadis, Aida?",2020,4.24,47248,,2026-08-12T11:21:17Z
https://boxd.it/gcNA,Raajakumara,2017,3.41,549,,2026-08-12T11:21:17Z
https://boxd.it/2hVG,Raam,2005,3.54,1156,,2026-08-12T11:21:18Z
https://boxd.it/1nuLux,Raanjhanaa,2013,4.0,,,2026-08-12T11:21:19Z
https://boxd.it/5M1U,Raanjhanaa,2013,3.27,19236,,2026-08-12T11:21:19Z
https://boxd.it/WcCgx,Raazi,2018,4.0,,,2026-08-12T11:21:20Z
https://boxd.it/hHX4,Raazi,2018,3.73,24536,,2026-08-12T11:21:20Z
https://boxd.it/SaI,Rabbits,2002,3.7,46811,,2026-08-12T11:21:21Z
https://boxd.it/9yQi,Racing Extinction,2015,3.65,2601,,2026-08-12T11:21:21Z
https://boxd.it/1kms,Radio Days,1987,3.78,38295,,2026-08-12T11:21:22Z
https://boxd.it/1nuLpR,Radiohead: In Rainbows - From the Basement,2008,5.0,,,2026-08-12T11:21:23Z
https://boxd.it/g7G,Radiohead: In Rainbows - From the Basement,2008,4.73,72427,,2026-08-12T11:21:23Z
https://boxd.it/4OKU,Radiohead: The King of Limbs – Live from the Basement,2011,4.37,4661,,2026-08-12T11:21:24Z
https://boxd.it/WcBLz,Raees,2017,3.0,,,2026-08-12T11:21:25Z
https://boxd.it/cG4W,Raees,2017,3.14,20572,,2026-08-12T11:21:24Z
https://boxd.it/28yI,Raging Bull,1980,4.21,622146,,2026-08-12T11:21:26Z
https://boxd.it/WcCpp,Raging Bull,1980,4.5,,,2026-08-12T11:21:26Z
https://boxd.it/aANC,Rahasya,2015,3.39,2206,,2026-08-12T11:21:27Z
https://boxd.it/2bbs,Raiders of the Lost Ark,1981,4.16,1336634,,2026-08-12T11:21:27Z
https://boxd.it/WcCrb,Raiders of the Lost Ark,1981,4.5,,,2026-08-12T11:21:28Z
https://boxd.it/4c6M,Rain,1929,3.72,6692,,2026-08-12T11:21:29Z
https://boxd.it/1nuLCV,Raincoat,2004,4.0,,,2026-08-12T11:21:30Z
https://boxd.it/ZPe,Raincoat,2004,3.84,5674,,2026-08-12T11:21:30Z
https://boxd.it/1WlC,Raise the Red Lantern,1991,4.34,59590,,2026-08-12T11:21:31Z
https://boxd.it/2avQ,Raising Arizona,1987,3.88,329817,,2026-08-12T11:21:32Z
https://boxd.it/H32,Rakht Charitra,2010,3.48,2849,,2026-08-12T11:21:32Z
https://boxd.it/dL2S,Raman Raghav 2.0,2016,3.56,12196,,2026-08-12T11:21:33Z
https://boxd.it/2MgY,Ramanaa,2002,3.55,1591,,2026-08-12T11:21:34Z
https://boxd.it/4Lem,Ramji Rao Speaking,1989,3.75,2017,,2026-08-12T11:21:35Z
https://boxd.it/KNM,Rampo Noir,2005,3.39,2344,,2026-08-12T11:21:36Z
https://boxd.it/1Tlu,Ran,1985,4.51,274174,,2026-08-12T11:21:37Z
https://boxd.it/1nuLSp,Ran,1985,4.5,,,2026-08-12T11:21:37Z
https://boxd.it/20KG,Rang De Basanti,2006,3.82,26419,,2026-08-12T11:21:38Z
https://boxd.it/WcBTN,Rang De Basanti,2006,4.0,,,2026-08-12T11:21:38Z
https://boxd.it/1BGY,Rangeela,1995,3.67,3877,,2026-08-12T11:21:40Z
https://boxd.it/TryS,Rao Bahadur,2026,3.52,6927,,2026-08-12T11:21:40Z
https://boxd.it/LPe2,Rap World,2024,4.12,28851,,2026-08-12T11:21:41Z
https://boxd.it/24f8,Rapture,1979,3.78,17822,,2026-08-12T11:21:41Z
https://boxd.it/l0cC,Rascal Does Not Dream of a Dreaming Girl,2019,3.9,25763,,2026-08-12T11:21:42Z
https://boxd.it/1cEQ8R,Rashomon,1950,4.5,,,2026-08-12T11:21:43Z
https://boxd.it/2a9K,Rashomon,1950,4.19,305873,,2026-08-12T11:21:43Z
https://boxd.it/4kek,Rat Fever,2012,3.51,7584,,2026-08-12T11:21:44Z
https://boxd.it/27ww,Ratatouille,2007,4.22,3918828,,2026-08-12T11:21:44Z
https://boxd.it/WcBRH,Ratatouille,2007,4.5,,,2026-08-12T11:21:45Z
https://boxd.it/1mSg,Ratcatcher,1999,4.06,47056,,2026-08-12T11:21:46Z
https://boxd.it/WcCgd,Ratsasan,2018,4.5,,,2026-08-12T11:21:47Z
https://boxd.it/eyFu,Ratsasan,2018,3.85,20505,,2026-08-12T11:21:46Z
https://boxd.it/19BG,Raven,1996,2.88,407,,2026-08-12T11:21:48Z
https://boxd.it/1WOa,Ravenous,1999,3.66,52194,,2026-08-12T11:21:48Z
https://boxd.it/1XHa7h,Raw,2016,4.5,,,2026-08-12T11:21:49Z
https://boxd.it/dLd2,Raw,2016,3.67,464548,,2026-08-12T11:21:49Z
https://boxd.it/28km,Ray,2004,3.79,109675,,2026-08-12T11:21:50Z
https://boxd.it/2la,Ready,2011,2.71,10391,,2026-08-12T11:21:51Z
https://boxd.it/WcBv7,Ready,2011,2.5,,,2026-08-12T11:21:51Z
https://boxd.it/1lBI,Real Women Have Curves,2002,4.01,45749,,2026-08-12T11:21:52Z
https://boxd.it/2a6Q,Rear Window,1954,4.37,865746,,2026-08-12T11:21:53Z
https://boxd.it/WcBZr,Rear Window,1954,4.5,,,2026-08-12T11:21:53Z
https://boxd.it/2CGLyh,Rebecca,1940,4.0,,,2026-08-12T11:21:54Z
https://boxd.it/2aQa,Rebecca,1940,4.13,171049,,2026-08-12T11:21:54Z
https://boxd.it/mp2,Rebels of the Neon God,1992,3.98,39856,,2026-08-12T11:21:55Z
https://boxd.it/jvuI,Reception,2017,3.91,1279,,2026-08-12T11:21:56Z
https://boxd.it/2wIW,Recollections of the Yellow House,1989,3.87,3442,,2026-08-12T11:21:56Z
https://boxd.it/2zCM,Record of a Tenement Gentleman,1947,3.88,5354,,2026-08-12T11:21:57Z
https://boxd.it/251m,Red Beard,1965,4.38,36969,,2026-08-12T11:21:57Z
https://boxd.it/1ttW,Red Desert,1964,4.01,48892,,2026-08-12T11:21:58Z
https://boxd.it/30h9Yx,Red Post on Escher Street,2020,4.0,,,2026-08-12T11:21:59Z
https://boxd.it/pdpi,Red Post on Escher Street,2020,3.99,5496,,2026-08-12T11:21:59Z
https://boxd.it/2q1zTn,Red Rocket,2021,4.5,,,2026-08-12T11:22:00Z
https://boxd.it/sGpi,Red Rocket,2021,3.82,215405,,2026-08-12T11:22:00Z
https://boxd.it/ym4c,Red Rooms,2023,3.92,160652,,2026-08-12T11:22:01Z
https://boxd.it/6v8w,Redemption,2013,3.5,1462,,2026-08-12T11:22:01Z
https://boxd.it/2pQ0,Redline,2009,4.14,105437,,2026-08-12T11:22:02Z
https://boxd.it/CjmU,Reflection in a Dead Diamond,2025,3.59,24166,,2026-08-12T11:22:03Z
https://boxd.it/csPwK1,Reflection in a Dead Diamond,2025,3.5,,,2026-08-12T11:22:03Z
https://boxd.it/egm,Reflections of Evil,2002,3.81,3369,,2026-08-12T11:22:04Z
https://boxd.it/g46y,Rehearsals for Retirement,2007,3.84,4154,,2026-08-12T11:22:04Z
https://boxd.it/NdW,Rehnaa Hai Terre Dil Mein,2001,3.24,4206,,2026-08-12T11:22:05Z
https://boxd.it/eUmk,Reis,2017,2.27,2136,,2026-08-12T11:22:06Z
https://boxd.it/1gZU,Rejected,2000,3.9,23981,,2026-08-12T11:22:06Z
https://boxd.it/4XJGMf,Rejected,2000,3.5,,,2026-08-12T11:22:07Z
https://boxd.it/qqIk,Relaxing Old Footage With Joe Pera,2020,4.31,2792,,2026-08-12T11:22:07Z
https://boxd.it/13aa,Religion,2007,3.53,309,,2026-08-12T11:22:08Z
https://boxd.it/1VLk,Remember the Titans,2000,3.91,340809,,2026-08-12T11:22:09Z
https://boxd.it/4OJ8,removed,1999,3.66,1066,,2026-08-12T11:22:09Z
https://boxd.it/4GPW,Renaissance,1963,3.71,1881,,2026-08-12T11:22:10Z
https://boxd.it/28RA,Rendezvous,1976,3.93,7115,,2026-08-12T11:22:10Z
https://boxd.it/2FaY,Rendezvous in Paris,1995,3.7,6370,,2026-08-12T11:22:11Z
https://boxd.it/79YgED,Rendezvous in Paris,1995,3.0,,,2026-08-12T11:22:12Z
https://boxd.it/9msI,Repeated Absences,1972,3.82,1234,,2026-08-12T11:22:13Z
https://boxd.it/7DQe,Report to Mother,1986,3.86,1819,,2026-08-12T11:22:14Z
https://boxd.it/1Sji,Reprise,2006,3.84,67099,,2026-08-12T11:22:14Z
https://boxd.it/4h3BUB,Reprise,2006,4.0,,,2026-08-12T11:22:15Z
https://boxd.it/1TKu,Repulsion,1965,3.91,106285,,2026-08-12T11:22:16Z
https://boxd.it/29VI,Requiem for a Dream,2000,4.1,1742307,,2026-08-12T11:22:17Z
https://boxd.it/WcBwf,Requiem for a Dream,2000,4.5,,,2026-08-12T11:22:17Z
https://boxd.it/WcCcv,Reservoir Dogs,1991,3.0,,,2026-08-12T11:22:18Z
https://boxd.it/fL8A,Reservoir Dogs,1991,3.9,47860,,2026-08-12T11:22:18Z
https://boxd.it/2agc,Reservoir Dogs,1992,4.14,1681482,,2026-08-12T11:22:19Z
https://boxd.it/WcBhz,Reservoir Dogs,1992,4.5,,,2026-08-12T11:22:19Z
https://boxd.it/oTL4,Rest Energy,1980,3.96,3164,,2026-08-12T11:22:21Z
https://boxd.it/13Yk,Restrepo,2010,3.81,14108,,2026-08-12T11:22:21Z
https://boxd.it/dRthFz,Resurrection,2025,4.0,,,2026-08-12T11:22:22Z
https://boxd.it/x9DG,Resurrection,2025,4.07,76411,,2026-08-12T11:22:22Z
https://boxd.it/OeIK,Retirement Plan,2024,3.8,33908,,2026-08-12T11:22:23Z
https://boxd.it/NO4,Retribution,2006,3.73,19947,,2026-08-12T11:22:24Z
https://boxd.it/4XJGJl,Return to Seoul,2022,3.0,,,2026-08-12T11:22:25Z
https://boxd.it/zXDg,Return to Seoul,2022,3.63,69898,,2026-08-12T11:22:24Z
https://boxd.it/1MdS,Revanche,2008,3.98,17001,,2026-08-12T11:22:26Z
https://boxd.it/3iaaPp,Revanche,2008,4.5,,,2026-08-12T11:22:27Z
https://boxd.it/COx0,REVOLUTION+1,2022,3.61,1792,,2026-08-12T11:22:27Z
https://boxd.it/1jGw,Richard III,1995,3.67,12345,,2026-08-12T11:22:29Z
https://boxd.it/99Mg,Richard Jewell,2019,3.63,131402,,2026-08-12T11:22:29Z
https://boxd.it/1nuLy5,Rick and Morty vs. Genocider,2020,5.0,,,2026-08-12T11:22:31Z
https://boxd.it/I44S,Rick and Morty vs. Genocider,2020,3.62,4685,,2026-08-12T11:22:30Z
https://boxd.it/jEEi,Ricordi?,2018,3.68,4841,,2026-08-12T11:22:31Z
https://boxd.it/1rjK,Ride Lonesome,1959,3.73,11706,,2026-08-12T11:22:32Z
https://boxd.it/1xigcX,Rififi,1955,4.5,,,2026-08-12T11:22:33Z
https://boxd.it/29f8,Rififi,1955,4.26,47248,,2026-08-12T11:22:32Z
https://boxd.it/bWs4,"Right Now, Wrong Then",2015,3.88,28080,,2026-08-12T11:22:34Z
https://boxd.it/26tw,Ring,1998,3.63,246331,,2026-08-12T11:22:34Z
https://boxd.it/2aE4,Rio Bravo,1959,4.16,78758,,2026-08-12T11:22:35Z
https://boxd.it/14z6,Ritual,2000,4.28,42440,,2026-08-12T11:22:36Z
https://boxd.it/2CGLxD,Ritual,2000,5.0,,,2026-08-12T11:22:36Z
https://boxd.it/7wPS,River of Fundament,2014,3.67,837,,2026-08-12T11:22:37Z
https://boxd.it/1lSO,Rivers and Tides,2001,3.96,2545,,2026-08-12T11:22:37Z
https://boxd.it/24Lo,Road to Perdition,2002,3.82,169392,,2026-08-12T11:22:38Z
https://boxd.it/1Z4a,Road Trip,2000,2.89,108071,,2026-08-12T11:22:39Z
https://boxd.it/63crwR,Robot Dreams,2023,4.0,,,2026-08-12T11:22:40Z
https://boxd.it/vBZm,Robot Dreams,2023,4.09,241358,,2026-08-12T11:22:39Z
https://boxd.it/20bG,Rocco and His Brothers,1960,4.31,46924,,2026-08-12T11:22:41Z
https://boxd.it/7o8qc1,Rocco and His Brothers,1960,4.0,,,2026-08-12T11:22:41Z
https://boxd.it/1EHK,Rock On!!,2008,3.62,6934,,2026-08-12T11:22:42Z
https://boxd.it/WcBov,Rock On!!,2008,2.5,,,2026-08-12T11:22:42Z
https://boxd.it/1t7m,Rocket Singh: Salesman of the Year,2009,3.46,14085,,2026-08-12T11:22:43Z
https://boxd.it/1cEQ2p,Rocketman,2019,3.5,,,2026-08-12T11:22:45Z
https://boxd.it/iehK,Rocketman,2019,3.71,629228,,2026-08-12T11:22:44Z
https://boxd.it/l8Qg,Rocks,2019,3.9,20019,,2026-08-12T11:22:45Z
https://boxd.it/2Lvo,Rockstar,2011,3.66,46165,,2026-08-12T11:22:46Z
https://boxd.it/WcBwJ,Rockstar,2011,3.5,,,2026-08-12T11:22:47Z
https://boxd.it/1cEQix,Rocky,1976,4.5,,,2026-08-12T11:22:48Z
https://boxd.it/28Uk,Rocky,1976,4.11,1044242,,2026-08-12T11:22:47Z
https://boxd.it/30h9Wh,Rocky,2021,4.5,,,2026-08-12T11:22:49Z
https://boxd.it/nDbM,Rocky,2021,3.69,4799,,2026-08-12T11:22:48Z
https://boxd.it/5h45r3,Rocky Aur Rani Kii Prem Kahaani,2023,3.5,,,2026-08-12T11:22:50Z
https://boxd.it/w0wa,Rocky Aur Rani Kii Prem Kahaani,2023,3.63,42651,,2026-08-12T11:22:50Z
https://boxd.it/lk5Q,Rogan Josh,2018,3.58,1990,,2026-08-12T11:22:51Z
https://boxd.it/WcBQp,Rogue One: A Star Wars Story,2016,4.0,,,2026-08-12T11:22:52Z
https://boxd.it/aPvy,Rogue One: A Star Wars Story,2016,3.84,1689892,,2026-08-12T11:22:51Z
https://boxd.it/1BR8,Roja,1992,3.59,7330,,2026-08-12T11:22:53Z
https://boxd.it/WcBhT,Roja,1992,4.0,,,2026-08-12T11:22:53Z
https://boxd.it/UuK,Roma,2004,3.77,2014,,2026-08-12T11:22:54Z
https://boxd.it/WcCaz,Roma,2018,4.5,,,2026-08-12T11:22:55Z
https://boxd.it/f69M,Roma,2018,4.1,480638,,2026-08-12T11:22:54Z
https://boxd.it/29zW,Roman Holiday,1953,4.2,339372,,2026-08-12T11:22:55Z
https://boxd.it/2n8VzL,Roman Holiday,1953,4.0,,,2026-08-12T11:22:56Z
https://boxd.it/1u4y,Romance,1999,3.2,13650,,2026-08-12T11:22:57Z
https://boxd.it/2aD6,"Rome, Open City",1945,4.17,79162,,2026-08-12T11:22:58Z
https://boxd.it/IR3k,Romería,2025,3.59,44915,,2026-08-12T11:22:58Z
https://boxd.it/7T0y,Room,2015,3.97,817640,,2026-08-12T11:22:59Z
https://boxd.it/WcBJj,Room,2015,4.0,,,2026-08-12T11:23:00Z
https://boxd.it/2Y46,Room 237,2012,3.08,45932,,2026-08-12T11:23:00Z
https://boxd.it/28yo,Rope,1948,4.14,340307,,2026-08-12T11:23:01Z
https://boxd.it/WcBTX,Rope,1948,4.0,,,2026-08-12T11:23:01Z
https://boxd.it/30hamJ,"Rosa la rose, fille publique",1986,4.0,,,2026-08-12T11:23:03Z
https://boxd.it/9yg,"Rosa la rose, fille publique",1986,3.93,3186,,2026-08-12T11:23:02Z
https://boxd.it/4DCK,Rosalie,1966,3.65,1305,,2026-08-12T11:23:03Z
https://boxd.it/ICFo,Rose,2026,3.87,12142,,2026-08-12T11:23:04Z
https://boxd.it/hn7W,Roseblood,1974,3.71,334,,2026-08-12T11:23:05Z
https://boxd.it/29zM,Rosemary's Baby,1968,4.21,602434,,2026-08-12T11:23:06Z
https://boxd.it/2cdk,Rouge,1987,3.89,15363,,2026-08-12T11:23:06Z
https://boxd.it/bnNQ,Round About Midnight,1999,3.99,2113,,2026-08-12T11:23:07Z
https://boxd.it/1K32,Roundhay Garden Scene,1888,3.22,22663,,2026-08-12T11:23:07Z
https://boxd.it/WcBSv,Roundhay Garden Scene,1888,3.5,,,2026-08-12T11:23:08Z
https://boxd.it/30hakN,RRR,2022,3.5,,,2026-08-12T11:23:09Z
https://boxd.it/ljDs,RRR,2022,4.21,356030,,2026-08-12T11:23:09Z
https://boxd.it/8t0,Rudraveena,1988,3.82,1300,,2026-08-12T11:23:10Z
https://boxd.it/1cEPY3,Run Lola Run,1998,4.0,,,2026-08-12T11:23:11Z
https://boxd.it/2b8o,Run Lola Run,1998,3.86,271260,,2026-08-12T11:23:10Z
https://boxd.it/Jjc,Runaway,2010,4.14,17168,,2026-08-12T11:23:12Z
https://boxd.it/6zM6,Rurouni Kenshin Part II: Kyoto Inferno,2014,3.66,16163,,2026-08-12T11:23:12Z
https://boxd.it/1cEQ1h,Rush,2013,4.5,,,2026-08-12T11:23:13Z
https://boxd.it/3lyS,Rush,2013,3.88,443715,,2026-08-12T11:23:13Z
https://boxd.it/108U,Rush: Beyond the Lighted Stage,2010,4.0,5894,,2026-08-12T11:23:14Z
https://boxd.it/lgai,Rushing Green with Horses,2019,3.67,301,,2026-08-12T11:23:15Z
https://boxd.it/1TAO,Rushmore,1998,3.89,500277,,2026-08-12T11:23:15Z
https://boxd.it/1cEPXp,Rushmore,1998,4.5,,,2026-08-12T11:23:16Z
https://boxd.it/1JQM,Russian Ark,2002,3.81,40157,,2026-08-12T11:23:16Z
https://boxd.it/WcC4V,Rustom,2016,3.5,,,2026-08-12T11:23:18Z
https://boxd.it/dITu,Rustom,2016,3.09,8919,,2026-08-12T11:23:17Z
https://boxd.it/4h3Btl,Rye Lane,2023,3.5,,,2026-08-12T11:23:19Z
https://boxd.it/DIyy,Rye Lane,2023,3.91,187162,,2026-08-12T11:23:18Z
https://boxd.it/HJBm,Ryuichi Sakamoto | Opus,2023,4.22,7765,,2026-08-12T11:23:20Z
https://boxd.it/gZV4,Ryuichi Sakamoto: CODA,2017,4.11,13115,,2026-08-12T11:23:20Z
https://boxd.it/dE1e,Ryusei-Kacho,2002,3.89,3410,,2026-08-12T11:23:21Z
https://boxd.it/4ifU,Saaransh,1984,3.62,467,,2026-08-12T11:23:21Z
https://boxd.it/1iRe,"Saban, Son of Saban",1977,3.69,8935,,2026-08-12T11:23:22Z
https://boxd.it/21tc,Sabrina,1954,3.87,154199,,2026-08-12T11:23:23Z
https://boxd.it/XcQ6,Sad Girlz,2026,3.86,1396,,2026-08-12T11:23:23Z
https://boxd.it/42aE,Sada,1998,3.83,2322,,2026-08-12T11:23:24Z
https://boxd.it/6N5q,Sadak,1991,3.28,430,,2026-08-12T11:23:25Z
https://boxd.it/WcCth,Sadma,1983,4.5,,,2026-08-12T11:23:26Z
https://boxd.it/utQ,Sadma,1983,3.72,2260,,2026-08-12T11:23:25Z
https://boxd.it/1gKU,Safe,1995,3.96,96021,,2026-08-12T11:23:27Z
https://boxd.it/LwW,Safe Journey,1993,4.08,2124,,2026-08-12T11:23:28Z
https://boxd.it/1lQI,Sagara Sangamam,1983,3.95,2486,,2026-08-12T11:23:28Z
https://boxd.it/1xiggv,Sahib Bibi Aur Ghulam,1962,4.5,,,2026-08-12T11:23:29Z
https://boxd.it/2tHQ,Sahib Bibi Aur Ghulam,1962,3.77,1454,,2026-08-12T11:23:29Z
https://boxd.it/yShC,Saint Omer,2022,3.76,35873,,2026-08-12T11:23:30Z
https://boxd.it/WcC6x,Sairat,2016,4.5,,,2026-08-12T11:23:31Z
https://boxd.it/dlFu,Sairat,2016,3.89,5296,,2026-08-12T11:23:31Z
https://boxd.it/hTYo,Sajjan Singh Rangroot,2018,3.51,357,,2026-08-12T11:23:32Z
https://boxd.it/Qhi,Salaam Bombay!,1988,3.9,12081,,2026-08-12T11:23:33Z
https://boxd.it/WcCyL,Salaam Bombay!,1988,4.0,,,2026-08-12T11:23:34Z
https://boxd.it/T68,Salaam Cinema,1995,3.98,5962,,2026-08-12T11:23:34Z
https://boxd.it/4cJO,Salim Langde Pe Mat Ro,1989,3.71,1349,,2026-08-12T11:23:35Z
https://boxd.it/5f2g,Salomé,1972,3.66,1401,,2026-08-12T11:23:36Z
https://boxd.it/237s,"Salò, or the 120 Days of Sodom",1975,3.03,217261,,2026-08-12T11:23:36Z
https://boxd.it/4xKS,Samadhi,1967,3.66,1206,,2026-08-12T11:23:37Z
https://boxd.it/127xe,Samay Raina: Still Alive,2026,3.93,4884,,2026-08-12T11:23:37Z
https://boxd.it/9yCg,Same Kind of Different as Me,2017,3.04,4096,,2026-08-12T11:23:38Z
https://boxd.it/20kS,Samsara,2001,3.71,1760,,2026-08-12T11:23:39Z
https://boxd.it/3ada,Samsara,2011,4.23,40533,,2026-08-12T11:23:39Z
https://boxd.it/EL1a,Samsara,2023,3.88,6916,,2026-08-12T11:23:40Z
https://boxd.it/6zTfbV,Samuel,2024,5.0,,,2026-08-12T11:23:41Z
https://boxd.it/LWKk,Samuel,2024,4.61,55768,,2026-08-12T11:23:41Z
https://boxd.it/1jfg,Samurai I: Musashi Miyamoto,1954,3.66,17314,,2026-08-12T11:23:42Z
https://boxd.it/2loc,Samurai Rebellion,1967,4.29,24377,,2026-08-12T11:23:43Z
https://boxd.it/zpak,Samurai X: Trust & Betrayal,1999,4.24,8003,,2026-08-12T11:23:43Z
https://boxd.it/dCo6,Sand Castle,2017,2.91,27199,,2026-08-12T11:23:44Z
https://boxd.it/4lD6,Sandhesam,1991,3.89,3351,,2026-08-12T11:23:44Z
https://boxd.it/WcCc1,Sanju,2018,4.5,,,2026-08-12T11:23:46Z
https://boxd.it/hTZm,Sanju,2018,3.43,27953,,2026-08-12T11:23:45Z
https://boxd.it/1TaQ,Sanjuro,1962,4.14,71804,,2026-08-12T11:23:46Z
https://boxd.it/1lZq,Sankarabharanam,1980,3.85,953,,2026-08-12T11:23:47Z
https://boxd.it/28B8,Sans Soleil,1983,4.19,48322,,2026-08-12T11:23:47Z
https://boxd.it/6iXM6J,Sans Soleil,1983,4.0,,,2026-08-12T11:23:48Z
https://boxd.it/1Dkq,Sansho the Bailiff,1954,4.4,41189,,2026-08-12T11:23:49Z
https://boxd.it/2CGLCX,Sansho the Bailiff,1954,4.0,,,2026-08-12T11:23:49Z
https://boxd.it/1FrI,Santa Sangre,1989,4.03,63856,,2026-08-12T11:23:50Z
https://boxd.it/6rLk,Sapovnela,1959,3.95,1396,,2026-08-12T11:23:50Z
https://boxd.it/rkw,Saraband,2003,3.84,10198,,2026-08-12T11:23:52Z
https://boxd.it/eyiq,Sarah Winchester: Ghost Opera,2016,3.51,605,,2026-08-12T11:23:52Z
https://boxd.it/2n8ViP,Sardar Udham,2021,4.0,,,2026-08-12T11:23:54Z
https://boxd.it/m5kS,Sardar Udham,2021,4.02,16684,,2026-08-12T11:23:53Z
https://boxd.it/1iUi,Sarfarosh,1999,3.65,4483,,2026-08-12T11:23:54Z
https://boxd.it/1CDm,Sarkar,2005,3.44,5026,,2026-08-12T11:23:55Z
https://boxd.it/tX36,Sarpatta Parambarai,2021,4.04,19950,,2026-08-12T11:23:55Z
https://boxd.it/7xXy,Satah Se Uthata Aadmi,1980,3.68,213,,2026-08-12T11:23:56Z
https://boxd.it/4nd0,Satan's Rhapsody,1917,3.58,3857,,2026-08-12T11:23:57Z
https://boxd.it/1j9M,Satantango,1994,4.36,44701,,2026-08-12T11:23:57Z
https://boxd.it/8ro,Sathi Leelavathi,1995,3.6,1380,,2026-08-12T11:23:58Z
https://boxd.it/8HjK,Sathuranga Vettai,2014,3.67,4081,,2026-08-12T11:23:59Z
https://boxd.it/HIBg,Satluj,2026,4.21,7857,,2026-08-12T11:24:00Z
https://boxd.it/HgK,Satyakam,1969,3.63,222,,2026-08-12T11:24:01Z
https://boxd.it/1UtY,Satyricon,1969,3.7,27152,,2026-08-12T11:24:01Z
https://boxd.it/7MPu,Saudade,2012,3.58,523,,2026-08-12T11:24:02Z
https://boxd.it/29ro,Saving Private Ryan,1998,4.26,1558743,,2026-08-12T11:24:03Z
https://boxd.it/WcBo1,Saving Private Ryan,1998,4.5,,,2026-08-12T11:24:04Z
https://boxd.it/7eiG,Saw,2003,3.61,73495,,2026-08-12T11:24:04Z
https://boxd.it/29oa,Scarface,1932,3.83,56627,,2026-08-12T11:24:05Z
https://boxd.it/2b7g,Scarface,1983,4.15,1737714,,2026-08-12T11:24:06Z
https://boxd.it/WcCtr,Scarface,1983,4.5,,,2026-08-12T11:24:06Z
https://boxd.it/MLVe,Scars We Love,2024,3.99,28003,,2026-08-12T11:24:07Z
https://boxd.it/24CG,Scary Movie,2000,3.25,1002352,,2026-08-12T11:24:07Z
https://boxd.it/6uvxlL,Scary Movie,2000,3.0,,,2026-08-12T11:24:08Z
https://boxd.it/MxEo,Scary Movie,2026,2.37,507657,,2026-08-12T11:24:09Z
https://boxd.it/24Be,Scary Movie 3,2003,2.8,333779,,2026-08-12T11:24:09Z
https://boxd.it/6uxB7n,Scary Movie 3,2003,2.5,,,2026-08-12T11:24:10Z
https://boxd.it/fmFu,Scavengers,2016,4.0,3943,,2026-08-12T11:24:10Z
https://boxd.it/K7fI,Scavengers Reign,2023,4.54,49566,,2026-08-12T11:24:11Z
https://boxd.it/rx6u,Scenes from a Marriage,1973,4.42,15637,,2026-08-12T11:24:12Z
https://boxd.it/6I80,Scenes from the Life of Andy Warhol: Friendships & Intersections,1990,3.6,1992,,2026-08-12T11:24:13Z
https://boxd.it/1YAu,Scent of a Woman,1992,3.96,510710,,2026-08-12T11:24:13Z
https://boxd.it/2aq2,Schindler's List,1993,4.54,1483361,,2026-08-12T11:24:14Z
https://boxd.it/5h45fh,Schindler's List,1993,5.0,,,2026-08-12T11:24:15Z
https://boxd.it/2uAG,School for Postmen,1946,3.62,4204,,2026-08-12T11:24:15Z
https://boxd.it/28xK,School of Rock,2003,3.8,1263644,,2026-08-12T11:24:16Z
https://boxd.it/2jok,Score,1973,3.53,2968,,2026-08-12T11:24:17Z
https://boxd.it/f630,Score: A Film Music Documentary,2016,3.7,7064,,2026-08-12T11:24:17Z
https://boxd.it/Mks,Scorpio Rising,1963,3.83,24977,,2026-08-12T11:24:18Z
https://boxd.it/1Aq6,Scott Pilgrim vs. the World,2010,3.89,2653095,,2026-08-12T11:24:19Z
https://boxd.it/1nuLEx,Scott Pilgrim vs. the World,2010,3.5,,,2026-08-12T11:24:19Z
https://boxd.it/zht4,Scrapper,2023,3.87,77879,,2026-08-12T11:24:20Z
https://boxd.it/1FVS,Scratch,2001,3.81,1750,,2026-08-12T11:24:20Z
https://boxd.it/4h3Bv7,Scream VI,2023,3.5,,,2026-08-12T11:24:21Z
https://boxd.it/zdfW,Scream VI,2023,3.36,951724,,2026-08-12T11:24:21Z
https://boxd.it/29zs,Se7en,1995,4.38,3852119,,2026-08-12T11:24:22Z
https://boxd.it/WcBkj,Se7en,1995,4.5,,,2026-08-12T11:24:23Z
https://boxd.it/6AIO,Sea Countrymen,1955,4.01,3308,,2026-08-12T11:24:23Z
https://boxd.it/hDPg,Searching,2018,3.71,334998,,2026-08-12T11:24:24Z
https://boxd.it/2Y3s,Searching for Sugar Man,2012,4.15,74561,,2026-08-12T11:24:25Z
https://boxd.it/1Dbe,Seconds,1966,4.15,62595,,2026-08-12T11:24:25Z
https://boxd.it/2r5U,Secret Ceremony,1968,3.53,6847,,2026-08-12T11:24:26Z
https://boxd.it/1URc,Secretary,2002,3.57,435619,,2026-08-12T11:24:27Z
https://boxd.it/1UuC,Secrets & Lies,1996,4.29,67856,,2026-08-12T11:24:27Z
https://boxd.it/WcCpz,Section 375,2019,4.0,,,2026-08-12T11:24:28Z
https://boxd.it/imN0,Section 375,2019,3.46,6292,,2026-08-12T11:24:28Z
https://boxd.it/7wIVGl,Seduced and Abandoned,1964,4.0,,,2026-08-12T11:24:30Z
https://boxd.it/W1q,Seduced and Abandoned,1964,3.93,4953,,2026-08-12T11:24:29Z
https://boxd.it/lbZU,See Know Evil,2018,4.11,3007,,2026-08-12T11:24:30Z
https://boxd.it/MqK,See the Sea,1997,3.61,3250,,2026-08-12T11:24:31Z
https://boxd.it/fg2Q,See You Up There,2017,3.88,44132,,2026-08-12T11:24:31Z
https://boxd.it/5PiO,Seethamma Vakitlo Sirimalle Chettu,2013,3.7,8085,,2026-08-12T11:24:32Z
https://boxd.it/7PAW,Selva. A Portrait of Parvaneh Navaï,1982,3.85,700,,2026-08-12T11:24:33Z
https://boxd.it/kfE,Senna,2010,4.26,103236,,2026-08-12T11:24:33Z
https://boxd.it/V6k,Senso,1954,3.77,13613,,2026-08-12T11:24:35Z
https://boxd.it/GwcG,Sentimental Value,2025,4.15,1009592,,2026-08-12T11:24:35Z
https://boxd.it/bYbpH5,Sentimental Value,2025,4.0,,,2026-08-12T11:24:36Z
https://boxd.it/7MPE,Senza mostra,2011,3.55,448,,2026-08-12T11:24:36Z
https://boxd.it/1XHa7r,Serial Experiments Lain,1998,4.0,,,2026-08-12T11:24:38Z
https://boxd.it/hYQE,Serial Experiments Lain,1998,4.42,101206,,2026-08-12T11:24:37Z
https://boxd.it/1vS,Serie Noire,1979,3.8,7770,,2026-08-12T11:24:38Z
https://boxd.it/1ZjE,Serpico,1973,3.92,196240,,2026-08-12T11:24:39Z
https://boxd.it/2hDs,Sethu...,1999,3.55,2149,,2026-08-12T11:24:39Z
https://boxd.it/185a,Seven Beauties,1975,3.98,11434,,2026-08-12T11:24:40Z
https://boxd.it/GQM,Seven Women of Different Ages,1979,3.7,2704,,2026-08-12T11:24:41Z
https://boxd.it/oipK,"Seven Worlds, One Planet",2019,4.37,3615,,2026-08-12T11:24:41Z
https://boxd.it/qTRA,Sex Fish,1993,3.61,285,,2026-08-12T11:24:42Z
https://boxd.it/28Oc,"sex, lies, and videotape",1989,3.88,130935,,2026-08-12T11:24:42Z
https://boxd.it/1SZS,Sexy Beast,2000,3.95,153312,,2026-08-12T11:24:43Z
https://boxd.it/hhx0,Shaadi Mein Zaroor Aana,2017,2.98,5724,,2026-08-12T11:24:44Z
https://boxd.it/1BtA,Shadow of a Doubt,1943,3.95,90937,,2026-08-12T11:24:44Z
https://boxd.it/1Wfk,Shadowlands,1993,3.7,7846,,2026-08-12T11:24:45Z
https://boxd.it/5oFIRB,Shadows in Paradise,1986,4.0,,,2026-08-12T11:24:46Z
https://boxd.it/73A,Shadows in Paradise,1986,3.87,33504,,2026-08-12T11:24:46Z
https://boxd.it/1tbS,Shadows of Forgotten Ancestors,1965,4.05,19203,,2026-08-12T11:24:47Z
https://boxd.it/1cEQ3d,Shahid,2012,4.0,,,2026-08-12T11:24:48Z
https://boxd.it/4c5Y,Shahid,2012,3.83,4080,,2026-08-12T11:24:48Z
https://boxd.it/2v76,Shaitan,2011,3.41,2593,,2026-08-12T11:24:49Z
https://boxd.it/d4k,Shake! Otis at Monterey,1987,4.24,3786,,2026-08-12T11:24:49Z
https://boxd.it/27Pe,Shakespeare in Love,1998,3.31,153786,,2026-08-12T11:24:50Z
https://boxd.it/3boy,Shala,2011,3.58,476,,2026-08-12T11:24:51Z
https://boxd.it/1UhS,Shall We Dance?,1996,3.98,16752,,2026-08-12T11:24:51Z
https://boxd.it/1XyW,Shallow Grave,1994,3.78,93699,,2026-08-12T11:24:52Z
https://boxd.it/1tZo,Shame,1968,4.2,32105,,2026-08-12T11:24:53Z
https://boxd.it/1XH9Tz,Shame,2011,3.5,,,2026-08-12T11:24:54Z
https://boxd.it/2CxU,Shame,2011,3.74,246829,,2026-08-12T11:24:53Z
https://boxd.it/d5DW,Shame for Swedish: Magnus Betnér och Soran Ismail,2016,3.71,610,,2026-08-12T11:24:55Z
https://boxd.it/4kbq,Shameless,2012,3.61,4416,,2026-08-12T11:24:55Z
https://boxd.it/3rKg,Shanghai,2012,3.52,2866,,2026-08-12T11:24:56Z
https://boxd.it/j3NM,Sharp Objects,2018,4.32,185035,,2026-08-12T11:24:56Z
https://boxd.it/1cEQ6L,Shaun of the Dead,2004,4.0,,,2026-08-12T11:24:57Z
https://boxd.it/29J8,Shaun of the Dead,2004,3.94,1265351,,2026-08-12T11:24:57Z
https://boxd.it/1HvC,She and Her Cat,1999,3.44,10106,,2026-08-12T11:24:58Z
https://boxd.it/cPCS,She Don't Fade,1992,3.63,1445,,2026-08-12T11:24:59Z
https://boxd.it/298m,Sherlock Jr.,1924,4.36,139599,,2026-08-12T11:25:00Z
https://boxd.it/WcBsx,Sherlock Jr.,1924,4.0,,,2026-08-12T11:25:00Z
https://boxd.it/biO0,Shibuya - Tokyo,2010,3.63,650,,2026-08-12T11:25:01Z
https://boxd.it/VJcE,Shifty,2025,4.14,3380,,2026-08-12T11:25:01Z
https://boxd.it/a9lm,Shin Godzilla,2016,3.88,276413,,2026-08-12T11:25:02Z
https://boxd.it/uDlw,Shin Kamen Rider,2023,3.61,39796,,2026-08-12T11:25:03Z
https://boxd.it/20JS,Shine a Light,2008,3.56,8859,,2026-08-12T11:25:03Z
https://boxd.it/4c5O,Ship of Theseus,2012,4.09,7432,,2026-08-12T11:25:04Z
https://boxd.it/5KJ6,Shiraz: A Romance of India,1928,3.55,650,,2026-08-12T11:25:04Z
https://boxd.it/hDOs,Shirkers,2018,4.02,41979,,2026-08-12T11:25:05Z
https://boxd.it/1XH9Nr,Shiva Baby,2020,4.0,,,2026-08-12T11:25:07Z
https://boxd.it/oIv0,Shiva Baby,2020,3.77,688399,,2026-08-12T11:25:06Z
https://boxd.it/XSK,Shoah,1985,4.52,18555,,2026-08-12T11:25:07Z
https://boxd.it/UoM,Shoeshine,1946,4.08,13932,,2026-08-12T11:25:08Z
https://boxd.it/285w,Shoot the Piano Player,1960,3.77,41995,,2026-08-12T11:25:08Z
https://boxd.it/WcCnN,Shoplifters,2018,4.5,,,2026-08-12T11:25:09Z
https://boxd.it/ifY6,Shoplifters,2018,4.31,310120,,2026-08-12T11:25:09Z
https://boxd.it/29Nk,Short Cuts,1993,4.13,48820,,2026-08-12T11:25:11Z
https://boxd.it/1nuLuH,Short Term 12,2013,4.0,,,2026-08-12T11:25:12Z
https://boxd.it/5f6s,Short Term 12,2013,4.17,157985,,2026-08-12T11:25:11Z
https://boxd.it/28So,Shortbus,2006,3.58,30516,,2026-08-12T11:25:12Z
https://boxd.it/cGGKmZ,Shortbus,2006,3.0,,,2026-08-12T11:25:13Z
https://boxd.it/tJ1q,Showing Up,2022,3.53,57058,,2026-08-12T11:25:13Z
https://boxd.it/HgU,Shree 420,1955,3.81,2462,,2026-08-12T11:25:14Z
https://boxd.it/1cEPX5,Shrek,2001,4.0,,,2026-08-12T11:25:15Z
https://boxd.it/29zi,Shrek,2001,4.12,2899404,,2026-08-12T11:25:15Z
https://boxd.it/1cEPSf,Shubh Mangal Zyada Saavdhan,2020,3.0,,,2026-08-12T11:25:16Z
https://boxd.it/mobA,Shubh Mangal Zyada Saavdhan,2020,3.11,7017,,2026-08-12T11:25:16Z
https://boxd.it/aNX6,Shut In,2016,2.22,10859,,2026-08-12T11:25:17Z
https://boxd.it/3SVK,Shwaas,2004,3.69,333,,2026-08-12T11:25:17Z
https://boxd.it/LciY,Shōgun,2024,4.45,140250,,2026-08-12T11:25:18Z
https://boxd.it/6sAoUT,Sicario,2015,3.5,,,2026-08-12T11:25:19Z
https://boxd.it/8i7u,Sicario,2015,4.01,1004835,,2026-08-12T11:25:19Z
https://boxd.it/3z1e,Sicily!,1999,3.8,5916,,2026-08-12T11:25:20Z
https://boxd.it/6jQEXP,Sicily!,1999,4.0,,,2026-08-12T11:25:20Z
https://boxd.it/tEzs,Sick of Myself,2022,3.72,190105,,2026-08-12T11:25:21Z
https://boxd.it/3Ijm,Side by Side,2012,3.73,14892,,2026-08-12T11:25:22Z
https://boxd.it/2EiM,Sidewalls,2011,4.1,91105,,2026-08-12T11:25:22Z
https://boxd.it/c8KlO7,Sidewalls,2011,3.5,,,2026-08-12T11:25:23Z
https://boxd.it/1Y5c,Sideways,2004,3.81,191405,,2026-08-12T11:25:23Z
https://boxd.it/d0vy,Sieranevada,2016,3.89,6727,,2026-08-12T11:25:24Z
https://boxd.it/2cAo,Silence,2016,4.02,283397,,2026-08-12T11:25:25Z
https://boxd.it/3xEo,Silence Has No Wings,1966,4.01,2421,,2026-08-12T11:25:25Z
https://boxd.it/2QGG,Silenced,2011,4.18,90758,,2026-08-12T11:25:26Z
https://boxd.it/IiEg,Silent Friend,2025,3.76,22134,,2026-08-12T11:25:26Z
https://boxd.it/27Ds,Silent Light,2007,3.92,9207,,2026-08-12T11:25:27Z
https://boxd.it/2TTo,Silver Linings Playbook,2012,3.74,1026306,,2026-08-12T11:25:27Z
https://boxd.it/WcBhf,Silver Linings Playbook,2012,4.0,,,2026-08-12T11:25:28Z
https://boxd.it/1aXe,Simon of the Desert,1965,3.95,23474,,2026-08-12T11:25:28Z
https://boxd.it/8iK0gL,Simon of the Desert,1965,3.5,,,2026-08-12T11:25:29Z
https://boxd.it/7eOi,Simone Barbès or Virtue,1980,3.68,5273,,2026-08-12T11:25:30Z
https://boxd.it/JQq,Simple Men,1992,3.72,8182,,2026-08-12T11:25:31Z
https://boxd.it/hXmy,Sin,2019,3.55,2459,,2026-08-12T11:25:31Z
https://boxd.it/2aVk,Sin City,2005,3.71,405338,,2026-08-12T11:25:32Z
https://boxd.it/WcBT9,Sin City,2005,4.0,,,2026-08-12T11:25:32Z
https://boxd.it/2Fny,Sing a Song of Sex,1967,3.62,2897,,2026-08-12T11:25:33Z
https://boxd.it/WcBNl,Sing Street,2016,3.5,,,2026-08-12T11:25:34Z
https://boxd.it/cOo6,Sing Street,2016,4.06,352963,,2026-08-12T11:25:34Z
https://boxd.it/28BC,Singapore Sling,1990,3.65,7684,,2026-08-12T11:25:35Z
https://boxd.it/1cEQa9,Singin' in the Rain,1952,4.5,,,2026-08-12T11:25:36Z
https://boxd.it/29oY,Singin' in the Rain,1952,4.35,669741,,2026-08-12T11:25:36Z
https://boxd.it/44PE,Sink or Swim,1990,4.01,3388,,2026-08-12T11:25:37Z
https://boxd.it/9VTm53,Sinners,2025,3.5,,,2026-08-12T11:25:38Z
https://boxd.it/KQMM,Sinners,2025,4.1,4735951,,2026-08-12T11:25:37Z
https://boxd.it/1XHach,Sir,2018,3.0,,,2026-08-12T11:25:39Z
https://boxd.it/iNpa,Sir,2018,3.76,12333,,2026-08-12T11:25:39Z
https://boxd.it/KaIo,Sister Wives,2024,3.77,4146,,2026-08-12T11:25:40Z
https://boxd.it/1DkU,Sita Sings the Blues,2008,3.58,4844,,2026-08-12T11:25:41Z
https://boxd.it/cg7K,Sitting,2010,3.46,1124,,2026-08-12T11:25:41Z
https://boxd.it/bYhW,Siva,1989,3.65,2022,,2026-08-12T11:25:42Z
https://boxd.it/1yq4,Sivaji: The Boss,2007,3.64,15492,,2026-08-12T11:25:42Z
https://boxd.it/WcC05,Sivaji: The Boss,2007,4.0,,,2026-08-12T11:25:43Z
https://boxd.it/HDu,Six Men Getting Sick,1967,3.12,25458,,2026-08-12T11:25:44Z
https://boxd.it/WcCaf,Six Men Getting Sick,1967,2.5,,,2026-08-12T11:25:44Z
https://boxd.it/1wlG,Six Shooter,2004,3.7,24436,,2026-08-12T11:25:45Z
https://boxd.it/x4k,Skhizein,2008,4.02,4544,,2026-08-12T11:25:45Z
https://boxd.it/YagW,Skin Flick,2025,4.11,4352,,2026-08-12T11:25:46Z
https://boxd.it/ByDO,Skinamarink,2022,2.84,238555,,2026-08-12T11:25:46Z
https://boxd.it/fljC,Sleep Has Her House,2017,3.92,8780,,2026-08-12T11:25:47Z
https://boxd.it/1V9A,Sleeping Beauty,1959,3.59,464980,,2026-08-12T11:25:48Z
https://boxd.it/4LeQ,Sleepless Night,2013,3.59,744,,2026-08-12T11:25:48Z
https://boxd.it/26u0,Sleepy Hollow,1999,3.58,552494,,2026-08-12T11:25:49Z
https://boxd.it/1RRo,Sling Blade,1996,3.94,50076,,2026-08-12T11:25:49Z
https://boxd.it/E31g,Slow,2023,3.75,14350,,2026-08-12T11:25:50Z
https://boxd.it/1S3E,Slumdog Millionaire,2008,3.97,717143,,2026-08-12T11:25:51Z
https://boxd.it/WcBfD,Slumdog Millionaire,2008,4.5,,,2026-08-12T11:25:51Z
https://boxd.it/28mM,Small Change,1976,3.92,8492,,2026-08-12T11:25:52Z
https://boxd.it/1TcM,Smiles of a Summer Night,1955,3.89,23169,,2026-08-12T11:25:53Z
https://boxd.it/2n8Voj,Smiling Friends,2020,4.0,,,2026-08-12T11:25:54Z
https://boxd.it/pKrc,Smiling Friends,2020,4.47,99279,,2026-08-12T11:25:53Z
https://boxd.it/E340,Smoke Sauna Sisterhood,2023,3.9,12005,,2026-08-12T11:25:54Z
https://boxd.it/1eTg,Smooth Talk,1985,3.6,18350,,2026-08-12T11:25:55Z
https://boxd.it/2b7U,Snatch,2000,4.05,848973,,2026-08-12T11:25:56Z
https://boxd.it/WcByZ,Snatch,2000,4.0,,,2026-08-12T11:25:56Z
https://boxd.it/TkRS,Snooze Quest,2025,4.03,2155,,2026-08-12T11:25:57Z
https://boxd.it/KDCa,Snow Bear,2024,4.29,14905,,2026-08-12T11:25:57Z
https://boxd.it/2arO,Snow White and the Seven Dwarfs,1937,3.42,628036,,2026-08-12T11:25:58Z
https://boxd.it/9CWO,Snowden,2016,3.3,145536,,2026-08-12T11:25:59Z
https://boxd.it/3Icg,Snowpiercer,2013,3.67,904688,,2026-08-12T11:25:59Z
https://boxd.it/1BIg,Socha Na Tha,2005,3.32,2135,,2026-08-12T11:26:00Z
https://boxd.it/1nuLFv,Socha Na Tha,2005,3.5,,,2026-08-12T11:26:00Z
https://boxd.it/VBvy,Softcore,2020,3.55,833,,2026-08-12T11:26:01Z
https://boxd.it/PbI,Solanin,2010,3.92,7574,,2026-08-12T11:26:02Z
https://boxd.it/2a2Y,Solaris,1972,4.22,217297,,2026-08-12T11:26:02Z
https://boxd.it/NEAU,Soldiers of Light,2025,3.8,1907,,2026-08-12T11:26:03Z
https://boxd.it/ddwk,"Solitary Acts (4, 5, 6)",2016,3.59,249,,2026-08-12T11:26:04Z
https://boxd.it/oA2,Sombre,1998,3.57,5952,,2026-08-12T11:26:05Z
https://boxd.it/15lO,Some Came Running,1958,3.79,11393,,2026-08-12T11:26:05Z
https://boxd.it/2aNA,Some Like It Hot,1959,4.28,411544,,2026-08-12T11:26:06Z
https://boxd.it/WcC6R,Some Like It Hot,1959,4.0,,,2026-08-12T11:26:06Z
https://boxd.it/O4LY,Somebody to Love,2025,3.42,32249,,2026-08-12T11:26:07Z
https://boxd.it/2n8VDN,Something Useful,2017,4.0,,,2026-08-12T11:26:08Z
https://boxd.it/gMaY,Something Useful,2017,3.94,15322,,2026-08-12T11:26:07Z
https://boxd.it/xGlg,Sometimes I Think About Dying,2023,3.65,73061,,2026-08-12T11:26:09Z
https://boxd.it/ldXc,"Sometimes, I Think About Dying",2019,3.66,7047,,2026-08-12T11:26:09Z
https://boxd.it/14du,Somewhere,2010,3.41,82284,,2026-08-12T11:26:10Z
https://boxd.it/5Yqi,Somewhere Beyond Love,1974,3.7,915,,2026-08-12T11:26:10Z
https://boxd.it/b6r4,Son of Saul,2015,4.08,64533,,2026-08-12T11:26:11Z
https://boxd.it/1WNQ,Son of the Mask,2005,1.31,74013,,2026-08-12T11:26:12Z
https://boxd.it/20TI,Sonatine,1993,4.13,69806,,2026-08-12T11:26:12Z
https://boxd.it/4h3Bgh,Sonatine,1993,4.0,,,2026-08-12T11:26:13Z
https://boxd.it/WcCoB,Sonchiriya,2019,4.0,,,2026-08-12T11:26:14Z
https://boxd.it/jtPE,Sonchiriya,2019,3.77,3750,,2026-08-12T11:26:14Z
https://boxd.it/8BmI,Song of Avignon,1998,4.19,8899,,2026-08-12T11:26:15Z
https://boxd.it/36Om,Song of Love,1950,4.0,10881,,2026-08-12T11:26:15Z
https://boxd.it/YrA,Song of the Exile,1990,3.86,2216,,2026-08-12T11:26:16Z
https://boxd.it/1eoM,Songs from the Second Floor,2000,4.03,32013,,2026-08-12T11:26:16Z
https://boxd.it/9RiCh5,Songs from the Second Floor,2000,4.0,,,2026-08-12T11:26:17Z
https://boxd.it/jDV8,Soni,2018,3.57,2150,,2026-08-12T11:26:18Z
https://boxd.it/5IRi,Soodhu Kavvum,2013,3.98,10470,,2026-08-12T11:26:18Z
https://boxd.it/WcBHd,Soodhu Kavvum,2013,4.0,,,2026-08-12T11:26:19Z
https://boxd.it/1xifHZ,Soorarai Pottru,2020,4.5,,,2026-08-12T11:26:20Z
https://boxd.it/lWrq,Soorarai Pottru,2020,3.85,20291,,2026-08-12T11:26:19Z
https://boxd.it/hDYW,Soorma,2018,3.4,1992,,2026-08-12T11:26:20Z
https://boxd.it/608g,Sophia de Mello Breyner Andresen,1969,3.57,643,,2026-08-12T11:26:21Z
https://boxd.it/1Lzy,Sophie's Choice,1982,3.66,60992,,2026-08-12T11:26:22Z
https://boxd.it/14J6,Sorcerer,1977,4.27,163813,,2026-08-12T11:26:22Z
https://boxd.it/5EGA,Sorrows,1969,3.64,1176,,2026-08-12T11:26:23Z
https://boxd.it/foQ,Sorry For Disturbance,2008,4.09,12899,,2026-08-12T11:26:23Z
https://boxd.it/f21E,Sorry to Bother You,2018,3.73,538446,,2026-08-12T11:26:24Z
https://boxd.it/iXBg,Sorry We Missed You,2019,3.95,50376,,2026-08-12T11:26:25Z
https://boxd.it/JKNi,"Sorry, Baby",2025,4.07,372864,,2026-08-12T11:26:25Z
https://boxd.it/1xig0H,Soul,2020,4.0,,,2026-08-12T11:26:26Z
https://boxd.it/ioLA,Soul,2020,3.94,2559264,,2026-08-12T11:26:26Z
https://boxd.it/9AECyr,Souleymane's Story,2024,4.0,,,2026-08-12T11:26:28Z
https://boxd.it/HQVy,Souleymane's Story,2024,4.12,103081,,2026-08-12T11:26:27Z
https://boxd.it/7ej0,Sound,2013,3.64,550,,2026-08-12T11:26:28Z
https://boxd.it/Km9K,Sound of Falling,2025,3.72,49957,,2026-08-12T11:26:29Z
https://boxd.it/1xiggl,Sound of Metal,2019,4.5,,,2026-08-12T11:26:30Z
https://boxd.it/i7Q4,Sound of Metal,2019,4.22,898022,,2026-08-12T11:26:29Z
https://boxd.it/N3s,Sound of the Mountain,1954,4.03,4827,,2026-08-12T11:26:31Z
https://boxd.it/K5gk,Soundtrack to a Coup d'Etat,2024,4.15,39833,,2026-08-12T11:26:31Z
https://boxd.it/1cEQpj,Source Code,2011,4.5,,,2026-08-12T11:26:32Z
https://boxd.it/fdo,Source Code,2011,3.5,357199,,2026-08-12T11:26:32Z
https://boxd.it/1YAO,"South Park: Bigger, Longer & Uncut",1999,3.87,241906,,2026-08-12T11:26:33Z
https://boxd.it/k6G2,South Wind,2018,3.35,4027,,2026-08-12T11:26:34Z
https://boxd.it/LGXW,Southern Chronicles,2024,4.0,5706,,2026-08-12T11:26:34Z
https://boxd.it/23Uu,Southland Tales,2006,3.08,45666,,2026-08-12T11:26:35Z
https://boxd.it/9Phu,Southpaw,2015,3.74,398801,,2026-08-12T11:26:35Z
https://boxd.it/oqrY,Souvenir,2018,3.85,1617,,2026-08-12T11:26:36Z
https://boxd.it/7g5a,Spacy,1981,3.94,4977,,2026-08-12T11:26:37Z
https://boxd.it/746A,Spadikam,1995,3.85,3954,,2026-08-12T11:26:37Z
https://boxd.it/5lfq,Sparsh,1980,3.73,1142,,2026-08-12T11:26:38Z
https://boxd.it/fctChP,Sparsh,1980,3.5,,,2026-08-12T11:26:38Z
https://boxd.it/MuhG,Spartacus: Gods of the Arena,2011,3.98,4182,,2026-08-12T11:26:39Z
https://boxd.it/31G8,Speaking Parts,1989,3.64,4694,,2026-08-12T11:26:40Z
https://boxd.it/24Ji,Spellbound,1945,3.81,70799,,2026-08-12T11:26:40Z
https://boxd.it/2n8Vot,Spencer,2021,3.5,,,2026-08-12T11:26:41Z
https://boxd.it/qPMG,Spencer,2021,3.65,420341,,2026-08-12T11:26:41Z
https://boxd.it/IE5C,SPERMWORLD,2024,3.71,9401,,2026-08-12T11:26:42Z
https://boxd.it/4XJH4j,Spider-Man: Across the Spider-Verse,2023,4.5,,,2026-08-12T11:26:43Z
https://boxd.it/kSz4,Spider-Man: Across the Spider-Verse,2023,4.4,3940766,,2026-08-12T11:26:43Z
https://boxd.it/ACJE,Spider-Man: Brand New Day,2026,4.09,2842019,,2026-08-12T11:26:44Z
https://boxd.it/fJOsf9,Spider-Man: Brand New Day,2026,3.0,,,2026-08-12T11:26:44Z
https://boxd.it/WcCbx,Spider-Man: Far From Home,2019,4.0,,,2026-08-12T11:26:46Z
https://boxd.it/fegG,Spider-Man: Far From Home,2019,3.42,2867141,,2026-08-12T11:26:45Z
https://boxd.it/WcBB5,Spider-Man: Homecoming,2017,3.5,,,2026-08-12T11:26:47Z
https://boxd.it/aboM,Spider-Man: Homecoming,2017,3.51,3197552,,2026-08-12T11:26:46Z
https://boxd.it/WcBXF,Spider-Man: Into the Spider-Verse,2018,4.5,,,2026-08-12T11:26:48Z
https://boxd.it/azpY,Spider-Man: Into the Spider-Verse,2018,4.39,4815500,,2026-08-12T11:26:47Z
https://boxd.it/2p6sdv,Spider-Man: No Way Home,2021,1.5,,,2026-08-12T11:26:49Z
https://boxd.it/nwRw,Spider-Man: No Way Home,2021,3.86,4024791,,2026-08-12T11:26:48Z
https://boxd.it/1Zmo,Spirit: Stallion of the Cimarron,2002,3.93,315447,,2026-08-12T11:26:50Z
https://boxd.it/2b4m,Spirited Away,2001,4.43,3899333,,2026-08-12T11:26:50Z
https://boxd.it/WcBE9,Spirited Away,2001,4.5,,,2026-08-12T11:26:51Z
https://boxd.it/1cLE,Splendor,1999,3.65,16446,,2026-08-12T11:26:51Z
https://boxd.it/1pig,Splendor in the Grass,1961,3.89,23424,,2026-08-12T11:26:52Z
https://boxd.it/dgSy,Split,2016,3.54,1914859,,2026-08-12T11:26:52Z
https://boxd.it/1cEQ17,Spotlight,2015,4.5,,,2026-08-12T11:26:54Z
https://boxd.it/a84k,Spotlight,2015,4.13,634481,,2026-08-12T11:26:53Z
https://boxd.it/76Sm,Spring,2014,3.47,37944,,2026-08-12T11:26:54Z
https://boxd.it/421s,Spring Breakers,2012,2.78,394549,,2026-08-12T11:26:55Z
https://boxd.it/dIvmd9,Spring Breakers,2012,3.0,,,2026-08-12T11:26:55Z
https://boxd.it/1nuLBX,"Spring, Summer, Fall, Winter... and Spring",2003,4.0,,,2026-08-12T11:26:57Z
https://boxd.it/2b6W,"Spring, Summer, Fall, Winter... and Spring",2003,4.17,73358,,2026-08-12T11:26:56Z
https://boxd.it/1SAo,Spun,2002,3.42,43239,,2026-08-12T11:26:57Z
https://boxd.it/bTA0,Srimanthudu,2015,3.28,5458,,2026-08-12T11:26:58Z
https://boxd.it/1Drm,Stage Fright,1987,3.51,29880,,2026-08-12T11:26:58Z
https://boxd.it/1UDu,Stalingrad,1993,3.82,22914,,2026-08-12T11:26:59Z
https://boxd.it/1XHaf1,Stalker,1979,4.5,,,2026-08-12T11:27:00Z
https://boxd.it/28PO,Stalker,1979,4.39,390814,,2026-08-12T11:26:59Z
https://boxd.it/2aOe,Stand by Me,1986,4.2,1325440,,2026-08-12T11:27:01Z
https://boxd.it/WcCw1,Stand by Me,1986,4.0,,,2026-08-12T11:27:01Z
https://boxd.it/1lnm,Stanley Kubrick: A Life in Pictures,2001,3.92,9589,,2026-08-12T11:27:02Z
https://boxd.it/1AkC,Star,2001,3.22,3537,,2026-08-12T11:27:03Z
https://boxd.it/1kKu,Star 80,1983,3.63,15926,,2026-08-12T11:27:03Z
https://boxd.it/133e,Star of David: Beauty Hunting,1979,3.37,1142,,2026-08-12T11:27:04Z
https://boxd.it/72s,Star Wars,1977,4.16,2767243,,2026-08-12T11:27:04Z
https://boxd.it/WcCkp,Star Wars,1977,4.5,,,2026-08-12T11:27:05Z
https://boxd.it/272w,Stardust,2007,3.69,274776,,2026-08-12T11:27:06Z
https://boxd.it/4h3Buj,Starfuckers,2022,4.0,,,2026-08-12T11:27:07Z
https://boxd.it/yqvQ,Starfuckers,2022,3.79,7795,,2026-08-12T11:27:06Z
https://boxd.it/6fRq,Starred Up,2013,3.86,39659,,2026-08-12T11:27:07Z
https://boxd.it/2a7k,Starship Troopers,1997,3.84,345859,,2026-08-12T11:27:08Z
https://boxd.it/28ms,State of Grace,1990,3.6,21370,,2026-08-12T11:27:09Z
https://boxd.it/7uqQ,Stations of the Cross,2014,3.85,4133,,2026-08-12T11:27:09Z
https://boxd.it/17bc,Statues Also Die,1953,3.82,6511,,2026-08-12T11:27:10Z
https://boxd.it/20BE,Stay,2005,3.59,164357,,2026-08-12T11:27:10Z
https://boxd.it/m0DU,"Stay Awake, Be Ready",2019,3.58,1685,,2026-08-12T11:27:11Z
https://boxd.it/wgk,Steamboat Willie,1928,3.65,53871,,2026-08-12T11:27:12Z
https://boxd.it/pTHI,Still Here,2020,3.64,1000,,2026-08-12T11:27:13Z
https://boxd.it/6mO4,Still Life,1974,4.14,4610,,2026-08-12T11:27:13Z
https://boxd.it/26Tk,Still Life,2006,3.97,18674,,2026-08-12T11:27:14Z
https://boxd.it/6r2u,Still Life,2013,3.74,7064,,2026-08-12T11:27:15Z
https://boxd.it/oSfQ,Still Processing,2020,3.84,3269,,2026-08-12T11:27:15Z
https://boxd.it/1wvm,Still Walking,2008,4.34,69452,,2026-08-12T11:27:16Z
https://boxd.it/2aL0,Stolen Kisses,1968,3.91,41239,,2026-08-12T11:27:16Z
https://boxd.it/1ygo,Stop Making Sense,1984,4.68,194015,,2026-08-12T11:27:17Z
https://boxd.it/tTL4,Stop-Zemlia,2021,3.66,4332,,2026-08-12T11:27:18Z
https://boxd.it/uY,Stormy Waters,1941,3.76,3678,,2026-08-12T11:27:18Z
https://boxd.it/8rMc,Straight Outta Compton,2015,3.82,379282,,2026-08-12T11:27:19Z
https://boxd.it/1xigan,Strangers on a Train,1951,4.0,,,2026-08-12T11:27:20Z
https://boxd.it/29tk,Strangers on a Train,1951,4.07,183093,,2026-08-12T11:27:20Z
https://boxd.it/2982,Straw Dogs,1971,3.77,66708,,2026-08-12T11:27:21Z
https://boxd.it/1ltu,Stray Dog,1949,4.02,43348,,2026-08-12T11:27:21Z
https://boxd.it/WcCoL,Stree,2018,4.0,,,2026-08-12T11:27:23Z
https://boxd.it/jrdI,Stree,2018,3.33,28058,,2026-08-12T11:27:22Z
https://boxd.it/ifW,Street of Crocodiles,1986,3.96,8791,,2026-08-12T11:27:23Z
https://boxd.it/UWO,Street of Shame,1956,4.11,13012,,2026-08-12T11:27:24Z
https://boxd.it/XKw,Streetwise,1984,4.39,22313,,2026-08-12T11:27:24Z
https://boxd.it/l3KW,Strike,2018,3.35,276,,2026-08-12T11:27:25Z
https://boxd.it/1FbK,Strike!,1998,3.75,13301,,2026-08-12T11:27:26Z
https://boxd.it/24Js,Stromboli,1950,3.84,21772,,2026-08-12T11:27:27Z
https://boxd.it/56cc,Studies for the Decay of the West,2010,3.66,268,,2026-08-12T11:27:27Z
https://boxd.it/1n9w,Style Wars,1983,4.05,10420,,2026-08-12T11:27:28Z
https://boxd.it/5zwA,Submit to Me,1986,3.61,2777,,2026-08-12T11:27:29Z
https://boxd.it/54Sg,Submit to Me Now,1987,3.55,1107,,2026-08-12T11:27:29Z
https://boxd.it/2EKm,Subramaniapuram,2008,3.9,5124,,2026-08-12T11:27:30Z
https://boxd.it/f1Gm,Suburbs of Eden,1992,3.79,2162,,2026-08-12T11:27:30Z
https://boxd.it/jzoa,Succession,1992,3.73,408,,2026-08-12T11:27:31Z
https://boxd.it/6R7A,Suck Me Shakespeer,2013,3.18,44480,,2026-08-12T11:27:32Z
https://boxd.it/idV0,Sudani from Nigeria,2018,3.86,7218,,2026-08-12T11:27:32Z
https://boxd.it/F8a,Sue,1997,3.6,676,,2026-08-12T11:27:33Z
https://boxd.it/wazy,Sugar Glass Bottle,2022,3.59,506,,2026-08-12T11:27:34Z
https://boxd.it/cD8Q,Sully,2016,3.51,327564,,2026-08-12T11:27:34Z
https://boxd.it/NeQW,Summer Beats,2025,3.7,19095,,2026-08-12T11:27:35Z
https://boxd.it/20pI,Summer Hours,2008,3.75,11421,,2026-08-12T11:27:36Z
https://boxd.it/lXDW,Summer of Changsha,2019,3.14,540,,2026-08-12T11:27:36Z
https://boxd.it/1IHk,Summer Palace,2006,3.85,5748,,2026-08-12T11:27:37Z
https://boxd.it/1oDC,Summer Wars,2009,3.84,71322,,2026-08-12T11:27:38Z
https://boxd.it/JZC,Summer with Monika,1953,3.85,48371,,2026-08-12T11:27:38Z
https://boxd.it/e2i6P1,Summer with Monika,1953,3.5,,,2026-08-12T11:27:39Z
https://boxd.it/j1S6,Summerland,2020,3.92,37248,,2026-08-12T11:27:39Z
https://boxd.it/9wdVWR,Sun and Concrete,2023,3.5,,,2026-08-12T11:27:41Z
https://boxd.it/yuFq,Sun and Concrete,2023,3.69,27266,,2026-08-12T11:27:40Z
https://boxd.it/4T58,Sunday in the Park with George,1986,4.29,5994,,2026-08-12T11:27:42Z
https://boxd.it/TqIW,Sundays,2025,3.8,64824,,2026-08-12T11:27:42Z
https://boxd.it/VxU,Sundays and Cybele,1962,3.86,2799,,2026-08-12T11:27:43Z
https://boxd.it/sGeO,Sundown,2020,3.82,4829,,2026-08-12T11:27:44Z
https://boxd.it/29Xk,Sunrise: A Song of Two Humans,1927,4.18,78283,,2026-08-12T11:27:44Z
https://boxd.it/WcBx3,Sunrise: A Song of Two Humans,1927,4.5,,,2026-08-12T11:27:45Z
https://boxd.it/2a20,Sunset Boulevard,1950,4.44,375024,,2026-08-12T11:27:45Z
https://boxd.it/WcBVJ,Sunset Boulevard,1950,4.5,,,2026-08-12T11:27:46Z
https://boxd.it/28Xy,Sunshine,2007,3.73,287442,,2026-08-12T11:27:47Z
https://boxd.it/WcCjL,Super 30,2019,3.5,,,2026-08-12T11:27:48Z
https://boxd.it/jrkE,Super 30,2019,3.49,16440,,2026-08-12T11:27:47Z
https://boxd.it/WcCg3,Super Deluxe,2019,4.5,,,2026-08-12T11:27:49Z
https://boxd.it/fjRW,Super Deluxe,2019,4.06,26926,,2026-08-12T11:27:48Z
https://boxd.it/1BeU,Super Fly,1972,3.34,17079,,2026-08-12T11:27:50Z
https://boxd.it/NpKg,Super Happy Forever,2024,3.65,9960,,2026-08-12T11:27:50Z
https://boxd.it/1jOA,Superbabies: Baby Geniuses 2,2004,1.5,7590,,2026-08-12T11:27:51Z
https://boxd.it/1cEQlV,Superbad,2007,3.5,,,2026-08-12T11:27:52Z
https://boxd.it/20hO,Superbad,2007,3.88,2359799,,2026-08-12T11:27:51Z
https://boxd.it/KyOU,Superboys of Malegaon,2024,3.9,23829,,2026-08-12T11:27:52Z
https://boxd.it/27Qm,Superman,1978,3.73,275797,,2026-08-12T11:27:53Z
https://boxd.it/3PZa,Supermen of Malegaon,2008,3.8,1797,,2026-08-12T11:27:54Z
https://boxd.it/1xifLn,Suraj Ka Satvan Ghoda,1992,4.5,,,2026-08-12T11:27:55Z
https://boxd.it/2Md6,Suraj Ka Satvan Ghoda,1992,3.71,1264,,2026-08-12T11:27:54Z
https://boxd.it/1KKA,Survive Style 5+,2004,3.96,9639,,2026-08-12T11:27:56Z
https://boxd.it/X8s,Suspect X,2008,3.69,3302,,2026-08-12T11:27:56Z
https://boxd.it/1TNo,Suspicion,1941,3.53,59475,,2026-08-12T11:27:57Z
https://boxd.it/1SNW,Suspiria,1977,3.92,582291,,2026-08-12T11:27:57Z
https://boxd.it/cioI,Suspiria,2018,3.73,558847,,2026-08-12T11:27:58Z
https://boxd.it/yv7Y,Suzume,2022,3.83,445097,,2026-08-12T11:27:59Z
https://boxd.it/1Ly6,Swades,2004,3.95,36748,,2026-08-12T11:27:59Z
https://boxd.it/WcBOD,Swades,2004,4.0,,,2026-08-12T11:28:00Z
https://boxd.it/20b2,Swallowtail Butterfly,1996,4.08,9399,,2026-08-12T11:28:01Z
https://boxd.it/fxvg,Sweet Love Remembered,1980,3.57,410,,2026-08-12T11:28:01Z
https://boxd.it/29aW,Sweet Smell of Success,1957,4.24,71300,,2026-08-12T11:28:02Z
https://boxd.it/2n8VAJ,Sweet Smell of Success,1957,5.0,,,2026-08-12T11:28:03Z
https://boxd.it/53Z6,Swimmer,2012,3.71,6333,,2026-08-12T11:28:03Z
https://boxd.it/1ag0,Swing Girls,2004,4.41,86032,,2026-08-12T11:28:04Z
https://boxd.it/bDG2,Swiss Army Man,2016,3.67,404736,,2026-08-12T11:28:04Z
https://boxd.it/1OZE,Sword of the Stranger,2007,3.91,22579,,2026-08-12T11:28:05Z
https://boxd.it/7VzG99,Symbiopsychotaxiplasm: Take One,1971,4.0,,,2026-08-12T11:28:06Z
https://boxd.it/R6q,Symbiopsychotaxiplasm: Take One,1971,3.95,18999,,2026-08-12T11:28:06Z
https://boxd.it/23WU,Sympathy for Mr. Vengeance,2002,4.01,169329,,2026-08-12T11:28:07Z
https://boxd.it/3bHK,Sympathy for the Underdog,1971,3.79,4214,,2026-08-12T11:28:07Z
https://boxd.it/1qHQ,Syndromes and a Century,2006,4.04,15127,,2026-08-12T11:28:08Z
https://boxd.it/1XHa2B,"Synecdoche, New York",2008,4.5,,,2026-08-12T11:28:09Z
https://boxd.it/23zw,"Synecdoche, New York",2008,4.16,293655,,2026-08-12T11:28:09Z
https://boxd.it/5PIM,Syntagma,1983,3.62,491,,2026-08-12T11:28:10Z
https://boxd.it/kO1W,System Crasher,2019,3.96,41952,,2026-08-12T11:28:11Z
https://boxd.it/2Q14,Szamanka,1996,3.53,5357,,2026-08-12T11:28:11Z
https://boxd.it/54Sq,"T,O,U,C,H,I,N,G",1969,3.5,2515,,2026-08-12T11:28:12Z
https://boxd.it/WcC7F,Taandav,2016,4.0,,,2026-08-12T11:28:13Z
https://boxd.it/dSLg,Taandav,2016,3.53,446,,2026-08-12T11:28:13Z
https://boxd.it/smNO,Taboo,2018,3.64,427,,2026-08-12T11:28:14Z
https://boxd.it/3h40,Tabu,2012,3.93,13011,,2026-08-12T11:28:15Z
https://boxd.it/d0f6,Tabula Rasa,1989,3.6,595,,2026-08-12T11:28:15Z
https://boxd.it/1Tjo,Tae Guk Gi: The Brotherhood of War,2004,3.82,13401,,2026-08-12T11:28:16Z
https://boxd.it/itbC,Tagaru,2018,3.41,687,,2026-08-12T11:28:17Z
https://boxd.it/3BkC,Taipei Story,1985,4.04,44458,,2026-08-12T11:28:17Z
https://boxd.it/fbyslj,Taipei Suicide Story,2020,3.5,,,2026-08-12T11:28:18Z
https://boxd.it/rPVK,Taipei Suicide Story,2020,3.92,11862,,2026-08-12T11:28:18Z
https://boxd.it/7MoI,Take Off,1972,3.71,760,,2026-08-12T11:28:19Z
https://boxd.it/fgkg,Take Off,2017,3.63,4557,,2026-08-12T11:28:19Z
https://boxd.it/DQ,Take Shelter,2011,3.78,114640,,2026-08-12T11:28:20Z
https://boxd.it/hnq,Taking Off,1971,3.86,7383,,2026-08-12T11:28:21Z
https://boxd.it/kp1i,Taking the Horse to Eat Jalebis,2018,3.55,520,,2026-08-12T11:28:21Z
https://boxd.it/Wduo,Takopi's Original Sin,2025,4.35,39777,,2026-08-12T11:28:23Z
https://boxd.it/31H6,Tale of Cinema,2005,3.66,18333,,2026-08-12T11:28:23Z
https://boxd.it/duNW,Tales of an Immoral Couple,2016,3.55,34539,,2026-08-12T11:28:24Z
https://boxd.it/1nuLyf,Talk to Her,2002,4.5,,,2026-08-12T11:28:26Z
https://boxd.it/2beG,Talk to Her,2002,3.87,107611,,2026-08-12T11:28:25Z
https://boxd.it/BOn8,Talking Hands of Travancore,1981,3.82,631,,2026-08-12T11:28:26Z
https://boxd.it/1nuLPZ,Talking Heads,1980,4.0,,,2026-08-12T11:28:27Z
https://boxd.it/GSy,Talking Heads,1980,4.25,23029,,2026-08-12T11:28:27Z
https://boxd.it/WcC1x,Talvar,2015,4.5,,,2026-08-12T11:28:28Z
https://boxd.it/bTxg,Talvar,2015,3.8,16067,,2026-08-12T11:28:28Z
https://boxd.it/bgLI,Tamasha,2015,3.53,37382,,2026-08-12T11:28:29Z
https://boxd.it/1SZe,Tampopo,1985,4.3,163181,,2026-08-12T11:28:30Z
https://boxd.it/9QRe,Tangerine,2015,3.87,255254,,2026-08-12T11:28:30Z
https://boxd.it/71vM,Tangerines,2013,4.08,29081,,2026-08-12T11:28:31Z
https://boxd.it/2UqC,Tangled Ever After,2012,3.46,49325,,2026-08-12T11:28:32Z
https://boxd.it/Og1e,Tangles,2026,4.01,1031,,2026-08-12T11:28:32Z
https://boxd.it/caI6,Tanna,2015,3.58,4297,,2026-08-12T11:28:33Z
https://boxd.it/8Btk,Taramani,2017,3.61,5044,,2026-08-12T11:28:34Z
https://boxd.it/1Fbq,Targets,1968,3.97,45249,,2026-08-12T11:28:34Z
https://boxd.it/Xwl8,Task,2025,4.12,34814,,2026-08-12T11:28:35Z
https://boxd.it/1XH9Qv,Taste of Cherry,1997,4.5,,,2026-08-12T11:28:36Z
https://boxd.it/1m8W,Taste of Cherry,1997,4.32,220574,,2026-08-12T11:28:35Z
https://boxd.it/F0qE,Tatami,2023,3.91,18690,,2026-08-12T11:28:37Z
https://boxd.it/YcZ0,Tatsuki Fujimoto 17-26,2025,4.05,15378,,2026-08-12T11:28:38Z
https://boxd.it/c9rE3b,Tatsuki Fujimoto 17-26,2025,4.0,,,2026-08-12T11:28:38Z
https://boxd.it/2b8y,Taxi Driver,1976,4.1,2485052,,2026-08-12T11:28:39Z
https://boxd.it/WcCjV,Taxi Driver,1976,4.5,,,2026-08-12T11:28:40Z
https://boxd.it/24QS,Team America: World Police,2004,3.5,154858,,2026-08-12T11:28:40Z
https://boxd.it/2n8Vr3,Tear Along the Dotted Line,2021,4.5,,,2026-08-12T11:28:41Z
https://boxd.it/y2r6,Tear Along the Dotted Line,2021,4.42,53760,,2026-08-12T11:28:41Z
https://boxd.it/ywhK,Ted Lasso: The Missing Christmas Mustache,2021,3.9,7570,,2026-08-12T11:28:42Z
https://boxd.it/mK0a,Teenage Mutant Ninja Turtles: Mutant Mayhem,2023,3.76,520714,,2026-08-12T11:28:43Z
https://boxd.it/L9GS,Teenage Sex and Death at Camp Miasma,2026,3.92,26460,,2026-08-12T11:28:43Z
https://boxd.it/7B30,Teesri Kasam,1966,3.61,303,,2026-08-12T11:28:44Z
https://boxd.it/1Pui,Tekkonkinkreet,2006,4.12,40381,,2026-08-12T11:28:45Z
https://boxd.it/1NH0,Ten,2002,3.85,15339,,2026-08-12T11:28:45Z
https://boxd.it/1yW0,Ten Minutes Older: The Trumpet,2002,3.67,3740,,2026-08-12T11:28:46Z
https://boxd.it/1mRM,Tenebre,1982,3.74,90435,,2026-08-12T11:28:47Z
https://boxd.it/1xigjJ,Tenet,2020,4.5,,,2026-08-12T11:28:48Z
https://boxd.it/leq4,Tenet,2020,3.46,1857776,,2026-08-12T11:28:47Z
https://boxd.it/2aGY,Terminator 2: Judgment Day,1991,4.3,1045774,,2026-08-12T11:28:49Z
https://boxd.it/WcBgr,Terminator 2: Judgment Day,1991,4.0,,,2026-08-12T11:28:49Z
https://boxd.it/1ULo,Terms of Endearment,1983,3.82,59225,,2026-08-12T11:28:50Z
https://boxd.it/r10,Terrifying Girls' High School: Lynch Law Classroom,1973,3.55,1245,,2026-08-12T11:28:50Z
https://boxd.it/2IRG,Terrorizers,1986,4.13,32628,,2026-08-12T11:28:51Z
https://boxd.it/3iab0R,Terrorizers,1986,4.0,,,2026-08-12T11:28:52Z
https://boxd.it/19Bm,Testament of Orpheus,1960,3.9,12002,,2026-08-12T11:28:52Z
https://boxd.it/ZoM,Tetsuo: The Iron Man,1989,3.86,129675,,2026-08-12T11:28:53Z
https://boxd.it/py62,Texhnolyze,2003,4.19,5111,,2026-08-12T11:28:53Z
https://boxd.it/iiog,Thadam,2019,3.65,5551,,2026-08-12T11:28:54Z
https://boxd.it/1mDg,Thalapathi,1991,4.19,16824,,2026-08-12T11:28:54Z
https://boxd.it/WcBfN,Thalapathi,1991,4.5,,,2026-08-12T11:28:55Z
https://boxd.it/3DrU,Thamizh Padam,2010,3.62,3220,,2026-08-12T11:28:56Z
https://boxd.it/6u1a,Thanga Meenkal,2013,3.65,1871,,2026-08-12T11:28:56Z
https://boxd.it/8Bt0,Thani Oruvan,2015,3.91,8435,,2026-08-12T11:28:57Z
https://boxd.it/WcC2b,Thani Oruvan,2015,4.5,,,2026-08-12T11:28:57Z
https://boxd.it/9PQa,Thaniyavarthanam,1987,3.98,3210,,2026-08-12T11:28:58Z
https://boxd.it/1YOc,Thank You for Smoking,2005,3.65,118381,,2026-08-12T11:28:59Z
https://boxd.it/1cEQ8H,Thank You for Smoking,2005,4.0,,,2026-08-12T11:28:59Z
https://boxd.it/2PPi,Thanmathra,2005,3.98,4633,,2026-08-12T11:29:00Z
https://boxd.it/mSr4,Thanneer Mathan Dinangal,2019,3.57,6816,,2026-08-12T11:29:00Z
https://boxd.it/3Blg,"That Day, on the Beach",1983,4.03,8873,,2026-08-12T11:29:02Z
https://boxd.it/S4U,That Moment: Magnolia Diary,2000,3.89,2339,,2026-08-12T11:29:02Z
https://boxd.it/25mk,That Most Important Thing: Love,1975,3.69,12574,,2026-08-12T11:29:03Z
https://boxd.it/1283a,"That Night, Our Decaf",2026,3.98,730,,2026-08-12T11:29:03Z
https://boxd.it/22zg,That Obscure Object of Desire,1977,3.96,41390,,2026-08-12T11:29:04Z
https://boxd.it/2aKc,The 39 Steps,1935,3.78,87860,,2026-08-12T11:29:04Z
https://boxd.it/1cEQdn,The 400 Blows,1959,4.0,,,2026-08-12T11:29:06Z
https://boxd.it/2b1C,The 400 Blows,1959,4.29,296514,,2026-08-12T11:29:05Z
https://boxd.it/1o7c,The 4th Man,1983,3.82,13967,,2026-08-12T11:29:06Z
https://boxd.it/1HMe,The Abominable Dr. Phibes,1971,3.66,24080,,2026-08-12T11:29:07Z
https://boxd.it/44Cg,The Act of Killing,2012,4.42,104205,,2026-08-12T11:29:08Z
https://boxd.it/48LQ,The Act of Seeing with One's Own Eyes,1972,3.89,6334,,2026-08-12T11:29:08Z
https://boxd.it/1cZQ,The Addiction,1995,3.62,44954,,2026-08-12T11:29:09Z
https://boxd.it/ckEvop,The Addiction,1995,3.5,,,2026-08-12T11:29:09Z
https://boxd.it/Yvs,The Adjuster,1991,3.68,6837,,2026-08-12T11:29:10Z
https://boxd.it/dBybsF,The Adjuster,1991,3.0,,,2026-08-12T11:29:11Z
https://boxd.it/1XHaaP,The Adversary,1970,4.5,,,2026-08-12T11:29:12Z
https://boxd.it/WKK,The Adversary,1970,4.07,3296,,2026-08-12T11:29:12Z
https://boxd.it/1nuLLN,The Affair,2017,4.5,,,2026-08-12T11:29:14Z
https://boxd.it/1WgM,The Age of Innocence,1993,3.81,155656,,2026-08-12T11:29:14Z
https://boxd.it/4XJGuZ,The Age of Innocence,1993,5.0,,,2026-08-12T11:29:15Z
https://boxd.it/3U4S,The Age of the Medici,1972,3.77,1000,,2026-08-12T11:29:15Z
https://boxd.it/Ssi,The Alphabet,1969,3.59,45859,,2026-08-12T11:29:16Z
https://boxd.it/WcCbd,The Alphabet,1969,4.0,,,2026-08-12T11:29:17Z
https://boxd.it/i4OY,The Amazonian Angel,1992,4.1,1880,,2026-08-12T11:29:17Z
https://boxd.it/1UkC,The American Friend,1977,4.02,60680,,2026-08-12T11:29:18Z
https://boxd.it/XmGK,The American Revolution,2025,4.26,3007,,2026-08-12T11:29:19Z
https://boxd.it/3DhU,The Angel,1982,3.98,3365,,2026-08-12T11:29:19Z
https://boxd.it/3Rlw,The Angrez,2006,3.59,225,,2026-08-12T11:29:20Z
https://boxd.it/qH0,The Animatrix,2003,3.74,79963,,2026-08-12T11:29:20Z
https://boxd.it/c1xy,The Annunciation of Marie,1991,3.79,794,,2026-08-12T11:29:21Z
https://boxd.it/2aGE,The Apartment,1960,4.43,400957,,2026-08-12T11:29:22Z
https://boxd.it/WcC71,The Apartment,1960,4.5,,,2026-08-12T11:29:22Z
https://boxd.it/5LWA,The Arrested Development Documentary Project,2013,4.09,8988,,2026-08-12T11:29:23Z
https://boxd.it/SIzm,The Art of Joy,2024,3.85,5273,,2026-08-12T11:29:24Z
https://boxd.it/hf5y,The Art of Self-Defense,2019,3.57,94561,,2026-08-12T11:29:24Z
https://boxd.it/1cEQ09,The Artist,2011,4.5,,,2026-08-12T11:29:25Z
https://boxd.it/2AwK,The Artist,2011,3.78,179761,,2026-08-12T11:29:25Z
https://boxd.it/lA2e,The Asadas!,2020,3.9,9567,,2026-08-12T11:29:26Z
https://boxd.it/Eew,The Ascent,1977,4.43,53241,,2026-08-12T11:29:27Z
https://boxd.it/1Jrs,The Asphalt Jungle,1950,3.86,38593,,2026-08-12T11:29:27Z
https://boxd.it/24dG,The Assassination of Jesse James by the Coward Robert Ford,2007,4.03,206084,,2026-08-12T11:29:28Z
https://boxd.it/26ne,The Assault,1986,3.5,1139,,2026-08-12T11:29:29Z
https://boxd.it/3m2o,The Asthenic Syndrome,1989,3.74,3297,,2026-08-12T11:29:29Z
https://boxd.it/kAU4,The August Virgin,2019,3.74,7482,,2026-08-12T11:29:30Z
https://boxd.it/1xFW,The Avengers,2012,3.76,2840790,,2026-08-12T11:29:31Z
https://boxd.it/WcCs9,The Avengers,2012,4.0,,,2026-08-12T11:29:31Z
https://boxd.it/1srq,The Aviator's Wife,1981,4.0,21743,,2026-08-12T11:29:32Z
https://boxd.it/2n8VGd,The Aviator's Wife,1981,3.5,,,2026-08-12T11:29:32Z
https://boxd.it/77xu,The Babadook,2014,3.3,812040,,2026-08-12T11:29:33Z
https://boxd.it/B0mE,The Backrooms (Found Footage),2022,3.78,65876,,2026-08-12T11:29:34Z
https://boxd.it/1h3M,The Bad and the Beautiful,1952,3.99,22994,,2026-08-12T11:29:34Z
https://boxd.it/1iLA,The Bad Sleep Well,1960,4.11,28165,,2026-08-12T11:29:35Z
https://boxd.it/jB2q,The Ballad of Buster Scruggs,2018,3.65,413955,,2026-08-12T11:29:35Z
https://boxd.it/XI6,The Ballad of Narayama,1983,3.96,12515,,2026-08-12T11:29:36Z
https://boxd.it/9Yek,The Ballad of Sexual Dependency,1985,4.17,1093,,2026-08-12T11:29:37Z
https://boxd.it/1cEPUv,The Bandit,1996,4.5,,,2026-08-12T11:29:38Z
https://boxd.it/1sVq,The Bandit,1996,3.82,27681,,2026-08-12T11:29:37Z
https://boxd.it/3zBc4x,The Banshees of Inisherin,2022,5.0,,,2026-08-12T11:29:39Z
https://boxd.it/p7XS,The Banshees of Inisherin,2022,4.12,1221075,,2026-08-12T11:29:38Z
https://boxd.it/1UMG,The Barbarian Invasions,2003,3.67,12571,,2026-08-12T11:29:40Z
https://boxd.it/r1kY,The Bare Life,2020,3.48,439,,2026-08-12T11:29:40Z
https://boxd.it/30ha0X,The Batman,2022,4.5,,,2026-08-12T11:29:42Z
https://boxd.it/eDGs,The Batman,2022,4.05,4175327,,2026-08-12T11:29:41Z
https://boxd.it/1IRY,The Battle of Algiers,1966,4.47,144621,,2026-08-12T11:29:43Z
https://boxd.it/14Y6,The Beaches of Agnès,2008,4.32,33419,,2026-08-12T11:29:44Z
https://boxd.it/4h3BkX,The Beaches of Agnès,2008,4.5,,,2026-08-12T11:29:44Z
https://boxd.it/dPe3MD,The Beast,2023,5.0,,,2026-08-12T11:29:46Z
https://boxd.it/yqmk,The Beast,2023,3.69,102428,,2026-08-12T11:29:45Z
https://boxd.it/w1L6,The Beasts,2022,4.08,102879,,2026-08-12T11:29:46Z
https://boxd.it/28CK,The Beat That My Heart Skipped,2005,3.75,24287,,2026-08-12T11:29:47Z
https://boxd.it/5He,The Beatles Anthology,1995,4.46,13315,,2026-08-12T11:29:48Z
https://boxd.it/dGLo,The Beatles: Eight Days a Week - The Touring Years,2016,3.86,23431,,2026-08-12T11:29:49Z
https://boxd.it/xo7A,The Beatles: Get Back,2021,4.54,100247,,2026-08-12T11:29:50Z
https://boxd.it/2474,The Beauty of Vice,1986,3.89,1553,,2026-08-12T11:29:50Z
https://boxd.it/6xVq,The Bed You Sleep In,1993,3.91,960,,2026-08-12T11:29:51Z
https://boxd.it/1IWO,The Belly of an Architect,1987,3.76,7659,,2026-08-12T11:29:52Z
https://boxd.it/1Tje,The Best of Youth,2003,4.31,20091,,2026-08-12T11:29:52Z
https://boxd.it/4Oh4,The Best Offer,2013,3.79,58135,,2026-08-12T11:29:53Z
https://boxd.it/29my,The Best Years of Our Lives,1946,4.24,50923,,2026-08-12T11:29:54Z
https://boxd.it/1nuLJn,The Big City,1963,4.5,,,2026-08-12T11:29:55Z
https://boxd.it/fI2,The Big City,1963,4.25,15019,,2026-08-12T11:29:55Z
https://boxd.it/1RQU,The Big Country,1958,4.03,18373,,2026-08-12T11:29:56Z
https://boxd.it/2b6C,The Big Lebowski,1998,4.11,1348570,,2026-08-12T11:29:56Z
https://boxd.it/WcBmf,The Big Lebowski,1998,4.0,,,2026-08-12T11:29:57Z
https://boxd.it/HO8,The Big Shave,1967,3.58,70172,,2026-08-12T11:29:57Z
https://boxd.it/1cEPZP,The Big Short,2015,4.5,,,2026-08-12T11:29:59Z
https://boxd.it/ajZw,The Big Short,2015,3.85,1150488,,2026-08-12T11:29:58Z
https://boxd.it/1cEQdH,The Big Sick,2017,4.5,,,2026-08-12T11:30:00Z
https://boxd.it/eHvy,The Big Sick,2017,3.76,271057,,2026-08-12T11:29:59Z
https://boxd.it/29iQ,The Big Sleep,1946,3.97,94271,,2026-08-12T11:30:00Z
https://boxd.it/xhPK,The Billion Dollar Code,2021,3.81,2897,,2026-08-12T11:30:01Z
https://boxd.it/1DDW,The Bird with the Crystal Plumage,1970,3.71,73098,,2026-08-12T11:30:02Z
https://boxd.it/2l2g,The Bitches,1992,3.41,547,,2026-08-12T11:30:02Z
https://boxd.it/1WzE,The Bitter Tears of Petra von Kant,1972,4.11,42433,,2026-08-12T11:30:03Z
https://boxd.it/bz1a,The Black Tower,1987,3.93,9511,,2026-08-12T11:30:04Z
https://boxd.it/1vjk,The Blackout,1997,3.6,5914,,2026-08-12T11:30:04Z
https://boxd.it/1zWg,The Blind Side,2009,3.41,505964,,2026-08-12T11:30:05Z
https://boxd.it/19Bw,The Blood of a Poet,1932,3.81,27002,,2026-08-12T11:30:06Z
https://boxd.it/m71I,The Blue Elephant 2,2019,3.43,6712,,2026-08-12T11:30:06Z
https://boxd.it/62qQ,The Blue Planet,2001,4.41,16645,,2026-08-12T11:30:07Z
https://boxd.it/5IoK,The Blue Sky Maiden,1957,3.85,4132,,2026-08-12T11:30:07Z
https://boxd.it/61Wm,The Blue Umbrella,2013,3.72,28998,,2026-08-12T11:30:08Z
https://boxd.it/2adi,The Blues Brothers,1980,4.01,311131,,2026-08-12T11:30:09Z
https://boxd.it/6m1Q,The Book of Mary,1985,3.76,1876,,2026-08-12T11:30:09Z
https://boxd.it/1tmG,The Boston Strangler,1968,3.68,11595,,2026-08-12T11:30:10Z
https://boxd.it/1nuLxh,The Bourne Identity,2002,3.5,,,2026-08-12T11:30:11Z
https://boxd.it/26EO,The Bourne Identity,2002,3.74,527941,,2026-08-12T11:30:11Z
https://boxd.it/1nuLBN,The Bourne Supremacy,2004,4.0,,,2026-08-12T11:30:12Z
https://boxd.it/26EE,The Bourne Supremacy,2004,3.63,323454,,2026-08-12T11:30:12Z
https://boxd.it/1nuLEn,The Bourne Ultimatum,2007,4.5,,,2026-08-12T11:30:14Z
https://boxd.it/26Eu,The Bourne Ultimatum,2007,3.74,338852,,2026-08-12T11:30:13Z
https://boxd.it/aaRe,The Boy and the Beast,2015,3.89,82164,,2026-08-12T11:30:14Z
https://boxd.it/63csvl,The Boy and the Heron,2023,4.5,,,2026-08-12T11:30:16Z
https://boxd.it/ipeM,The Boy and the Heron,2023,3.9,1290195,,2026-08-12T11:30:15Z
https://boxd.it/hIgA,The Boy Who Harnessed the Wind,2019,3.72,93981,,2026-08-12T11:30:16Z
https://boxd.it/13C24,The Boys of Dungeon Lane: In Conversation with Paul McCartney and Paul Mescal,2026,3.77,479,,2026-08-12T11:30:17Z
https://boxd.it/4cjm,The Bread and Alley,1970,3.68,6226,,2026-08-12T11:30:17Z
https://boxd.it/frLs,The Breadwinner,2017,4.11,105089,,2026-08-12T11:30:18Z
https://boxd.it/1cEQnR,The Breakfast Club,1985,3.5,,,2026-08-12T11:30:19Z
https://boxd.it/27q4,The Breakfast Club,1985,3.77,2058162,,2026-08-12T11:30:19Z
https://boxd.it/4IEG,The Brick and the Mirror,1966,4.06,2900,,2026-08-12T11:30:20Z
https://boxd.it/3tCS,The Bridge of Arts,2004,3.97,1946,,2026-08-12T11:30:21Z
https://boxd.it/29Os,The Bridges of Madison County,1995,4.1,134212,,2026-08-12T11:30:21Z
https://boxd.it/2n8VkL,The Bridges of Madison County,1995,4.0,,,2026-08-12T11:30:22Z
https://boxd.it/xadO,The Brittle Thread,2021,3.61,328,,2026-08-12T11:30:22Z
https://boxd.it/FbPq,The Broken Table,2023,3.56,959,,2026-08-12T11:30:23Z
https://boxd.it/1sX2,The Brother from Another Planet,1984,3.65,8411,,2026-08-12T11:30:23Z
https://boxd.it/1RnI,The Brown Bunny,2003,3.16,37590,,2026-08-12T11:30:24Z
https://boxd.it/4KpI,The Brutal Hopelessness of Love,2007,3.45,331,,2026-08-12T11:30:25Z
https://boxd.it/8TAtNR,The Brutalist,2024,3.5,,,2026-08-12T11:30:26Z
https://boxd.it/k4BO,The Brutalist,2024,3.9,788259,,2026-08-12T11:30:25Z
https://boxd.it/gkhM,The Burden,2017,3.94,6132,,2026-08-12T11:30:27Z
https://boxd.it/1fKa,The Burmese Harp,1956,4.14,10016,,2026-08-12T11:30:27Z
https://boxd.it/27M0,The Butterfly Effect,2004,3.61,687940,,2026-08-12T11:30:28Z
https://boxd.it/7j5M,The Bypass,2003,3.57,1332,,2026-08-12T11:30:28Z
https://boxd.it/WcBSP,The Bypass,2003,3.5,,,2026-08-12T11:30:29Z
https://boxd.it/1cEPSp,The Cabinet of Dr. Caligari,1920,4.5,,,2026-08-12T11:30:30Z
https://boxd.it/2aOo,The Cabinet of Dr. Caligari,1920,4.06,233540,,2026-08-12T11:30:29Z
https://boxd.it/12Zm,The Candy Snatchers,1973,3.44,3186,,2026-08-12T11:30:31Z
https://boxd.it/22Ky,The Canterbury Tales,1972,3.49,14874,,2026-08-12T11:30:31Z
https://boxd.it/Lcs,The Captive,2000,3.74,10062,,2026-08-12T11:30:32Z
https://boxd.it/1Mn4,The Castle of Cagliostro,1979,4.03,112890,,2026-08-12T11:30:33Z
https://boxd.it/1Mne,The Cat Returns,2002,3.66,318383,,2026-08-12T11:30:33Z
https://boxd.it/2aCM,The Celebration,1998,4.32,158331,,2026-08-12T11:30:34Z
https://boxd.it/5h45rn,The Celebration,1998,4.0,,,2026-08-12T11:30:35Z
https://boxd.it/BnA,The Century of the Self,2002,4.26,8798,,2026-08-12T11:30:36Z
https://boxd.it/3hWQ,The Ceremony,1971,3.86,2878,,2026-08-12T11:30:36Z
https://boxd.it/1PVy,The Changeling,1980,3.58,66663,,2026-08-12T11:30:37Z
https://boxd.it/2Wiq,The Chaos Class,1975,4.03,24242,,2026-08-12T11:30:38Z
https://boxd.it/WcBEN,The Chaos Class,1975,4.5,,,2026-08-12T11:30:38Z
https://boxd.it/1iSQ,The Chaos Class Failed the Class,1976,3.52,15518,,2026-08-12T11:30:39Z
https://boxd.it/1jby,The Chaos Class Is on Vacation,1977,3.66,12371,,2026-08-12T11:30:40Z
https://boxd.it/1jaK,The Chaos Class Is Waking Up,1976,3.79,12793,,2026-08-12T11:30:40Z
https://boxd.it/1PgU,The Chaser,2008,4.01,98894,,2026-08-12T11:30:41Z
https://boxd.it/2Oko,The Chess Players,1977,3.77,5755,,2026-08-12T11:30:42Z
https://boxd.it/falJZ1,The Chess Players,1977,3.5,,,2026-08-12T11:30:44Z
https://boxd.it/2Xvg,The Children,1980,2.82,5215,,2026-08-12T11:30:45Z
https://boxd.it/1DZI,The Children's Hour,1961,4.2,84882,,2026-08-12T11:30:46Z
https://boxd.it/lZx2,The Chomsky - Foucault Debate: On Human Nature,1971,3.75,313,,2026-08-12T11:30:46Z
https://boxd.it/4ePu,The Chorus,1982,3.82,2756,,2026-08-12T11:30:48Z
https://boxd.it/22X8,The Chorus,2004,4.03,195060,,2026-08-12T11:30:48Z
https://boxd.it/1nuLsB,The Circus,1928,4.0,,,2026-08-12T11:30:50Z
https://boxd.it/1orm,The Circus,1928,4.05,49212,,2026-08-12T11:30:49Z
https://boxd.it/29k8,The City of Lost Children,1995,3.77,60575,,2026-08-12T11:30:50Z
https://boxd.it/1tWO,The Civil War,1990,4.34,10727,,2026-08-12T11:30:52Z
https://boxd.it/XvG,The Classic,2003,3.78,12046,,2026-08-12T11:30:52Z
https://boxd.it/7L0A,The Cloud Door,1994,3.49,681,,2026-08-12T11:30:53Z
https://boxd.it/ix2,The Cloud-Capped Star,1960,4.05,7803,,2026-08-12T11:30:53Z
https://boxd.it/j1b2,The Cold Blue,2018,3.55,794,,2026-08-12T11:30:54Z
https://boxd.it/W8Q,The Collector,1965,3.74,12786,,2026-08-12T11:30:55Z
https://boxd.it/1u94,The Color of Pomegranates,1969,4.11,106532,,2026-08-12T11:30:56Z
https://boxd.it/9NsvAD,The Color of Pomegranates,1969,4.0,,,2026-08-12T11:30:56Z
https://boxd.it/1mIg,The Confined,1993,3.6,884,,2026-08-12T11:30:57Z
https://boxd.it/20cE,The Conformist,1970,4.19,81111,,2026-08-12T11:30:58Z
https://boxd.it/3YMY,The Consequences of Feminism,1906,3.81,12022,,2026-08-12T11:30:59Z
https://boxd.it/1xgM,The Consequences of Love,2004,3.82,28614,,2026-08-12T11:30:59Z
https://boxd.it/1XHac7,The Conversation,1974,3.5,,,2026-08-12T11:31:01Z
https://boxd.it/2a38,The Conversation,1974,4.14,281172,,2026-08-12T11:31:00Z
https://boxd.it/1XHaj3,"The Cook, the Thief, His Wife & Her Lover",1989,4.0,,,2026-08-12T11:31:02Z
https://boxd.it/20VO,"The Cook, the Thief, His Wife & Her Lover",1989,4.18,83740,,2026-08-12T11:31:01Z
https://boxd.it/5fNc,The Cool Lakes of Death,1982,3.5,593,,2026-08-12T11:31:03Z
https://boxd.it/1TSS,The Corporation,2003,3.75,7281,,2026-08-12T11:31:03Z
https://boxd.it/Ldg,The Corridor,1995,3.77,1301,,2026-08-12T11:31:04Z
https://boxd.it/TPW,The Count of Monte Cristo,1934,3.59,3213,,2026-08-12T11:31:04Z
https://boxd.it/1U24,The Count of Monte Cristo,2002,3.83,98071,,2026-08-12T11:31:05Z
https://boxd.it/7i1ptH,The Count of Monte Cristo,2024,3.5,,,2026-08-12T11:31:06Z
https://boxd.it/F1Nk,The Count of Monte Cristo,2024,4.09,386838,,2026-08-12T11:31:06Z
https://boxd.it/20MM,The Counterfeiters,2007,3.75,12611,,2026-08-12T11:31:07Z
https://boxd.it/19C0,The Country Doctor,1909,3.58,2324,,2026-08-12T11:31:08Z
https://boxd.it/1zCq,The Cove,2009,4.02,20960,,2026-08-12T11:31:08Z
https://boxd.it/3zBcRf,The Coward,1965,3.5,,,2026-08-12T11:31:09Z
https://boxd.it/4r8S,The Coward,1965,3.84,6747,,2026-08-12T11:31:09Z
https://boxd.it/169Y,The Cranes Are Flying,1957,4.46,69633,,2026-08-12T11:31:10Z
https://boxd.it/1H8y,The Cremator,1969,4.29,54110,,2026-08-12T11:31:11Z
https://boxd.it/1Ssa,The Crocodiles,2009,3.35,8419,,2026-08-12T11:31:11Z
https://boxd.it/4Hug,The Crush,1967,3.63,433,,2026-08-12T11:31:12Z
https://boxd.it/IWYq,The Curse,2023,4.22,56455,,2026-08-12T11:31:12Z
https://boxd.it/1ByU,The Damned United,2009,3.72,33188,,2026-08-12T11:31:13Z
https://boxd.it/4qFw,The Dance of Reality,2013,3.83,15530,,2026-08-12T11:31:14Z
https://boxd.it/15yI,The Danish Poet,2006,3.89,2701,,2026-08-12T11:31:15Z
https://boxd.it/24as,The Darjeeling Limited,2007,3.86,740355,,2026-08-12T11:31:15Z
https://boxd.it/2b0k,The Dark Knight,2008,4.5,4683048,,2026-08-12T11:31:16Z
https://boxd.it/WcBYD,The Dark Knight,2008,4.5,,,2026-08-12T11:31:16Z
https://boxd.it/H3m,The Dark Knight Rises,2012,3.82,2204520,,2026-08-12T11:31:17Z
https://boxd.it/WcBqr,The Dark Knight Rises,2012,4.5,,,2026-08-12T11:31:18Z
https://boxd.it/2yzi,The Dark Side of the Heart,1992,3.74,6270,,2026-08-12T11:31:18Z
https://boxd.it/6Bky,The Day I Bought a Star,2006,3.84,1280,,2026-08-12T11:31:19Z
https://boxd.it/Oka,The Days Between,2001,3.68,946,,2026-08-12T11:31:20Z
https://boxd.it/6jhm,The Days When I Don’t Exist,2003,3.85,1215,,2026-08-12T11:31:20Z
https://boxd.it/4XJGwL,The Daytrippers,1996,4.0,,,2026-08-12T11:31:21Z
https://boxd.it/F9i,The Daytrippers,1996,3.88,64667,,2026-08-12T11:31:21Z
https://boxd.it/13vC,The Dead,1987,3.74,17070,,2026-08-12T11:31:22Z
https://boxd.it/1U6g,The Dead Zone,1983,3.55,112373,,2026-08-12T11:31:23Z
https://boxd.it/1LCM,The Death King,1990,3.5,6957,,2026-08-12T11:31:23Z
https://boxd.it/7xci,The Death of Empedocles,1987,3.87,1145,,2026-08-12T11:31:24Z
https://boxd.it/1k1a,The Death of Mr. Lazarescu,2005,4.06,15329,,2026-08-12T11:31:25Z
https://boxd.it/ea9Y,The Death of Stalin,2017,3.8,296549,,2026-08-12T11:31:25Z
https://boxd.it/1T6O,The Deer Hunter,1978,4.22,314950,,2026-08-12T11:31:26Z
https://boxd.it/fRJs,The Defiant Ones,2017,4.04,6571,,2026-08-12T11:31:27Z
https://boxd.it/4si0,The Demon,1963,3.73,6873,,2026-08-12T11:31:27Z
https://boxd.it/28MA,The Departed,2006,4.35,1681373,,2026-08-12T11:31:28Z
https://boxd.it/WcBU7,The Departed,2006,4.5,,,2026-08-12T11:31:28Z
https://boxd.it/1YNy,The Descent,2005,3.57,494704,,2026-08-12T11:31:29Z
https://boxd.it/1GCC,The Desperate Hours,1955,3.69,6423,,2026-08-12T11:31:30Z
https://boxd.it/3iRC,The Devil,1972,3.84,15780,,2026-08-12T11:31:30Z
https://boxd.it/1QzI,The Devil and Daniel Johnston,2005,4.12,24892,,2026-08-12T11:31:31Z
https://boxd.it/2awE,The Devil Wears Prada,2006,3.82,3481133,,2026-08-12T11:31:31Z
https://boxd.it/Oags,The Devil Wears Prada 2,2026,3.13,1465869,,2026-08-12T11:31:32Z
https://boxd.it/ecSBdz,The Devil Wears Prada 2,2026,2.0,,,2026-08-12T11:31:33Z
https://boxd.it/28Li,The Devil's Backbone,2001,3.83,93415,,2026-08-12T11:31:33Z
https://boxd.it/28hC,The Devil's Rejects,2005,3.38,109296,,2026-08-12T11:31:34Z
https://boxd.it/1hJe,"The Devil, Probably",1977,3.86,29864,,2026-08-12T11:31:34Z
https://boxd.it/1inI,The Devils,1971,4.23,80103,,2026-08-12T11:31:35Z
https://boxd.it/6x0Vlb,The Devils,1971,5.0,,,2026-08-12T11:31:36Z
https://boxd.it/UDLG,The Diary of a Chambermaid,2026,3.67,1423,,2026-08-12T11:31:37Z
https://boxd.it/7kru,The Diary of a Teenage Girl,2015,3.47,103951,,2026-08-12T11:31:37Z
https://boxd.it/1YJ2,The Dinner Game,1998,3.85,104986,,2026-08-12T11:31:38Z
https://boxd.it/7xPE,The Dinosaur and the Baby,1967,3.62,467,,2026-08-12T11:31:38Z
https://boxd.it/11pyi,The Dinosaurs,2026,4.06,27064,,2026-08-12T11:31:39Z
https://boxd.it/28nK,The Dirty Dozen,1967,3.84,48282,,2026-08-12T11:31:39Z
https://boxd.it/19Ds,The Disappearance of Haruhi Suzumiya,2010,4.26,22674,,2026-08-12T11:31:40Z
https://boxd.it/riwi,The Disciple,2020,3.66,7404,,2026-08-12T11:31:41Z
https://boxd.it/4Fze,The Discipline of D.E.,1982,3.51,1236,,2026-08-12T11:31:41Z
https://boxd.it/2440,The Discreet Charm of the Bourgeoisie,1972,3.98,109085,,2026-08-12T11:31:42Z
https://boxd.it/oiQm,The Dissident,2020,3.78,7752,,2026-08-12T11:31:42Z
https://boxd.it/27Di,The Diving Bell and the Butterfly,2007,4.12,55525,,2026-08-12T11:31:43Z
https://boxd.it/1PVe,The Doom Generation,1995,3.8,125934,,2026-08-12T11:31:44Z
https://boxd.it/dx91uv,The Doom Generation,1995,2.5,,,2026-08-12T11:31:44Z
https://boxd.it/1W18,The Doors,1991,3.45,105721,,2026-08-12T11:31:45Z
https://boxd.it/1XH9Kn,The Double Life of Véronique,1991,4.5,,,2026-08-12T11:31:46Z
https://boxd.it/28va,The Double Life of Véronique,1991,4.08,137209,,2026-08-12T11:31:46Z
https://boxd.it/OA2w,The Drama,2026,3.65,2492923,,2026-08-12T11:31:47Z
https://boxd.it/1VhO,The Draughtsman's Contract,1982,3.82,18778,,2026-08-12T11:31:47Z
https://boxd.it/3Yh2,The Dream of a Ridiculous Man,1992,4.13,4548,,2026-08-12T11:31:48Z
https://boxd.it/4h3BMn,The Dream of a Ridiculous Man,1992,4.0,,,2026-08-12T11:31:49Z
https://boxd.it/1XH9Z3,The Dreamers,2003,3.5,,,2026-08-12T11:31:50Z
https://boxd.it/28X4,The Dreamers,2003,3.54,292900,,2026-08-12T11:31:49Z
https://boxd.it/27jW,The Driver,1978,3.84,42338,,2026-08-12T11:31:51Z
https://boxd.it/1FLI,The Duellists,1977,3.86,42056,,2026-08-12T11:31:51Z
https://boxd.it/3jfO,The Dying Swan,1917,3.8,2412,,2026-08-12T11:31:52Z
https://boxd.it/2lom,The Earrings of Madame de...,1953,4.06,24805,,2026-08-12T11:31:52Z
https://boxd.it/pTtc,The Eddy,2020,3.51,4048,,2026-08-12T11:31:53Z
https://boxd.it/27D8,The Edge of Heaven,2007,3.94,26824,,2026-08-12T11:31:54Z
https://boxd.it/ng5m,The Egg,2019,4.04,4006,,2026-08-12T11:31:54Z
https://boxd.it/ufRe,The Eight Mountains,2022,4.1,63107,,2026-08-12T11:31:55Z
https://boxd.it/VCO2,The Elephant,2025,4.06,8926,,2026-08-12T11:31:56Z
https://boxd.it/27LQ,The Elephant Man,1980,4.31,464566,,2026-08-12T11:31:56Z
https://boxd.it/1jmG,The Embryo Hunts in Secret,1966,3.62,1532,,2026-08-12T11:31:57Z
https://boxd.it/1Tey,The Emperor's New Groove,2000,3.93,1014349,,2026-08-12T11:31:57Z
https://boxd.it/55bW,The Empire of Desire,1981,3.79,2288,,2026-08-12T11:31:58Z
https://boxd.it/27Vw,The Empire Strikes Back,1980,4.4,2362828,,2026-08-12T11:31:59Z
https://boxd.it/WcCnD,The Empire Strikes Back,1980,4.5,,,2026-08-12T11:31:59Z
https://boxd.it/PMk,The Employment,2008,3.87,8062,,2026-08-12T11:32:00Z
https://boxd.it/iYSi,The Eunuch and the Flute Player,2019,3.73,1085,,2026-08-12T11:32:01Z
https://boxd.it/7WVW,The Eve of Ivan Kupalo,1968,3.98,2533,,2026-08-12T11:32:02Z
https://boxd.it/1cEQm5,The Evil Dead,1981,3.5,,,2026-08-12T11:32:03Z
https://boxd.it/29Go,The Evil Dead,1981,3.63,630132,,2026-08-12T11:32:02Z
https://boxd.it/1Yoo,The Exorcist,1973,3.95,1052196,,2026-08-12T11:32:04Z
https://boxd.it/WcCfJ,The Exorcist,1973,4.5,,,2026-08-12T11:32:04Z
https://boxd.it/2a5I,The Experiment,2001,3.7,28534,,2026-08-12T11:32:05Z
https://boxd.it/bnh6,The Exquisite Corpus,2015,3.81,2047,,2026-08-12T11:32:05Z
https://boxd.it/1nRS,The Exterminating Angel,1962,4.14,73050,,2026-08-12T11:32:06Z
https://boxd.it/1EgE,The Exterminating Angels,2006,3.12,1513,,2026-08-12T11:32:07Z
https://boxd.it/5Eyw,"The Eyes, the Mouth",1982,3.71,1112,,2026-08-12T11:32:07Z
https://boxd.it/ZV2,The Fabulous Baron Munchausen,1962,4.06,14732,,2026-08-12T11:32:08Z
https://boxd.it/1nso,The Face of Another,1966,4.24,63096,,2026-08-12T11:32:08Z
https://boxd.it/1NoM,The Fall,2006,4.27,236941,,2026-08-12T11:32:09Z
https://boxd.it/nRTy,The Fall,2019,3.57,28702,,2026-08-12T11:32:09Z
https://boxd.it/1BzI,The Fallen Idol,1948,3.82,9357,,2026-08-12T11:32:10Z
https://boxd.it/2CGLt7,The Fallout,2021,3.5,,,2026-08-12T11:32:11Z
https://boxd.it/tViI,The Fallout,2021,3.48,333804,,2026-08-12T11:32:11Z
https://boxd.it/22e8,The Family Man,2000,3.36,97203,,2026-08-12T11:32:12Z
https://boxd.it/WcCyr,The Family Man,2000,4.5,,,2026-08-12T11:32:12Z
https://boxd.it/CPvu,The Family Man,2019,3.56,525,,2026-08-12T11:32:13Z
https://boxd.it/4h3BYX,The Family Man Reunion,2019,4.0,,,2026-08-12T11:32:14Z
https://boxd.it/F40g,The Family Man Reunion,2019,3.58,464,,2026-08-12T11:32:14Z
https://boxd.it/WcCtB,The Farewell,2019,4.5,,,2026-08-12T11:32:15Z
https://boxd.it/kIky,The Farewell,2019,4.06,332240,,2026-08-12T11:32:15Z
https://boxd.it/futm,The Farthest,2017,3.97,3493,,2026-08-12T11:32:16Z
https://boxd.it/1XH9Kx,The Father,2020,4.5,,,2026-08-12T11:32:17Z
https://boxd.it/m8Ie,The Father,2020,4.3,442016,,2026-08-12T11:32:17Z
https://boxd.it/WcC3D,The Favourite,2018,4.0,,,2026-08-12T11:32:18Z
https://boxd.it/d2hI,The Favourite,2018,4.01,945968,,2026-08-12T11:32:18Z
https://boxd.it/25Ri,The Fearless Vampire Killers,1967,3.29,29164,,2026-08-12T11:32:19Z
https://boxd.it/1Jq,The Fiancés,1963,3.91,4792,,2026-08-12T11:32:20Z
https://boxd.it/jO5s,The Field,2018,3.41,317,,2026-08-12T11:32:20Z
https://boxd.it/2GNW,The Fifth Seal,1976,4.33,16055,,2026-08-12T11:32:21Z
https://boxd.it/1XHaiT,The Fighter,2010,4.0,,,2026-08-12T11:32:22Z
https://boxd.it/PP4,The Fighter,2010,3.85,285918,,2026-08-12T11:32:21Z
https://boxd.it/26AM,The Fire Within,1963,4.16,33212,,2026-08-12T11:32:22Z
https://boxd.it/tt94,The First Slam Dunk,2022,4.25,81912,,2026-08-12T11:32:23Z
https://boxd.it/2aWM,The Fisher King,1991,3.9,81215,,2026-08-12T11:32:24Z
https://boxd.it/1RWy,The Five Obstructions,2003,3.7,15312,,2026-08-12T11:32:24Z
https://boxd.it/1XHa8T,The Florida Project,2017,4.5,,,2026-08-12T11:32:25Z
https://boxd.it/dMG0,The Florida Project,2017,4.09,1097052,,2026-08-12T11:32:25Z
https://boxd.it/oTS,The Flowers of St. Francis,1950,3.89,10469,,2026-08-12T11:32:26Z
https://boxd.it/1YIe,The Fly,1986,4.0,564183,,2026-08-12T11:32:26Z
https://boxd.it/1Row,The Fog of War,2003,3.98,20811,,2026-08-12T11:32:27Z
https://boxd.it/21GU,The Forest for the Trees,2003,3.76,4606,,2026-08-12T11:32:28Z
https://boxd.it/28RU,The Fountain,2006,3.52,160029,,2026-08-12T11:32:28Z
https://boxd.it/rPE0,The Four Temperaments,2020,3.53,564,,2026-08-12T11:32:29Z
https://boxd.it/mPa,The Four Times,2010,3.88,7031,,2026-08-12T11:32:30Z
https://boxd.it/jMM,The French Detective,1975,3.48,2299,,2026-08-12T11:32:30Z
https://boxd.it/2n8VHZ,"The French Dispatch of the Liberty, Kansas Evening Sun",2021,3.5,,,2026-08-12T11:32:31Z
https://boxd.it/jLP8,"The French Dispatch of the Liberty, Kansas Evening Sun",2021,3.66,1027849,,2026-08-12T11:32:31Z
https://boxd.it/230G,The Fugitive,1993,3.92,316956,,2026-08-12T11:32:32Z
https://boxd.it/30ha4F,The Fundamentals of Caring,2016,3.0,,,2026-08-12T11:32:33Z
https://boxd.it/aiai,The Fundamentals of Caring,2016,3.54,185679,,2026-08-12T11:32:33Z
https://boxd.it/MQuM,The Furious,2025,3.84,130152,,2026-08-12T11:32:34Z
https://boxd.it/R6Xe,The Gallerist,2026,3.26,716,,2026-08-12T11:32:34Z
https://boxd.it/26vC,The Game,1997,3.82,665106,,2026-08-12T11:32:35Z
https://boxd.it/WcBmJ,The Game,1997,4.0,,,2026-08-12T11:32:35Z
https://boxd.it/23PE,The Garden of the Finzi-Continis,1970,3.63,9542,,2026-08-12T11:32:36Z
https://boxd.it/1XH9Xh,The Garden of Words,2013,4.5,,,2026-08-12T11:32:37Z
https://boxd.it/5Ymq,The Garden of Words,2013,3.44,186735,,2026-08-12T11:32:36Z
https://boxd.it/1cEQ0N,The General,1926,4.5,,,2026-08-12T11:32:38Z
https://boxd.it/29co,The General,1926,4.18,114596,,2026-08-12T11:32:38Z
https://boxd.it/iYBQ,The Gentlemen,2019,3.78,667918,,2026-08-12T11:32:39Z
https://boxd.it/HQI,The Gift,2003,3.6,812,,2026-08-12T11:32:39Z
https://boxd.it/aJMy,The Gift,2015,3.32,211157,,2026-08-12T11:32:40Z
https://boxd.it/4Q5E,The Girl from Nowhere,2012,3.68,1673,,2026-08-12T11:32:41Z
https://boxd.it/Hbo4,The Girl Who Cried Pearls,2025,3.77,46852,,2026-08-12T11:32:41Z
https://boxd.it/1OPa,The Girl Who Leapt Through Time,2006,3.89,146263,,2026-08-12T11:32:42Z
https://boxd.it/1Mb8,The Girl with the Dragon Tattoo,2009,3.85,86006,,2026-08-12T11:32:43Z
https://boxd.it/2Pa,The Girl with the Dragon Tattoo,2011,3.91,669470,,2026-08-12T11:32:43Z
https://boxd.it/WcBt1,The Girl with the Dragon Tattoo,2011,4.0,,,2026-08-12T11:32:44Z
https://boxd.it/1ja6,The Girl with the Red Scarf,1977,3.83,15005,,2026-08-12T11:32:44Z
https://boxd.it/4mK8,The Girls,1968,3.81,5014,,2026-08-12T11:32:45Z
https://boxd.it/BTbQ,The Girls Are Alright,2023,3.74,12492,,2026-08-12T11:32:46Z
https://boxd.it/Zwv2,THE GIRLS BATHROOM: A DOCUMENTARY,2025,4.04,2889,,2026-08-12T11:32:46Z
https://boxd.it/2rqI,The Glamorous Life of Sachiko Hanai,2003,3.34,923,,2026-08-12T11:32:47Z
https://boxd.it/2ps8,The Glass Shield,1994,3.46,3498,,2026-08-12T11:32:47Z
https://boxd.it/jyXy,The God Crippled With One Leg,1994,3.55,3190,,2026-08-12T11:32:48Z
https://boxd.it/UBlQ,The God Man,2025,3.98,5991,,2026-08-12T11:32:48Z
https://boxd.it/2aNK,The Godfather,1972,4.51,2854897,,2026-08-12T11:32:49Z
https://boxd.it/WcCeL,The Godfather,1972,4.5,,,2026-08-12T11:32:50Z
https://boxd.it/20eq,The Gods Must Be Crazy,1980,3.42,35132,,2026-08-12T11:32:50Z
https://boxd.it/29ce,The Gold Rush,1925,4.14,106163,,2026-08-12T11:32:51Z
https://boxd.it/WcBtl,The Gold Rush,1925,4.5,,,2026-08-12T11:32:52Z
https://boxd.it/kp18,The Gold-Laden Sheep and The Sacred Mountain,2018,3.35,404,,2026-08-12T11:32:52Z
https://boxd.it/33HM,The Golden Thread,1965,3.9,2694,,2026-08-12T11:32:53Z
https://boxd.it/7l76,The Good Lie,2014,3.49,12190,,2026-08-12T11:32:53Z
https://boxd.it/1cEQfD,"The Good, the Bad and the Ugly",1966,4.5,,,2026-08-12T11:32:56Z
https://boxd.it/2ape,"The Good, the Bad and the Ugly",1966,4.51,794565,,2026-08-12T11:32:54Z
https://boxd.it/8V8U2F,The Gorge,2025,1.5,,,2026-08-12T11:32:57Z
https://boxd.it/zRqK,The Gorge,2025,2.98,501066,,2026-08-12T11:32:56Z
https://boxd.it/1y7c,The Gospel According to St. Matthew,1964,4.09,37509,,2026-08-12T11:32:57Z
https://boxd.it/18Im,The Graduate,1967,4.1,523621,,2026-08-12T11:32:58Z
https://boxd.it/WcCaJ,The Graduate,1967,4.0,,,2026-08-12T11:32:59Z
https://boxd.it/3ZqO,The Grand Budapest Hotel,2014,4.24,3391324,,2026-08-12T11:32:59Z
https://boxd.it/WcBBp,The Grand Budapest Hotel,2014,4.0,,,2026-08-12T11:33:00Z
https://boxd.it/sQS0,The Grand Tour Presents: A Massive Hunt,2020,3.75,5407,,2026-08-12T11:33:01Z
https://boxd.it/vXMO,The Grand Tour Presents: Seamen,2019,3.94,5227,,2026-08-12T11:33:01Z
https://boxd.it/RMm,The Grandmother,1970,3.64,29652,,2026-08-12T11:33:02Z
https://boxd.it/2a2u,The Grapes of Wrath,1940,4.18,64964,,2026-08-12T11:33:02Z
https://boxd.it/5ty6,The Great Beauty,2013,4.09,169032,,2026-08-12T11:33:03Z
https://boxd.it/63crSX,The Great Beauty,2013,3.0,,,2026-08-12T11:33:04Z
https://boxd.it/29ic,The Great Dictator,1940,4.33,200482,,2026-08-12T11:33:04Z
https://boxd.it/WcBK7,The Great Dictator,1940,4.5,,,2026-08-12T11:33:05Z
https://boxd.it/fbIW,The Great Father,2017,2.96,2371,,2026-08-12T11:33:05Z
https://boxd.it/JY,The Great Gatsby,2013,3.48,1562981,,2026-08-12T11:33:06Z
https://boxd.it/WcBqh,The Great Gatsby,2013,4.0,,,2026-08-12T11:33:07Z
https://boxd.it/1XH9Rj,The Great Indian Kitchen,2021,4.0,,,2026-08-12T11:33:08Z
https://boxd.it/tyqO,The Great Indian Kitchen,2021,3.99,15005,,2026-08-12T11:33:07Z
https://boxd.it/1ZlA,The Great Silence,1968,4.15,43616,,2026-08-12T11:33:08Z
https://boxd.it/22JU,The Great Train Robbery,1903,3.51,66566,,2026-08-12T11:33:09Z
https://boxd.it/1M8I,The Greatest Game Ever Played,2005,3.55,22718,,2026-08-12T11:33:09Z
https://boxd.it/kuy2,The Green Knight,2021,3.68,582548,,2026-08-12T11:33:10Z
https://boxd.it/2agG,The Green Mile,1999,4.3,1436560,,2026-08-12T11:33:11Z
https://boxd.it/WcBnx,The Green Mile,1999,4.5,,,2026-08-12T11:33:11Z
https://boxd.it/1XHaif,The Green Ray,1986,4.5,,,2026-08-12T11:33:12Z
https://boxd.it/t8W,The Green Ray,1986,4.17,76330,,2026-08-12T11:33:12Z
https://boxd.it/3iaaWZ,The Green Years,1963,4.0,,,2026-08-12T11:33:13Z
https://boxd.it/5fVg,The Green Years,1963,3.8,4188,,2026-08-12T11:33:13Z
https://boxd.it/1HwA,The Grifters,1990,3.43,28080,,2026-08-12T11:33:14Z
https://boxd.it/8waM,The Gunfighter,2014,3.7,9703,,2026-08-12T11:33:14Z
https://boxd.it/4h3BrT,The Hand,2020,3.5,,,2026-08-12T11:33:16Z
https://boxd.it/vWp0,The Hand,2020,3.8,27207,,2026-08-12T11:33:15Z
https://boxd.it/2n8Vp7,The Hand of God,2021,3.5,,,2026-08-12T11:33:17Z
https://boxd.it/r5uI,The Hand of God,2021,3.8,176861,,2026-08-12T11:33:16Z
https://boxd.it/1CS2,The Handmaid's Tale,1990,3.17,16198,,2026-08-12T11:33:17Z
https://boxd.it/1cEQ7z,The Handmaiden,2016,4.5,,,2026-08-12T11:33:19Z
https://boxd.it/948A,The Handmaiden,2016,4.4,846949,,2026-08-12T11:33:18Z
https://boxd.it/1GjK,The Hangover,2009,3.76,2089794,,2026-08-12T11:33:19Z
https://boxd.it/9qrzbN,The Hangover,2009,2.5,,,2026-08-12T11:33:20Z
https://boxd.it/kD8i,The Happiest Guy in the World,2018,3.57,639,,2026-08-12T11:33:20Z
https://boxd.it/1KDY,The Happiness of the Katakuris,2001,3.85,33013,,2026-08-12T11:33:21Z
https://boxd.it/3Nwq,The Hart of London,1970,3.98,1522,,2026-08-12T11:33:22Z
https://boxd.it/1cEQ5D,The Hateful Eight,2015,4.0,,,2026-08-12T11:33:23Z
https://boxd.it/8gw8,The Hateful Eight,2015,4.03,1310970,,2026-08-12T11:33:22Z
https://boxd.it/1T7M,The Haunting,1963,3.78,67000,,2026-08-12T11:33:23Z
https://boxd.it/WcCe7,The Haunting of Hill House,2018,4.5,,,2026-08-12T11:33:25Z
https://boxd.it/kfJ0,The Haunting of Hill House,2018,4.36,459582,,2026-08-12T11:33:24Z
https://boxd.it/11aM,The Heartbreak Kid,1972,3.93,26080,,2026-08-12T11:33:25Z
https://boxd.it/4p9a,The Heat,2013,3.11,168174,,2026-08-12T11:33:26Z
https://boxd.it/1pi6,The Heiress,1949,4.17,20928,,2026-08-12T11:33:27Z
https://boxd.it/1XHaav,The Hero,1966,4.5,,,2026-08-12T11:33:28Z
https://boxd.it/3MJI,The Hero,1966,4.14,12803,,2026-08-12T11:33:27Z
https://boxd.it/1nuLHL,The Hexer,2001,4.0,,,2026-08-12T11:33:29Z
https://boxd.it/n5C,The Hexer,2001,3.46,8190,,2026-08-12T11:33:28Z
https://boxd.it/295M,The Hidden Fortress,1958,4.15,72616,,2026-08-12T11:33:30Z
https://boxd.it/1Yq0,The Hitcher,1986,3.63,76341,,2026-08-12T11:33:30Z
https://boxd.it/5h45pV,The Holdovers,2023,4.0,,,2026-08-12T11:33:32Z
https://boxd.it/vHza,The Holdovers,2023,4.26,1614983,,2026-08-12T11:33:31Z
https://boxd.it/LDo,The Hole,1998,4.0,20525,,2026-08-12T11:33:32Z
https://boxd.it/S12,The Holy Girl,2004,3.72,18687,,2026-08-12T11:33:33Z
https://boxd.it/1cEQhp,The Holy Mountain,1973,4.5,,,2026-08-12T11:33:34Z
https://boxd.it/20mu,The Holy Mountain,1973,4.11,165940,,2026-08-12T11:33:33Z
https://boxd.it/XLu,The Home and the World,1984,3.79,3561,,2026-08-12T11:33:35Z
https://boxd.it/1WKi,The Honeymoon Killers,1970,3.61,10325,,2026-08-12T11:33:35Z
https://boxd.it/1rnW,The Horribly Slow Murderer with the Extremely Inefficient Weapon,2008,3.61,5156,,2026-08-12T11:33:36Z
https://boxd.it/XWs,The Horse Thief,1986,3.73,3201,,2026-08-12T11:33:37Z
https://boxd.it/28ZY,The Host,2006,3.76,327812,,2026-08-12T11:33:37Z
https://boxd.it/30haat,The Host,2006,4.0,,,2026-08-12T11:33:38Z
https://boxd.it/7IcrgL,The Hourglass Sanatorium,1973,4.5,,,2026-08-12T11:33:40Z
https://boxd.it/OUW,The Hourglass Sanatorium,1973,3.97,27037,,2026-08-12T11:33:39Z
https://boxd.it/1xig0n,The Hours,2002,4.5,,,2026-08-12T11:33:41Z
https://boxd.it/2a3s,The Hours,2002,3.87,137838,,2026-08-12T11:33:40Z
https://boxd.it/1gDY,The House,1997,3.95,1667,,2026-08-12T11:33:41Z
https://boxd.it/STe,The House Is Black,1963,4.28,29580,,2026-08-12T11:33:42Z
https://boxd.it/1vEC,The House of Mirth,2000,3.72,6283,,2026-08-12T11:33:43Z
https://boxd.it/dWO4,The House That Jack Built,2018,3.61,391394,,2026-08-12T11:33:43Z
https://boxd.it/mG8,The House with Laughing Windows,1976,3.58,19394,,2026-08-12T11:33:44Z
https://boxd.it/WJs,The Housemaid,1960,3.75,27173,,2026-08-12T11:33:44Z
https://boxd.it/Q6k,The Housemaid,2010,2.93,29220,,2026-08-12T11:33:45Z
https://boxd.it/1jAy,The Human Condition I: No Greater Love,1959,4.57,47477,,2026-08-12T11:33:46Z
https://boxd.it/6iXO3n,The Human Condition I: No Greater Love,1959,4.0,,,2026-08-12T11:33:46Z
https://boxd.it/1dJa,The Human Condition II: Road to Eternity,1959,4.48,33602,,2026-08-12T11:33:47Z
https://boxd.it/6iXOwT,The Human Condition II: Road to Eternity,1959,4.5,,,2026-08-12T11:33:47Z
https://boxd.it/1dIQ,The Human Condition III: A Soldier's Prayer,1961,4.65,33910,,2026-08-12T11:33:48Z
https://boxd.it/6iXOSb,The Human Condition III: A Soldier's Prayer,1961,4.5,,,2026-08-12T11:33:49Z
https://boxd.it/2n8Vmd,The Human Voice,2020,4.5,,,2026-08-12T11:33:50Z
https://boxd.it/p148,The Human Voice,2020,3.57,66996,,2026-08-12T11:33:49Z
https://boxd.it/1xig3L,The Hundred-Foot Journey,2014,3.5,,,2026-08-12T11:33:51Z
https://boxd.it/6JBi,The Hundred-Foot Journey,2014,3.57,46311,,2026-08-12T11:33:50Z
https://boxd.it/2uds,The Hunger Games,2012,3.84,3313902,,2026-08-12T11:33:52Z
https://boxd.it/WcBqV,The Hunger Games,2012,4.0,,,2026-08-12T11:33:52Z
https://boxd.it/1cEQ2J,The Hunt,2012,4.5,,,2026-08-12T11:33:54Z
https://boxd.it/3wEC,The Hunt,2012,4.29,651403,,2026-08-12T11:33:53Z
https://boxd.it/372S,The Hypothesis of the Stolen Painting,1978,3.97,4305,,2026-08-12T11:33:54Z
https://boxd.it/8EjxBh,The Hypothesis of the Stolen Painting,1978,4.0,,,2026-08-12T11:33:55Z
https://boxd.it/2amu,The Idiots,1998,3.55,54400,,2026-08-12T11:33:56Z
https://boxd.it/cVpWNT,The Idiots,1998,4.0,,,2026-08-12T11:33:57Z
https://boxd.it/nWjU,The Illegal,2021,3.39,262,,2026-08-12T11:33:57Z
https://boxd.it/7Ql4,The Illiac Passion,1967,3.83,770,,2026-08-12T11:33:58Z
https://boxd.it/28H6,The Illusionist,2006,3.45,152026,,2026-08-12T11:33:58Z
https://boxd.it/eBse,The Image Book,2018,3.42,11883,,2026-08-12T11:33:59Z
https://boxd.it/6aig,The Imitation Game,2014,3.85,1167256,,2026-08-12T11:34:00Z
https://boxd.it/WcBzj,The Imitation Game,2014,4.5,,,2026-08-12T11:34:00Z
https://boxd.it/Kcm,The Immigrant,1917,3.67,21066,,2026-08-12T11:34:01Z
https://boxd.it/2N9k,The Impossible,2012,3.67,373776,,2026-08-12T11:34:02Z
https://boxd.it/WcBu9,The Impossible,2012,3.5,,,2026-08-12T11:34:02Z
https://boxd.it/UJU,The Inauguration of the Pleasure Dome,1954,3.82,11852,,2026-08-12T11:34:03Z
https://boxd.it/2v50,The Inbetweeners Movie,2011,3.24,91660,,2026-08-12T11:34:03Z
https://boxd.it/7Sps,The Incident,2014,3.27,6247,,2026-08-12T11:34:04Z
https://boxd.it/1ixS,The Incredible Shrinking Man,1957,3.87,33249,,2026-08-12T11:34:05Z
https://boxd.it/1XLm,The Incredibles,2004,4.06,2478232,,2026-08-12T11:34:05Z
https://boxd.it/1cEQ4Z,The Incredibles,2004,4.0,,,2026-08-12T11:34:06Z
https://boxd.it/3alS,The Inextinguishable Fire,1969,3.93,2143,,2026-08-12T11:34:06Z
https://boxd.it/7qNm,The Infinite Man,2014,3.44,2148,,2026-08-12T11:34:07Z
https://boxd.it/gGJI,The Informer,2019,3.01,21516,,2026-08-12T11:34:08Z
https://boxd.it/24y0,The Innocent,1976,3.81,5291,,2026-08-12T11:34:08Z
https://boxd.it/1KeY,The Innocents,1961,4.12,69202,,2026-08-12T11:34:09Z
https://boxd.it/1ZoE,The Insider,1999,4.1,147136,,2026-08-12T11:34:10Z
https://boxd.it/7lcA,The Internet's Own Boy: The Story of Aaron Swartz,2014,3.87,8632,,2026-08-12T11:34:10Z
https://boxd.it/gANO,The Interview,1966,3.81,2110,,2026-08-12T11:34:11Z
https://boxd.it/2FT0,The Intouchables,2011,4.16,972913,,2026-08-12T11:34:11Z
https://boxd.it/WcBuN,The Intouchables,2011,4.5,,,2026-08-12T11:34:12Z
https://boxd.it/euce,The Invisible Guest,2016,3.96,195332,,2026-08-12T11:34:13Z
https://boxd.it/zRNY,The Invite,2026,4.05,502817,,2026-08-12T11:34:13Z
https://boxd.it/WcBpD,The Irishman,2019,4.5,,,2026-08-12T11:34:14Z
https://boxd.it/dYOq,The Irishman,2019,3.92,964045,,2026-08-12T11:34:14Z
https://boxd.it/w5Pm,The Iron Claw,2023,4.12,1080718,,2026-08-12T11:34:15Z
https://boxd.it/1Wow,The Iron Giant,1999,4.29,710110,,2026-08-12T11:34:16Z
https://boxd.it/2n8Vpr,The Iron Giant,1999,4.0,,,2026-08-12T11:34:16Z
https://boxd.it/1ZZ6,The Isle,2000,3.58,15519,,2026-08-12T11:34:17Z
https://boxd.it/aqAe,The Jinx: The Life and Deaths of Robert Durst,2015,4.29,37839,,2026-08-12T11:34:17Z
https://boxd.it/gmVu,The Keepers,2017,3.94,18514,,2026-08-12T11:34:19Z
https://boxd.it/UN4i,The Keys to Freedom,2025,3.44,352,,2026-08-12T11:34:19Z
https://boxd.it/bFce,The Khayal Saga,1989,3.72,321,,2026-08-12T11:34:20Z
https://boxd.it/1X5U,The Kid,1921,4.2,140876,,2026-08-12T11:34:21Z
https://boxd.it/WcBoF,The Kid,1921,4.5,,,2026-08-12T11:34:21Z
https://boxd.it/1Vha,The Killer,1989,4.17,90312,,2026-08-12T11:34:22Z
https://boxd.it/5h45hH,The Killer,2023,3.5,,,2026-08-12T11:34:24Z
https://boxd.it/u6WE,The Killer,2023,3.36,822964,,2026-08-12T11:34:23Z
https://boxd.it/2aMi,The Killing,1956,4.0,162624,,2026-08-12T11:34:24Z
https://boxd.it/WcC1H,The Killing,1956,4.0,,,2026-08-12T11:34:25Z
https://boxd.it/dZ5G,The Killing of a Sacred Deer,2017,3.7,837411,,2026-08-12T11:34:25Z
https://boxd.it/2aJS,The King of Comedy,1982,4.24,442296,,2026-08-12T11:34:26Z
https://boxd.it/WcCsD,The King of Comedy,1982,4.0,,,2026-08-12T11:34:26Z
https://boxd.it/1P2y,The King of Kong: A Fistful of Quarters,2007,4.03,37773,,2026-08-12T11:34:27Z
https://boxd.it/2Pli,The King of the Street Cleaners,1977,3.76,12215,,2026-08-12T11:34:28Z
https://boxd.it/WcBsd,The King's Speech,2010,4.5,,,2026-08-12T11:34:29Z
https://boxd.it/dX0,The King's Speech,2010,3.81,492955,,2026-08-12T11:34:28Z
https://boxd.it/5wlY,The Kneeling Goddess,1947,3.59,1857,,2026-08-12T11:34:30Z
https://boxd.it/4y1k,The Koumiko Mystery,1965,3.84,2283,,2026-08-12T11:34:30Z
https://boxd.it/7V85Rz,The Koumiko Mystery,1965,3.5,,,2026-08-12T11:34:31Z
https://boxd.it/25LY,The Lady Eve,1941,3.96,47097,,2026-08-12T11:34:31Z
https://boxd.it/251Q,The Lady from Shanghai,1947,3.86,66397,,2026-08-12T11:34:32Z
https://boxd.it/29ea,The Lady Vanishes,1938,3.91,72435,,2026-08-12T11:34:32Z
https://boxd.it/1U4u,The Lair of the White Worm,1988,3.44,52528,,2026-08-12T11:34:33Z
https://boxd.it/1XHa3z,The Lake House,2006,3.0,,,2026-08-12T11:34:34Z
https://boxd.it/27yM,The Lake House,2006,3.28,120224,,2026-08-12T11:34:34Z
https://boxd.it/iWAw,The Last Black Man in San Francisco,2019,4.06,124922,,2026-08-12T11:34:35Z
https://boxd.it/KXQm,The Last Brunch,2024,3.62,2189,,2026-08-12T11:34:35Z
https://boxd.it/Kz1u,The Last Dance,2024,3.69,9159,,2026-08-12T11:34:36Z
https://boxd.it/1JpQ,The Last Days of Disco,1998,3.76,38870,,2026-08-12T11:34:37Z
https://boxd.it/BYl2,The Last Days of Humanity,2022,3.69,523,,2026-08-12T11:34:37Z
https://boxd.it/1Nbe,The Last Detail,1973,3.92,47489,,2026-08-12T11:34:38Z
https://boxd.it/2Vbo,The Last Dive,1992,3.92,2150,,2026-08-12T11:34:38Z
https://boxd.it/29Ji,The Last Emperor,1987,3.94,97772,,2026-08-12T11:34:39Z
https://boxd.it/fIMs,The Last Full Measure,2019,3.17,7979,,2026-08-12T11:34:39Z
https://boxd.it/22es,The Last Laugh,1924,4.03,27986,,2026-08-12T11:34:40Z
https://boxd.it/27EU,The Last Mistress,2007,3.44,3113,,2026-08-12T11:34:41Z
https://boxd.it/Y4c,The Last of England,1987,3.68,3408,,2026-08-12T11:34:41Z
https://boxd.it/UbvU,The Last One for the Road,2025,3.81,36395,,2026-08-12T11:34:42Z
https://boxd.it/1weg,The Last Picture Show,1971,4.2,94099,,2026-08-12T11:34:42Z
https://boxd.it/2CGLFx,The Last Picture Show,1971,4.0,,,2026-08-12T11:34:43Z
https://boxd.it/LvE,The Last Supper,1976,3.84,1678,,2026-08-12T11:34:44Z
https://boxd.it/1ULe,The Last Temptation of Christ,1988,3.92,135648,,2026-08-12T11:34:44Z
https://boxd.it/1P1U,The Last Waltz,1978,4.26,51331,,2026-08-12T11:34:45Z
https://boxd.it/cMNI,The Leaden Echo and the Golden Echo,1955,3.64,1227,,2026-08-12T11:34:45Z
https://boxd.it/1WpY,The Legend of 1900,1998,4.01,40852,,2026-08-12T11:34:46Z
https://boxd.it/1iU8,The Legend of Bhagat Singh,2002,3.59,2776,,2026-08-12T11:34:47Z
https://boxd.it/WcBJN,The Legend of Bhagat Singh,2002,4.0,,,2026-08-12T11:34:47Z
https://boxd.it/1cEPYR,The Lego Movie,2014,4.5,,,2026-08-12T11:34:50Z
https://boxd.it/4pDO,The Lego Movie,2014,3.86,1534514,,2026-08-12T11:34:48Z
https://boxd.it/296K,The Leopard,1963,4.14,57201,,2026-08-12T11:34:50Z
https://boxd.it/1I3Y,The Letter,1940,3.67,14153,,2026-08-12T11:34:51Z
https://boxd.it/1wwk,The Life and Death of Colonel Blimp,1943,4.23,28857,,2026-08-12T11:34:52Z
https://boxd.it/1sBg,The Life of Jesus,1997,3.62,7522,,2026-08-12T11:34:52Z
https://boxd.it/UFy,The Life of Oharu,1952,4.19,14035,,2026-08-12T11:34:53Z
https://boxd.it/1nuLL9,The Lift Boy,2019,4.0,,,2026-08-12T11:34:54Z
https://boxd.it/mgNc,The Lift Boy,2019,3.2,1356,,2026-08-12T11:34:53Z
https://boxd.it/8Lf8,The Light Between Oceans,2016,3.44,39851,,2026-08-12T11:34:55Z
https://boxd.it/WcCnj,The Lighthouse,2019,4.5,,,2026-08-12T11:34:56Z
https://boxd.it/icFU,The Lighthouse,2019,4.0,1597531,,2026-08-12T11:34:55Z
https://boxd.it/1FVe,The Lion in Winter,1968,4.05,23596,,2026-08-12T11:34:57Z
https://boxd.it/201Q,The Lion King,1994,4.23,2201813,,2026-08-12T11:34:57Z
https://boxd.it/WcBj1,The Lion King,1994,4.5,,,2026-08-12T11:34:58Z
https://boxd.it/kkCS,The Little Drummer Girl,2018,3.87,13953,,2026-08-12T11:34:58Z
https://boxd.it/Tym,The Little Foxes,1941,3.81,11118,,2026-08-12T11:34:59Z
https://boxd.it/2a4A,The Lives of Others,2006,4.29,212352,,2026-08-12T11:34:59Z
https://boxd.it/WcBTj,The Lives of Others,2006,4.5,,,2026-08-12T11:35:00Z
https://boxd.it/2F6M,The Living Dead Girl,1982,3.5,11415,,2026-08-12T11:35:01Z
https://boxd.it/1XHa0v,The Lobster,2015,4.0,,,2026-08-12T11:35:02Z
https://boxd.it/7tnw,The Lobster,2015,3.73,1192036,,2026-08-12T11:35:01Z
https://boxd.it/26m6,The Lodger: A Story of the London Fog,1927,3.7,28970,,2026-08-12T11:35:02Z
https://boxd.it/1KOM,The Loneliness of the Long Distance Runner,1962,3.85,11123,,2026-08-12T11:35:03Z
https://boxd.it/EMy,The Long Day Closes,1992,3.96,18593,,2026-08-12T11:35:03Z
https://boxd.it/4I3q,The Long Farewell,1971,3.85,3908,,2026-08-12T11:35:04Z
https://boxd.it/281O,The Long Goodbye,1973,4.19,179784,,2026-08-12T11:35:05Z
https://boxd.it/ppuO,The Long Goodbye,2020,3.7,20084,,2026-08-12T11:35:05Z
https://boxd.it/cwC,The Long Gray Line,1955,4.01,4063,,2026-08-12T11:35:06Z
https://boxd.it/8006,The Look of Silence,2014,4.33,28458,,2026-08-12T11:35:07Z
https://boxd.it/2b5k,The Lord of the Rings,1978,3.21,52683,,2026-08-12T11:35:07Z
https://boxd.it/2b5O,The Lord of the Rings: The Fellowship of the Ring,2001,4.39,3157176,,2026-08-12T11:35:08Z
https://boxd.it/WcBnR,The Lord of the Rings: The Fellowship of the Ring,2001,4.5,,,2026-08-12T11:35:08Z
https://boxd.it/1pgE,The Lost Weekend,1945,3.99,44080,,2026-08-12T11:35:09Z
https://boxd.it/4d0q,The Lovely Month of May,1963,4.09,4006,,2026-08-12T11:35:10Z
https://boxd.it/2sjI,The Lovers,1994,3.98,1702,,2026-08-12T11:35:10Z
https://boxd.it/26li,The Lovers on the Bridge,1991,4.22,64231,,2026-08-12T11:35:11Z
https://boxd.it/2n8Vi1,The Lovers on the Bridge,1991,4.5,,,2026-08-12T11:35:11Z
https://boxd.it/5MOs,The Lunchbox,2013,4.09,88258,,2026-08-12T11:35:12Z
https://boxd.it/WcBC3,The Lunchbox,2013,3.5,,,2026-08-12T11:35:12Z
https://boxd.it/bb9E,The Lynx,1982,3.73,1112,,2026-08-12T11:35:13Z
https://boxd.it/248c,The Machinist,2004,3.79,460251,,2026-08-12T11:35:14Z
https://boxd.it/WcBNZ,The Machinist,2004,4.0,,,2026-08-12T11:35:14Z
https://boxd.it/29H2,The Mad Adventures of Rabbi Jacob,1973,3.81,42512,,2026-08-12T11:35:15Z
https://boxd.it/1WHe,The Madagascar Penguins in a Christmas Caper,2005,3.52,11878,,2026-08-12T11:35:16Z
https://boxd.it/20xW,The Magdalene Sisters,2002,3.84,15796,,2026-08-12T11:35:16Z
https://boxd.it/29bA,The Magnificent Seven,1960,3.84,79961,,2026-08-12T11:35:17Z
https://boxd.it/EAuU,The Makanai: Cooking for the Maiko House,2023,4.13,7376,,2026-08-12T11:35:17Z
https://boxd.it/29c4,The Maltese Falcon,1941,3.91,155971,,2026-08-12T11:35:18Z
https://boxd.it/1Ql2,The Man from Earth,2007,3.78,158622,,2026-08-12T11:35:19Z
https://boxd.it/AZy,The Man from Nowhere,2010,3.89,63865,,2026-08-12T11:35:19Z
https://boxd.it/WcCnt,The Man Who Feels No Pain,2018,3.5,,,2026-08-12T11:35:21Z
https://boxd.it/jK5y,The Man Who Feels No Pain,2018,3.52,7687,,2026-08-12T11:35:20Z
https://boxd.it/2a5S,The Man Who Knew Too Much,1956,3.73,99285,,2026-08-12T11:35:22Z
https://boxd.it/3y0E,The Man Who Left His Will on Film,1970,3.67,4114,,2026-08-12T11:35:23Z
https://boxd.it/28MK,The Man Who Loved Women,1977,3.65,8630,,2026-08-12T11:35:23Z
https://boxd.it/FKS,The Man Who Planted Trees,1987,4.25,11255,,2026-08-12T11:35:24Z
https://boxd.it/1XH9UH,The Man Who Sleeps,1974,5.0,,,2026-08-12T11:35:26Z
https://boxd.it/3xwE,The Man Who Sleeps,1974,4.2,53229,,2026-08-12T11:35:25Z
https://boxd.it/igK,The Man Who Stole the Sun,1979,4.06,7200,,2026-08-12T11:35:26Z
https://boxd.it/212g,The Man Without a Past,2002,3.97,44030,,2026-08-12T11:35:27Z
https://boxd.it/WcCz5,The Manson Family Massacre,2019,4.0,,,2026-08-12T11:35:28Z
https://boxd.it/mTGk,The Manson Family Massacre,2019,2.48,379,,2026-08-12T11:35:28Z
https://boxd.it/1nsI,The Marathon Family,1982,3.99,6371,,2026-08-12T11:35:29Z
https://boxd.it/2mW,The Margin,1976,3.19,2853,,2026-08-12T11:35:30Z
https://boxd.it/29Su,The Marriage of Maria Braun,1979,4.04,27754,,2026-08-12T11:35:30Z
https://boxd.it/1cEQ6V,The Martian,2015,4.0,,,2026-08-12T11:35:32Z
https://boxd.it/8SeG,The Martian,2015,3.82,1893609,,2026-08-12T11:35:31Z
https://boxd.it/fjQ,The Mass Is Ended,1985,3.78,4999,,2026-08-12T11:35:33Z
https://boxd.it/2cBG,The Master,2012,3.98,484663,,2026-08-12T11:35:33Z
https://boxd.it/82hXaZ,The Master,2012,4.0,,,2026-08-12T11:35:34Z
https://boxd.it/20Je,The Match Factory Girl,1990,3.94,39235,,2026-08-12T11:35:35Z
https://boxd.it/cc0DSF,The Match Factory Girl,1990,3.0,,,2026-08-12T11:35:35Z
https://boxd.it/2a1m,The Matrix,1999,4.18,3004159,,2026-08-12T11:35:36Z
https://boxd.it/WcBq7,The Matrix,1999,4.5,,,2026-08-12T11:35:36Z
https://boxd.it/1gZq,The Meaning of Life,2005,3.8,6595,,2026-08-12T11:35:37Z
https://boxd.it/30hajv,The Meetings of Anna,1978,3.5,,,2026-08-12T11:35:38Z
https://boxd.it/3gEG,The Meetings of Anna,1978,4.1,16399,,2026-08-12T11:35:38Z
https://boxd.it/4h3BZV,The Menu,2022,4.0,,,2026-08-12T11:35:39Z
https://boxd.it/lScm,The Menu,2022,3.53,3278255,,2026-08-12T11:35:39Z
https://boxd.it/1t3E,The Message,1976,3.95,17455,,2026-08-12T11:35:40Z
https://boxd.it/xg6E,The Message,1976,4.22,7824,,2026-08-12T11:35:41Z
https://boxd.it/oJsw,The Metamorphosis of Birds,2020,4.18,15431,,2026-08-12T11:35:41Z
https://boxd.it/1xigkR,The Middleman,1975,4.5,,,2026-08-12T11:35:42Z
https://boxd.it/42wq,The Middleman,1975,3.97,1778,,2026-08-12T11:35:42Z
https://boxd.it/xlUa,The Midnight Gospel,2020,4.41,42915,,2026-08-12T11:35:43Z
https://boxd.it/1cVk,The Milky Way,1969,3.65,8908,,2026-08-12T11:35:44Z
https://boxd.it/wyNu,The Miniaturist of Junagadh,2021,3.72,459,,2026-08-12T11:35:44Z
https://boxd.it/10Iy,The Mirror,1997,3.98,10744,,2026-08-12T11:35:45Z
https://boxd.it/1SqI,The Missing,2003,3.17,16510,,2026-08-12T11:35:46Z
https://boxd.it/22r2,The Mist,2007,3.45,491886,,2026-08-12T11:35:46Z
https://boxd.it/2n8VFz,The Mitchells vs. the Machines,2021,4.5,,,2026-08-12T11:35:48Z
https://boxd.it/i7xm,The Mitchells vs. the Machines,2021,3.82,667203,,2026-08-12T11:35:47Z
https://boxd.it/SCkg,The Moment,2026,3.43,221664,,2026-08-12T11:35:48Z
https://boxd.it/G0jK,The Monk and the Gun,2023,3.75,13236,,2026-08-12T11:35:49Z
https://boxd.it/e7fE,The Most Hated Woman in America,2017,2.79,7660,,2026-08-12T11:35:50Z
https://boxd.it/7eGIif,The Mother and the Whore,1973,4.5,,,2026-08-12T11:35:51Z
https://boxd.it/HQe,The Mother and the Whore,1973,4.15,23591,,2026-08-12T11:35:50Z
https://boxd.it/ic8G,The Mountain,2018,3.17,4934,,2026-08-12T11:35:52Z
https://boxd.it/3gEm,The Mouth Agape,1974,3.91,4410,,2026-08-12T11:35:53Z
https://boxd.it/48qy,The Movie Orgy,1968,4.0,1653,,2026-08-12T11:35:53Z
https://boxd.it/QPO,The Music Box,1932,3.88,8456,,2026-08-12T11:35:54Z
https://boxd.it/2neI,The Music Lovers,1971,3.77,4158,,2026-08-12T11:35:55Z
https://boxd.it/1cEQcJ,The Music Room,1958,4.5,,,2026-08-12T11:35:56Z
https://boxd.it/29x2,The Music Room,1958,4.05,15343,,2026-08-12T11:35:55Z
https://boxd.it/xR4q,The Mysterious Gaze of the Flamingo,2025,3.89,32543,,2026-08-12T11:35:56Z
https://boxd.it/2pZQ,The Mystery of Picasso,1956,3.81,5150,,2026-08-12T11:35:57Z
https://boxd.it/18YE,The Naked Gun: From the Files of Police Squad!,1988,3.74,465531,,2026-08-12T11:35:58Z
https://boxd.it/aJS5pX,The Naked Gun: From the Files of Police Squad!,1988,3.0,,,2026-08-12T11:35:58Z
https://boxd.it/1JJG,The Namesake,2006,3.83,22660,,2026-08-12T11:35:59Z
https://boxd.it/1cEQ9b,The Namesake,2006,4.0,,,2026-08-12T11:35:59Z
https://boxd.it/ym6i,The Nature of Love,2023,3.57,32271,,2026-08-12T11:36:00Z
https://boxd.it/1YbO,The Negotiator,1998,3.6,88872,,2026-08-12T11:36:01Z
https://boxd.it/m92e,The Neighbors' Window,2019,3.37,34137,,2026-08-12T11:36:01Z
https://boxd.it/1TVW,The New World,2005,3.79,71655,,2026-08-12T11:36:02Z
https://boxd.it/1XHa2r,The Nice Guys,2016,3.0,,,2026-08-12T11:36:03Z
https://boxd.it/94Hg,The Nice Guys,2016,3.83,1313815,,2026-08-12T11:36:02Z
https://boxd.it/WcBDb,The Night Of,2016,4.5,,,2026-08-12T11:36:04Z
https://boxd.it/eC1I,The Night Of,2016,4.26,55720,,2026-08-12T11:36:03Z
https://boxd.it/1nuLGN,The Night of the Hunter,1955,4.0,,,2026-08-12T11:36:05Z
https://boxd.it/25HW,The Night of the Hunter,1955,4.26,260570,,2026-08-12T11:36:05Z
https://boxd.it/XFm,The Night of the Shooting Stars,1982,3.7,4467,,2026-08-12T11:36:06Z
https://boxd.it/1tsk,The Night Porter,1974,3.38,28848,,2026-08-12T11:36:06Z
https://boxd.it/1YzQ,The Nightmare Before Christmas,1993,3.97,1932842,,2026-08-12T11:36:07Z
https://boxd.it/1cEPTR,The Nightmare Before Christmas,1993,4.5,,,2026-08-12T11:36:08Z
https://boxd.it/3xKc,The Noisy Requiem,1988,3.88,1675,,2026-08-12T11:36:08Z
https://boxd.it/RIHe,The Non-Actor,2025,3.74,14869,,2026-08-12T11:36:09Z
https://boxd.it/22oi,The Northerners,1992,3.65,2945,,2026-08-12T11:36:09Z
https://boxd.it/30h9Vj,The Northman,2022,4.0,,,2026-08-12T11:36:11Z
https://boxd.it/nK2s,The Northman,2022,3.77,948905,,2026-08-12T11:36:10Z
https://boxd.it/WbK,The Nun,1966,3.97,14445,,2026-08-12T11:36:12Z
https://boxd.it/QFQU,The Odyssey,2026,4.38,3414497,,2026-08-12T11:36:13Z
https://boxd.it/fBixkx,The Odyssey,2026,4.0,,,2026-08-12T11:36:13Z
https://boxd.it/153j4,The Odyssey: The Making of an Epic,2026,3.8,2711,,2026-08-12T11:36:14Z
https://boxd.it/GSI,The Office,1966,4.12,14655,,2026-08-12T11:36:14Z
https://boxd.it/1nS2,The Official Story,1985,3.99,32650,,2026-08-12T11:36:15Z
https://boxd.it/fd1q,The Old Man & the Gun,2018,3.54,58300,,2026-08-12T11:36:16Z
https://boxd.it/2l3y,The Opening of Misty Beethoven,1976,3.54,1365,,2026-08-12T11:36:16Z
https://boxd.it/cs0Yw5,The Opening of Misty Beethoven,1976,3.0,,,2026-08-12T11:36:17Z
https://boxd.it/gwy6,The Originals,2017,3.37,4254,,2026-08-12T11:36:17Z
https://boxd.it/vFI,The Other Side of the Underneath,1972,3.66,3987,,2026-08-12T11:36:18Z
https://boxd.it/9w5Y,The Other Side of the Wind,2018,3.7,22638,,2026-08-12T11:36:19Z
https://boxd.it/5Q3U,The Other Woman,2014,3.13,246566,,2026-08-12T11:36:19Z
https://boxd.it/27Po,The Others,2001,3.79,611072,,2026-08-12T11:36:20Z
https://boxd.it/WcBBz,The Others,2001,4.0,,,2026-08-12T11:36:21Z
https://boxd.it/5IIA,The Pacific,2010,4.19,54680,,2026-08-12T11:36:21Z
https://boxd.it/4h3BSl,The Package,2018,1.0,,,2026-08-12T11:36:22Z
https://boxd.it/ibD4,The Package,2018,2.25,80608,,2026-08-12T11:36:22Z
https://boxd.it/5T7U,The Palace of Angels,1970,3.81,1214,,2026-08-12T11:36:23Z
https://boxd.it/1rwu,The Panic in Needle Park,1971,3.73,72629,,2026-08-12T11:36:23Z
https://boxd.it/1ILG,The Parallax View,1974,3.85,63674,,2026-08-12T11:36:24Z
https://boxd.it/5PSC,The Parallel Street,1962,3.76,735,,2026-08-12T11:36:25Z
https://boxd.it/QBW,The Paranoids,2008,3.69,7116,,2026-08-12T11:36:25Z
https://boxd.it/1XJq,The Parent Trap,1998,3.82,1339518,,2026-08-12T11:36:26Z
https://boxd.it/1Y8q,The Passenger,1975,3.98,46695,,2026-08-12T11:36:26Z
https://boxd.it/5ha2,The Passengers,1999,3.62,345,,2026-08-12T11:36:27Z
https://boxd.it/Wus,The Passion of Anna,1969,3.93,20211,,2026-08-12T11:36:28Z
https://boxd.it/1nuLsL,The Passion of Joan of Arc,1928,4.0,,,2026-08-12T11:36:29Z
https://boxd.it/29DO,The Passion of Joan of Arc,1928,4.42,155848,,2026-08-12T11:36:28Z
https://boxd.it/29ZK,The Passion of the Christ,2004,3.61,231816,,2026-08-12T11:36:29Z
https://boxd.it/4Ovg,The Past,2013,3.86,27380,,2026-08-12T11:36:30Z
https://boxd.it/1cEQ9F,The Peanut Butter Falcon,2019,3.5,,,2026-08-12T11:36:31Z
https://boxd.it/gzu2,The Peanut Butter Falcon,2019,3.85,319634,,2026-08-12T11:36:31Z
https://boxd.it/59xi,The Pear Tree,1998,3.82,2684,,2026-08-12T11:36:32Z
https://boxd.it/rwWa,The Peasants,2023,3.89,48527,,2026-08-12T11:36:33Z
https://boxd.it/28rs,The People vs. Larry Flynt,1996,3.61,57832,,2026-08-12T11:36:34Z
https://boxd.it/TRy,The Perfect Human,1968,3.61,4204,,2026-08-12T11:36:34Z
https://boxd.it/jgxW,The Perfection,2018,2.91,144477,,2026-08-12T11:36:35Z
https://boxd.it/2ZA8,The Perks of Being a Wallflower,2012,4.04,3489756,,2026-08-12T11:36:35Z
https://boxd.it/WcBuj,The Perks of Being a Wallflower,2012,4.0,,,2026-08-12T11:36:36Z
https://boxd.it/1e48,The Pervert's Guide to Cinema,2005,3.91,12814,,2026-08-12T11:36:36Z
https://boxd.it/4bOI,The Pervert's Guide to Ideology,2012,3.9,17521,,2026-08-12T11:36:37Z
https://boxd.it/q0ng,The Pet Girl of Sakurasou,2012,3.58,2430,,2026-08-12T11:36:37Z
https://boxd.it/l4s,The Phantom Carriage,1921,4.07,36835,,2026-08-12T11:36:38Z
https://boxd.it/1XHu,The Phantom of the Opera,2004,3.67,277093,,2026-08-12T11:36:39Z
https://boxd.it/1nuLtf,The Phantom of the Opera at the Royal Albert Hall,2011,5.0,,,2026-08-12T11:36:40Z
https://boxd.it/2CMK,The Phantom of the Opera at the Royal Albert Hall,2011,4.4,33759,,2026-08-12T11:36:39Z
https://boxd.it/2aqc,The Pianist,2002,4.41,1326938,,2026-08-12T11:36:41Z
https://boxd.it/WcBEX,The Pianist,2002,4.5,,,2026-08-12T11:36:41Z
https://boxd.it/29Kq,The Piano,1993,3.85,138491,,2026-08-12T11:36:42Z
https://boxd.it/1XH9WX,The Piano Teacher,2001,4.0,,,2026-08-12T11:36:43Z
https://boxd.it/2886,The Piano Teacher,2001,4.05,396560,,2026-08-12T11:36:42Z
https://boxd.it/5LdA,The Piano Tuner,2010,3.97,3687,,2026-08-12T11:36:43Z
https://boxd.it/WcBxn,The Piano Tuner,2010,4.0,,,2026-08-12T11:36:44Z
https://boxd.it/1tW0,The Pillow Book,1995,3.51,12556,,2026-08-12T11:36:45Z
https://boxd.it/8gcW,The Pit and the Pendulum,1964,3.7,609,,2026-08-12T11:36:45Z
https://boxd.it/QMbO,The Plague,2025,3.61,52635,,2026-08-12T11:36:46Z
https://boxd.it/1WlM,The Player,1992,4.02,141117,,2026-08-12T11:36:47Z
https://boxd.it/ilbu,The Portuguese Woman,2018,3.69,1712,,2026-08-12T11:36:47Z
https://boxd.it/3xFm,The Possessed,1965,3.59,5534,,2026-08-12T11:36:48Z
https://boxd.it/1URG,The Postman,1994,3.99,37074,,2026-08-12T11:36:49Z
https://boxd.it/1nuLlP,The Postman,1994,4.0,,,2026-08-12T11:36:49Z
https://boxd.it/293w,The Prestige,2006,4.3,2081872,,2026-08-12T11:36:50Z
https://boxd.it/WcC0z,The Prestige,2006,4.5,,,2026-08-12T11:36:50Z
https://boxd.it/3WXK,The Priest and the Girl,1966,3.81,5463,,2026-08-12T11:36:51Z
https://boxd.it/1nuLTd,The Princess Bride,1987,4.0,,,2026-08-12T11:36:53Z
https://boxd.it/26EY,The Princess Bride,1987,4.09,1183593,,2026-08-12T11:36:52Z
https://boxd.it/szM,The Professional,2003,4.06,2896,,2026-08-12T11:36:53Z
https://boxd.it/B1hA,The Promised Land,2023,3.99,73692,,2026-08-12T11:36:54Z
https://boxd.it/1cEQnx,The Promised Neverland,2020,5.0,,,2026-08-12T11:36:55Z
https://boxd.it/nwzs,The Promised Neverland,2020,3.42,3611,,2026-08-12T11:36:55Z
https://boxd.it/1ray,The Psychic,1977,3.55,17476,,2026-08-12T11:36:56Z
https://boxd.it/2tAU,The Public Woman,1984,3.66,4547,,2026-08-12T11:36:57Z
https://boxd.it/1VeU,The Purple Rose of Cairo,1985,3.97,83546,,2026-08-12T11:36:57Z
https://boxd.it/63csIz,The Purple Rose of Cairo,1985,3.5,,,2026-08-12T11:36:58Z
https://boxd.it/28PE,The Pursuit of Happyness,2006,4.01,1174218,,2026-08-12T11:36:59Z
https://boxd.it/WcBXl,The Pursuit of Happyness,2006,4.0,,,2026-08-12T11:36:59Z
https://boxd.it/GrjW,The Queen of My Dreams,2023,3.7,6812,,2026-08-12T11:37:00Z
https://boxd.it/yvgm,The Quiet Girl,2022,4.1,97328,,2026-08-12T11:37:00Z
https://boxd.it/1SD8,The Rainmaker,1997,3.57,83421,,2026-08-12T11:37:01Z
https://boxd.it/28Om,The Rapture,1991,3.39,7671,,2026-08-12T11:37:02Z
https://boxd.it/2lnS,The Raspberry Reich,2004,3.53,3763,,2026-08-12T11:37:02Z
https://boxd.it/6J3K,The Ravishing of Frank N. Stein,1982,3.96,5096,,2026-08-12T11:37:03Z
https://boxd.it/d1r8,The Real Vikings,2013,3.76,1243,,2026-08-12T11:37:04Z
https://boxd.it/1Mxo,The Red Balloon,1956,4.1,57016,,2026-08-12T11:37:04Z
https://boxd.it/cHxg,The Red Pill,2016,2.94,4265,,2026-08-12T11:37:05Z
https://boxd.it/1EXI,The Red Shoes,1948,4.41,175805,,2026-08-12T11:37:06Z
https://boxd.it/K464,The Red Thread,2023,3.81,643,,2026-08-12T11:37:06Z
https://boxd.it/bdkE,The Red Turtle,2016,3.85,100121,,2026-08-12T11:37:07Z
https://boxd.it/291A,The Remains of the Day,1993,3.97,82879,,2026-08-12T11:37:08Z
https://boxd.it/Iftk,The Remarkable Life of Ibelin,2024,4.12,41164,,2026-08-12T11:37:09Z
https://boxd.it/1UpM,The Return,2003,4.15,39730,,2026-08-12T11:37:10Z
https://boxd.it/1YoS,The Right Stuff,1983,4.02,41372,,2026-08-12T11:37:11Z
https://boxd.it/Q3K,The River,1951,3.8,13229,,2026-08-12T11:37:11Z
https://boxd.it/uEk,The River,1997,3.91,11503,,2026-08-12T11:37:12Z
https://boxd.it/1CWI,The Road,2009,3.67,210242,,2026-08-12T11:37:12Z
https://boxd.it/4evO,The Rocking Horsemen,1992,4.11,2634,,2026-08-12T11:37:13Z
https://boxd.it/1ICY,The Room,2003,2.58,276018,,2026-08-12T11:37:14Z
https://boxd.it/1KlA,The Rose,1979,3.6,4992,,2026-08-12T11:37:15Z
https://boxd.it/LGC,The Rose King,1986,3.77,1376,,2026-08-12T11:37:15Z
https://boxd.it/3idC,The Round-Up,1966,3.95,6050,,2026-08-12T11:37:16Z
https://boxd.it/1XH9Y5,The Royal Tenenbaums,2001,3.5,,,2026-08-12T11:37:18Z
https://boxd.it/1YHU,The Royal Tenenbaums,2001,4.11,1066362,,2026-08-12T11:37:17Z
https://boxd.it/6yLw,The Ruins,1984,3.67,415,,2026-08-12T11:37:18Z
https://boxd.it/29Es,The Rules of the Game,1939,4.05,61649,,2026-08-12T11:37:19Z
https://boxd.it/1xg8,The Sacrifice,1986,4.28,99292,,2026-08-12T11:37:20Z
https://boxd.it/d2we,The Salesman,2016,3.93,62816,,2026-08-12T11:37:20Z
https://boxd.it/7Uyc,The Salt of the Earth,2014,4.24,35547,,2026-08-12T11:37:21Z
https://boxd.it/10t6g,The Samurai and the Prisoner,2026,3.56,6888,,2026-08-12T11:37:22Z
https://boxd.it/I7O,The Sandman,1991,3.83,10074,,2026-08-12T11:37:22Z
https://boxd.it/1ZPA,The Saragossa Manuscript,1965,4.06,8332,,2026-08-12T11:37:23Z
https://boxd.it/1iTO,The Scarlet Empress,1934,3.91,11680,,2026-08-12T11:37:24Z
https://boxd.it/1EWq,The Scent of Green Papaya,1993,3.78,22938,,2026-08-12T11:37:25Z
https://boxd.it/2aEe,The Science of Sleep,2006,3.69,55359,,2026-08-12T11:37:26Z
https://boxd.it/eYtO,The Scooby-Doo Project,1999,3.83,17394,,2026-08-12T11:37:26Z
https://boxd.it/27S8,The Sea Inside,2004,3.84,41403,,2026-08-12T11:37:27Z
https://boxd.it/25HC,The Searchers,1956,3.94,144548,,2026-08-12T11:37:27Z
https://boxd.it/3VaC,The Seashell and the Clergyman,1928,3.61,7800,,2026-08-12T11:37:28Z
https://boxd.it/4CB2,The Second Circle,1990,3.79,1412,,2026-08-12T11:37:29Z
https://boxd.it/9Ydm,The Second Mother,2015,4.15,147691,,2026-08-12T11:37:29Z
https://boxd.it/eQ34,The Second Night,2016,4.28,2576,,2026-08-12T11:37:30Z
https://boxd.it/1nuLAv,The Second Renaissance Part I,2003,4.5,,,2026-08-12T11:37:31Z
https://boxd.it/1xOk,The Second Renaissance Part I,2003,3.83,5927,,2026-08-12T11:37:31Z
https://boxd.it/1nuLBD,The Second Renaissance Part II,2003,5.0,,,2026-08-12T11:37:32Z
https://boxd.it/1xOa,The Second Renaissance Part II,2003,3.87,5790,,2026-08-12T11:37:32Z
https://boxd.it/UECA,The Second Time Around,2025,3.89,1201,,2026-08-12T11:37:33Z
https://boxd.it/bEZY,The Secret Garden,1988,4.03,2054,,2026-08-12T11:37:33Z
https://boxd.it/1cEPXT,The Secret in Their Eyes,2009,4.5,,,2026-08-12T11:37:35Z
https://boxd.it/1vWw,The Secret in Their Eyes,2009,4.24,212479,,2026-08-12T11:37:34Z
https://boxd.it/20q2,The Secret of the Grain,2007,3.91,10059,,2026-08-12T11:37:36Z
https://boxd.it/AF4,The Secret World of Arrietty,2010,3.88,550184,,2026-08-12T11:37:36Z
https://boxd.it/MKo4,The Seed of the Sacred Fig,2024,4.01,116058,,2026-08-12T11:37:37Z
https://boxd.it/4dcm,The Seine Meets Paris,1957,3.63,440,,2026-08-12T11:37:37Z
https://boxd.it/VAa,The Servant,1963,4.12,34406,,2026-08-12T11:37:38Z
https://boxd.it/3NXQ,The Sessions,2012,3.56,13950,,2026-08-12T11:37:39Z
https://boxd.it/1gB4,The Seventh Continent,1989,4.02,42702,,2026-08-12T11:37:39Z
https://boxd.it/1cEQcp,The Seventh Seal,1957,4.5,,,2026-08-12T11:37:40Z
https://boxd.it/2ahO,The Seventh Seal,1957,4.32,430947,,2026-08-12T11:37:40Z
https://boxd.it/2aHi,The Shawshank Redemption,1994,4.6,3015460,,2026-08-12T11:37:41Z
https://boxd.it/WcBjv,The Shawshank Redemption,1994,4.5,,,2026-08-12T11:37:41Z
https://boxd.it/29Nu,The Shining,1980,4.22,3320886,,2026-08-12T11:37:43Z
https://boxd.it/WcCpJ,The Shining,1980,4.5,,,2026-08-12T11:37:43Z
https://boxd.it/1o8E,The Shiver of the Vampires,1971,3.3,7775,,2026-08-12T11:37:44Z
https://boxd.it/1DFy,The Shop Around the Corner,1940,4.18,102190,,2026-08-12T11:37:45Z
https://boxd.it/2n8Vwn,The Shop Around the Corner,1940,4.0,,,2026-08-12T11:37:46Z
https://boxd.it/1uSI,The Shop on Main Street,1965,4.22,10203,,2026-08-12T11:37:47Z
https://boxd.it/G1E,The Short & Curlies,1987,3.44,4542,,2026-08-12T11:37:47Z
https://boxd.it/1TH6,The Silence,1963,3.97,36601,,2026-08-12T11:37:48Z
https://boxd.it/2aHW,The Silence of the Lambs,1991,4.34,3253028,,2026-08-12T11:37:49Z
https://boxd.it/WcBgh,The Silence of the Lambs,1991,4.5,,,2026-08-12T11:37:49Z
https://boxd.it/fDFm,The Sisters Brothers,2018,3.57,94732,,2026-08-12T11:37:50Z
https://boxd.it/29Js,The Sixth Sense,1999,4.11,1470061,,2026-08-12T11:37:51Z
https://boxd.it/WcBuD,The Sixth Sense,1999,4.0,,,2026-08-12T11:37:51Z
https://boxd.it/99A,The Skin I Live In,2011,3.78,378356,,2026-08-12T11:37:52Z
https://boxd.it/5tru,The Skywalk Is Gone,2002,3.55,3587,,2026-08-12T11:37:52Z
https://boxd.it/Mm4,The So-Called Caryatids,1984,3.75,5040,,2026-08-12T11:37:53Z
https://boxd.it/1nuLnh,The Social Dilemma,2020,4.0,,,2026-08-12T11:37:54Z
https://boxd.it/opQI,The Social Dilemma,2020,3.27,186230,,2026-08-12T11:37:54Z
https://boxd.it/5rkw,The Social Life of Small Urban Spaces,1980,4.1,1396,,2026-08-12T11:37:55Z
https://boxd.it/17ue,The Social Network,2010,3.92,2776954,,2026-08-12T11:37:56Z
https://boxd.it/1cEPXz,The Social Network,2010,4.5,,,2026-08-12T11:37:57Z
https://boxd.it/28eI,The Soft Skin,1964,3.76,14392,,2026-08-12T11:37:58Z
https://boxd.it/1TPE,The Son's Room,2001,3.85,24893,,2026-08-12T11:37:59Z
https://boxd.it/NFgQ,The Sorrow and the Pity,1969,4.18,4353,,2026-08-12T11:37:59Z
https://boxd.it/KyC,The Soul Keeper,2003,3.37,973,,2026-08-12T11:38:00Z
https://boxd.it/1MLK,The Sound of Music,1965,4.25,711229,,2026-08-12T11:38:00Z
https://boxd.it/fB4y,The Sound of the Shaking Earth,1990,3.82,793,,2026-08-12T11:38:01Z
https://boxd.it/Mnc,The South,1988,3.87,2472,,2026-08-12T11:38:02Z
https://boxd.it/gXU4,The Souvenir,2019,3.48,63886,,2026-08-12T11:38:03Z
https://boxd.it/gXTK,The Souvenir: Part II,2021,3.87,25917,,2026-08-12T11:38:04Z
https://boxd.it/28Cq,The Spanish Apartment,2002,3.67,55414,,2026-08-12T11:38:04Z
https://boxd.it/1XH9Tp,The Spectacular Now,2013,4.5,,,2026-08-12T11:38:05Z
https://boxd.it/4VSG,The Spectacular Now,2013,3.2,290660,,2026-08-12T11:38:05Z
https://boxd.it/24eY,The Spirit of the Beehive,1973,4.15,60134,,2026-08-12T11:38:06Z
https://boxd.it/1PQS,The Spy Who Came In from the Cold,1965,3.9,20603,,2026-08-12T11:38:07Z
https://boxd.it/e5YW,The Square,2017,3.61,147513,,2026-08-12T11:38:07Z
https://boxd.it/39c6,The Staircase,2004,3.83,15744,,2026-08-12T11:38:08Z
https://boxd.it/9QQK,The Stanford Prison Experiment,2015,3.47,79604,,2026-08-12T11:38:09Z
https://boxd.it/3gkQ,The Starfish,1928,3.71,4569,,2026-08-12T11:38:09Z
https://boxd.it/1Z5s,The Sting,1973,4.21,220740,,2026-08-12T11:38:10Z
https://boxd.it/1cEQh5,The Sting,1973,4.5,,,2026-08-12T11:38:10Z
https://boxd.it/32eu,The Stoneman Murders,2009,3.35,1466,,2026-08-12T11:38:11Z
https://boxd.it/3IRo,The Store,1983,3.89,3177,,2026-08-12T11:38:12Z
https://boxd.it/UPwy,"The Story of ""Scénario""",2025,3.77,612,,2026-08-12T11:38:12Z
https://boxd.it/A10C,The Story of Film: An Odyssey,2011,4.23,7853,,2026-08-12T11:38:13Z
https://boxd.it/2KoG,The Story of Marie and Julien,2003,3.98,2369,,2026-08-12T11:38:14Z
https://boxd.it/4UZc,The Story of Sin,1975,3.5,1333,,2026-08-12T11:38:15Z
https://boxd.it/O1i,The Story of the Last Chrysanthemum,1939,4.13,9743,,2026-08-12T11:38:15Z
https://boxd.it/2ass,The Straight Story,1999,4.2,183330,,2026-08-12T11:38:16Z
https://boxd.it/wCU,The Strange Case of Angelica,2010,3.7,5417,,2026-08-12T11:38:16Z
https://boxd.it/15U,The Strange Case of Dr. Jekyll and Miss Osbourne,1981,3.38,4683,,2026-08-12T11:38:17Z
https://boxd.it/56Vw,The Strange Little Cat,2013,3.63,2597,,2026-08-12T11:38:18Z
https://boxd.it/56nO,The Strange Thing About the Johnsons,2011,3.13,169578,,2026-08-12T11:38:18Z
https://boxd.it/2n8VhR,The Stranger,1991,4.5,,,2026-08-12T11:38:19Z
https://boxd.it/YxS,The Stranger,1991,3.96,6426,,2026-08-12T11:38:19Z
https://boxd.it/7EvQ,The Street Player,1983,4.06,6623,,2026-08-12T11:38:20Z
https://boxd.it/sZ7M,The Strokes: MTV $2 Bill Concert,2002,4.5,4112,,2026-08-12T11:38:21Z
https://boxd.it/3SfO,The Struggle,1977,3.89,1732,,2026-08-12T11:38:21Z
https://boxd.it/7yLsg3,The Substance,2024,3.5,,,2026-08-12T11:38:22Z
https://boxd.it/zanS,The Substance,2024,3.73,3747865,,2026-08-12T11:38:22Z
https://boxd.it/JBq,The Sun in a Net,1963,3.87,2372,,2026-08-12T11:38:23Z
https://boxd.it/1WNm,The Sweet Hereafter,1997,3.87,26288,,2026-08-12T11:38:24Z
https://boxd.it/1ffG,The Swimmer,1968,4.05,50864,,2026-08-12T11:38:26Z
https://boxd.it/23BC,The Swimming Pool,1969,3.75,87767,,2026-08-12T11:38:27Z
https://boxd.it/4XJGYl,The Swimming Pool,1969,3.5,,,2026-08-12T11:38:27Z
https://boxd.it/1EoS,The Sword of Doom,1966,4.14,28380,,2026-08-12T11:38:28Z
https://boxd.it/20lG,The Taking of Pelham One Two Three,1974,4.07,84862,,2026-08-12T11:38:29Z
https://boxd.it/cOkI,The Tale,2018,3.9,45788,,2026-08-12T11:38:29Z
https://boxd.it/1cEQ41,The Tale of The Princess Kaguya,2013,4.0,,,2026-08-12T11:38:30Z
https://boxd.it/4JQI,The Tale of The Princess Kaguya,2013,4.26,322042,,2026-08-12T11:38:30Z
https://boxd.it/2924,The Talented Mr. Ripley,1999,3.88,673137,,2026-08-12T11:38:31Z
https://boxd.it/UX8,The Tall T,1957,3.81,12146,,2026-08-12T11:38:31Z
https://boxd.it/eqw9jL,The Tall T,1957,4.0,,,2026-08-12T11:38:32Z
https://boxd.it/WcCoV,The Tashkent Files,2019,4.5,,,2026-08-12T11:38:33Z
https://boxd.it/lV6m,The Tashkent Files,2019,3.2,2081,,2026-08-12T11:38:33Z
https://boxd.it/1Mse,The Taste of Tea,2004,4.2,28572,,2026-08-12T11:38:34Z
https://boxd.it/63crM1,The Taste of Things,2023,4.0,,,2026-08-12T11:38:35Z
https://boxd.it/Arke,The Taste of Things,2023,3.97,97781,,2026-08-12T11:38:35Z
https://boxd.it/oL50,The Tatami Galaxy,2010,4.48,23218,,2026-08-12T11:38:36Z
https://boxd.it/BINY,The Teachers' Lounge,2023,3.78,126368,,2026-08-12T11:38:36Z
https://boxd.it/40sm,The Telephone Book,1971,3.61,3024,,2026-08-12T11:38:37Z
https://boxd.it/Mps,The Temptation of St. Tony,2009,3.89,1532,,2026-08-12T11:38:38Z
https://boxd.it/21mg,The Ten Commandments,1956,3.86,61122,,2026-08-12T11:38:38Z
https://boxd.it/1TKk,The Tenant,1976,3.86,74225,,2026-08-12T11:38:39Z
https://boxd.it/2aQY,The Terminator,1984,3.88,1066264,,2026-08-12T11:38:40Z
https://boxd.it/WcCuf,The Terminator,1984,4.0,,,2026-08-12T11:38:40Z
https://boxd.it/RTTU,The Testament of Ann Lee,2025,3.44,123331,,2026-08-12T11:38:41Z
https://boxd.it/1Sia,The Testament of Dr. Mabuse,1933,4.03,19521,,2026-08-12T11:38:42Z
https://boxd.it/1lcS,The Texas Chain Saw Massacre,1974,3.78,978634,,2026-08-12T11:38:42Z
https://boxd.it/7YtA,The Theory of Everything,2014,3.64,673502,,2026-08-12T11:38:43Z
https://boxd.it/WcBIb,The Theory of Everything,2014,4.0,,,2026-08-12T11:38:43Z
https://boxd.it/1OnK,The Thin Blue Line,1988,4.06,48276,,2026-08-12T11:38:44Z
https://boxd.it/1ZTM,The Thin Red Line,1998,4.09,214559,,2026-08-12T11:38:45Z
https://boxd.it/294O,The Thing,1982,4.35,1378200,,2026-08-12T11:38:45Z
https://boxd.it/WcCrZ,The Thing,1982,4.0,,,2026-08-12T11:38:46Z
https://boxd.it/1cEQ83,The Third Man,1949,4.5,,,2026-08-12T11:38:47Z
https://boxd.it/294E,The Third Man,1949,4.24,202611,,2026-08-12T11:38:46Z
https://boxd.it/Miw,The Third Part of the Night,1971,3.85,13231,,2026-08-12T11:38:48Z
https://boxd.it/294Y,The Thirteenth Floor,1999,3.28,31967,,2026-08-12T11:38:48Z
https://boxd.it/Oc6,The Time to Live and the Time to Die,1985,4.03,11474,,2026-08-12T11:38:49Z
https://boxd.it/29SO,The Tin Drum,1979,3.71,22358,,2026-08-12T11:38:50Z
https://boxd.it/2CGLrP,The Tragedy of Macbeth,2021,4.5,,,2026-08-12T11:38:51Z
https://boxd.it/lMi4,The Tragedy of Macbeth,2021,3.79,199681,,2026-08-12T11:38:50Z
https://boxd.it/3SeQ,The Tragedy of Man,2011,4.13,4388,,2026-08-12T11:38:51Z
https://boxd.it/29Oi,The Travelling Players,1975,4.14,6705,,2026-08-12T11:38:52Z
https://boxd.it/25Lk,The Treasure of the Sierra Madre,1948,4.3,92636,,2026-08-12T11:38:52Z
https://boxd.it/1Zu8,The Tree of Life,2011,3.83,295168,,2026-08-12T11:38:54Z
https://boxd.it/4lEI,"The Tree, the Mayor and the Mediatheque",1993,3.76,4802,,2026-08-12T11:38:54Z
https://boxd.it/25Xg,The Trial,1962,4.05,64907,,2026-08-12T11:38:55Z
https://boxd.it/Az6E,The Trial,2017,4.45,4987,,2026-08-12T11:38:55Z
https://boxd.it/kn3w,The Trial of the Chicago 7,2020,3.78,427364,,2026-08-12T11:38:56Z
https://boxd.it/8aqe,The Tribe,2014,3.63,16781,,2026-08-12T11:38:57Z
https://boxd.it/1Y6Y,The Triplets of Belleville,2003,4.03,77505,,2026-08-12T11:38:57Z
https://boxd.it/18U8,The Truman Show,1998,4.22,5139952,,2026-08-12T11:38:58Z
https://boxd.it/1cEPVt,The Truman Show,1998,4.0,,,2026-08-12T11:38:58Z
https://boxd.it/d3Q,The Truth,1960,4.0,13713,,2026-08-12T11:38:59Z
https://boxd.it/iKOQ,The Truth,2019,3.34,16914,,2026-08-12T11:39:00Z
https://boxd.it/2Qsk,The Turin Horse,2011,4.19,47016,,2026-08-12T11:39:00Z
https://boxd.it/1RRI,The Twilight Samurai,2002,4.12,13608,,2026-08-12T11:39:01Z
https://boxd.it/k8Xk,The Two Popes,2019,3.7,263592,,2026-08-12T11:39:02Z
https://boxd.it/22fK,The Umbrellas of Cherbourg,1964,4.15,204377,,2026-08-12T11:39:02Z
https://boxd.it/2n8VCb,The Umbrellas of Cherbourg,1964,3.5,,,2026-08-12T11:39:03Z
https://boxd.it/1VKc,The Unbearable Lightness of Being,1988,3.66,26390,,2026-08-12T11:39:03Z
https://boxd.it/15LC,The Unbelievable Truth,1989,3.81,14818,,2026-08-12T11:39:04Z
https://boxd.it/5JDc,The Unchanging Sea,1910,3.71,5369,,2026-08-12T11:39:05Z
https://boxd.it/20p4,The Unfaithful Wife,1969,3.76,6396,,2026-08-12T11:39:05Z
https://boxd.it/eLyc,The Unnamed,2016,3.8,741,,2026-08-12T11:39:06Z
https://boxd.it/3Yk6,The Unspeakable Act,2012,3.45,1600,,2026-08-12T11:39:07Z
https://boxd.it/dwAK,The Untamed,2016,3.32,17427,,2026-08-12T11:39:08Z
https://boxd.it/2b6i,The Untouchables,1987,3.86,338697,,2026-08-12T11:39:08Z
https://boxd.it/7dVW,The Urban Crisis and the New Militants: Module 7 - Cicero March,1966,3.51,337,,2026-08-12T11:39:09Z
https://boxd.it/29XE,The Usual Suspects,1995,4.09,1068730,,2026-08-12T11:39:10Z
https://boxd.it/WcBkX,The Usual Suspects,1995,4.5,,,2026-08-12T11:39:10Z
https://boxd.it/1uSe,The Valley of the Bees,1968,4.04,4674,,2026-08-12T11:39:11Z
https://boxd.it/4drc,The Vampires of Poverty,1977,4.01,5804,,2026-08-12T11:39:11Z
https://boxd.it/1ZTW,The Vanishing,1988,4.01,181423,,2026-08-12T11:39:12Z
https://boxd.it/jPXA,The Velvet Underground,2021,3.93,37414,,2026-08-12T11:39:12Z
https://boxd.it/1y3Y,The Verdict,1982,4.03,64040,,2026-08-12T11:39:13Z
https://boxd.it/1d6s,The Vertical Ray of the Sun,2000,3.77,4049,,2026-08-12T11:39:14Z
https://boxd.it/h75q,The Vietnam War,2017,4.48,17762,,2026-08-12T11:39:15Z
https://boxd.it/1TjI,The Virgin Spring,1960,4.15,53175,,2026-08-12T11:39:15Z
https://boxd.it/1XH9SB,The Virgin Suicides,1999,3.5,,,2026-08-12T11:39:17Z
https://boxd.it/28JG,The Virgin Suicides,1999,3.86,1381965,,2026-08-12T11:39:16Z
https://boxd.it/2aSK,The Wages of Fear,1953,4.36,71805,,2026-08-12T11:39:17Z
https://boxd.it/2uNg,The Wagoner,1963,3.78,7732,,2026-08-12T11:39:18Z
https://boxd.it/9fLy,The Wailing,2016,3.98,319077,,2026-08-12T11:39:19Z
https://boxd.it/1svs,The Walking Dead,1936,3.43,9432,,2026-08-12T11:39:19Z
https://boxd.it/2UY,The Walls of Malapaga,1949,3.46,819,,2026-08-12T11:39:20Z
https://boxd.it/jtJc,The Wandering Earth,2019,2.86,28790,,2026-08-12T11:39:21Z
https://boxd.it/o7Q6,The War of the Worlds,2019,2.69,2271,,2026-08-12T11:39:21Z
https://boxd.it/1TLC,The Warriors,1979,3.85,193336,,2026-08-12T11:39:22Z
https://boxd.it/RRc,The Watermelon Woman,1996,4.06,115580,,2026-08-12T11:39:22Z
https://boxd.it/1aYQ,The Wayward Cloud,2005,3.74,11827,,2026-08-12T11:39:24Z
https://boxd.it/dd0E8b,The Wayward Cloud,2005,4.5,,,2026-08-12T11:39:24Z
https://boxd.it/177k,The Weeping Meadow,2004,4.22,9221,,2026-08-12T11:39:25Z
https://boxd.it/tw4c,The Whale,2022,3.67,1205336,,2026-08-12T11:39:26Z
https://boxd.it/1rl2,The Whip and the Body,1963,3.53,11989,,2026-08-12T11:39:26Z
https://boxd.it/iefE,The Whistlers,2019,3.26,8879,,2026-08-12T11:39:27Z
https://boxd.it/hPG6,The White Archer,2010,4.0,1983,,2026-08-12T11:39:27Z
https://boxd.it/eGuu,The White Helmets,2016,3.74,9356,,2026-08-12T11:39:28Z
https://boxd.it/17eU,The White Ribbon,2009,4.21,89167,,2026-08-12T11:39:29Z
https://boxd.it/4h3Bl7,The White Ribbon,2009,4.5,,,2026-08-12T11:39:29Z
https://boxd.it/1KnG,The Wicker Man,1973,3.97,327571,,2026-08-12T11:39:30Z
https://boxd.it/1cEQhf,The Wicker Man,1973,4.5,,,2026-08-12T11:39:30Z
https://boxd.it/h1kY,The Wild Boys,2017,3.7,14267,,2026-08-12T11:39:31Z
https://boxd.it/2a5y,The Wild Bunch,1969,4.1,78885,,2026-08-12T11:39:32Z
https://boxd.it/28rW,The Wild Child,1970,3.63,15608,,2026-08-12T11:39:32Z
https://boxd.it/l8bs,The Wild Goose Lake,2019,3.57,24586,,2026-08-12T11:39:33Z
https://boxd.it/2n8VEh,The Wild Pear Tree,2018,5.0,,,2026-08-12T11:39:34Z
https://boxd.it/eMtM,The Wild Pear Tree,2018,4.03,43906,,2026-08-12T11:39:34Z
https://boxd.it/7wgQVT,The Wild Robot,2024,4.5,,,2026-08-12T11:39:35Z
https://boxd.it/IWFy,The Wild Robot,2024,4.21,1401687,,2026-08-12T11:39:35Z
https://boxd.it/1j9s,The Wind,1928,4.01,11540,,2026-08-12T11:39:36Z
https://boxd.it/1nuLt5,The Wind Rises,2013,3.5,,,2026-08-12T11:39:37Z
https://boxd.it/4JQS,The Wind Rises,2013,4.13,557681,,2026-08-12T11:39:37Z
https://boxd.it/7tJRc7,The Wind Will Carry Us,1999,3.5,,,2026-08-12T11:39:38Z
https://boxd.it/Uwc,The Wind Will Carry Us,1999,4.06,37271,,2026-08-12T11:39:38Z
https://boxd.it/9X0m,The Witch,2015,3.82,1546408,,2026-08-12T11:39:39Z
https://boxd.it/10sg,The Witness,1969,4.04,3911,,2026-08-12T11:39:39Z
https://boxd.it/c3Z0,The Witness,2015,3.56,4874,,2026-08-12T11:39:40Z
https://boxd.it/29Xu,The Wizard of Oz,1939,3.91,979305,,2026-08-12T11:39:41Z
https://boxd.it/i1vE,The Wolf House,2018,4.14,65784,,2026-08-12T11:39:41Z
https://boxd.it/3C1m,The Wolf of Wall Street,2013,4.0,4244079,,2026-08-12T11:39:42Z
https://boxd.it/WcCCX,The Wolf of Wall Street,2013,4.5,,,2026-08-12T11:39:43Z
https://boxd.it/5OgW,The Woman of Everyone,1969,3.82,4381,,2026-08-12T11:39:43Z
https://boxd.it/3y42,The Woman Who Powders Herself,1972,3.8,2454,,2026-08-12T11:39:44Z
https://boxd.it/5NxW,The Woman with Two Heads,1977,3.85,2176,,2026-08-12T11:39:45Z
https://boxd.it/4XJGHJ,The Wonderful Story of Henry Sugar,2023,4.0,,,2026-08-12T11:39:46Z
https://boxd.it/yNyo,The Wonderful Story of Henry Sugar,2023,3.83,613898,,2026-08-12T11:39:45Z
https://boxd.it/7Urq,The Wonders,2014,3.75,17909,,2026-08-12T11:39:47Z
https://boxd.it/ZJg,The World,2004,3.83,8450,,2026-08-12T11:39:47Z
https://boxd.it/Ohfm,The World of Love,2025,3.99,10336,,2026-08-12T11:39:48Z
https://boxd.it/2pJ0MP,The Worst Person in the World,2021,5.0,,,2026-08-12T11:39:49Z
https://boxd.it/oyws,The Worst Person in the World,2021,4.08,1034990,,2026-08-12T11:39:49Z
https://boxd.it/1So8,The Wrestler,2008,4.09,234997,,2026-08-12T11:39:50Z
https://boxd.it/1AqK,The Wrong Man,1956,3.75,41001,,2026-08-12T11:39:51Z
https://boxd.it/2ack,The Wrong Trousers,1993,4.34,153767,,2026-08-12T11:39:51Z
https://boxd.it/29ta,The X-Files,1998,3.63,64665,,2026-08-12T11:39:52Z
https://boxd.it/1pEm,The Yakuza,1974,3.72,14933,,2026-08-12T11:39:52Z
https://boxd.it/uze2,The Year Earth Changed,2021,3.89,5070,,2026-08-12T11:39:53Z
https://boxd.it/2j6q,The Yellow Sea,2010,3.71,22481,,2026-08-12T11:39:54Z
https://boxd.it/29AA,The Young and the Damned,1950,4.21,59224,,2026-08-12T11:39:54Z
https://boxd.it/26K8,The Young Girls of Rochefort,1967,4.33,125145,,2026-08-12T11:39:55Z
https://boxd.it/gJsA,The Zone of Interest,2023,3.86,985498,,2026-08-12T11:39:56Z
https://boxd.it/1psg,Theatre of Blood,1973,3.64,18824,,2026-08-12T11:39:56Z
https://boxd.it/WcCgn,Theeran Adhigaaram Ondru,2017,4.5,,,2026-08-12T11:39:58Z
https://boxd.it/ghV0,Theeran Adhigaaram Ondru,2017,3.81,9468,,2026-08-12T11:39:57Z
https://boxd.it/SrtQ,Their Eyes,2025,3.56,808,,2026-08-12T11:39:58Z
https://boxd.it/e7Ce,Thelma,2017,3.68,99689,,2026-08-12T11:39:59Z
https://boxd.it/709tkt,Thelma,2024,3.0,,,2026-08-12T11:40:00Z
https://boxd.it/DOou,Thelma,2024,3.7,138342,,2026-08-12T11:40:00Z
https://boxd.it/2hSi,Thenali,2000,3.63,3608,,2026-08-12T11:40:01Z
https://boxd.it/7gso,Thenmavin Kombath,1994,3.66,2431,,2026-08-12T11:40:01Z
https://boxd.it/237C,Theorem,1968,3.89,59019,,2026-08-12T11:40:03Z
https://boxd.it/qchO,There is Nothing Underneath the West Virginia Wing,2018,3.82,562,,2026-08-12T11:40:03Z
https://boxd.it/20Z2,There Will Be Blood,2007,4.46,1374342,,2026-08-12T11:40:04Z
https://boxd.it/2aae,There's Something About Mary,1998,3.22,310537,,2026-08-12T11:40:04Z
https://boxd.it/COrw,There's Still Tomorrow,2023,4.14,133040,,2026-08-12T11:40:05Z
https://boxd.it/WcC7l,Theri,2016,3.5,,,2026-08-12T11:40:06Z
https://boxd.it/cPGq,Theri,2016,3.44,15816,,2026-08-12T11:40:06Z
https://boxd.it/3Fx6,These Encounters of Theirs,2006,3.93,1216,,2026-08-12T11:40:07Z
https://boxd.it/FTPO,Thesis on a Domestication,2024,3.25,4096,,2026-08-12T11:40:08Z
https://boxd.it/8pM,Thevar Magan,1992,3.94,5305,,2026-08-12T11:40:09Z
https://boxd.it/1Jsq,They Drive by Night,1940,3.55,8627,,2026-08-12T11:40:09Z
https://boxd.it/1q9u,"They Shoot Horses, Don't They?",1969,4.21,33274,,2026-08-12T11:40:10Z
https://boxd.it/jB6M,They'll Love Me When I'm Dead,2018,3.7,13827,,2026-08-12T11:40:10Z
https://boxd.it/1TEc,Thief,1981,4.08,225842,,2026-08-12T11:40:11Z
https://boxd.it/7LH4vx,Thief,1981,4.5,,,2026-08-12T11:40:12Z
https://boxd.it/8jk,Thillu Mullu,1981,3.8,2912,,2026-08-12T11:40:12Z
https://boxd.it/JHS,"Things I Like, Things I Don't Like",1990,3.8,4741,,2026-08-12T11:40:13Z
https://boxd.it/d0wc,Things to Come,2016,3.76,28099,,2026-08-12T11:40:14Z
https://boxd.it/3jzu,Thirst for Love,1966,3.75,1274,,2026-08-12T11:40:14Z
https://boxd.it/1KTs,This Film Is Not Yet Rated,2006,3.66,15051,,2026-08-12T11:40:15Z
https://boxd.it/HMlw,This Is How a Child Becomes a Poet,2023,3.83,490,,2026-08-12T11:40:15Z
https://boxd.it/1UOs,This Is Spinal Tap,1984,3.9,246575,,2026-08-12T11:40:16Z
https://boxd.it/3y8S,This Transient Life,1970,4.08,4339,,2026-08-12T11:40:17Z
https://boxd.it/H11u,This World Can't Tear Me Down,2023,4.21,26904,,2026-08-12T11:40:17Z
https://boxd.it/c2cc,Thithi,2015,3.73,1576,,2026-08-12T11:40:18Z
https://boxd.it/3Mpe,Tholi Prema,1998,3.61,1629,,2026-08-12T11:40:19Z
https://boxd.it/grc0,Thondimuthalum Driksakshiyum,2017,3.88,9209,,2026-08-12T11:40:19Z
https://boxd.it/6hKc,Thoovanathumbikal,1987,3.88,4392,,2026-08-12T11:40:20Z
https://boxd.it/8MHi,Thor: Ragnarok,2017,3.71,2459733,,2026-08-12T11:40:21Z
https://boxd.it/WcBMR,Thor: Ragnarok,2017,4.0,,,2026-08-12T11:40:21Z
https://boxd.it/m0Um,Those Who Remained,2019,3.51,1590,,2026-08-12T11:40:22Z
https://boxd.it/1I0g,Threads,1984,4.19,76699,,2026-08-12T11:40:22Z
https://boxd.it/WcC2Z,"Three Billboards Outside Ebbing, Missouri",2017,4.0,,,2026-08-12T11:40:23Z
https://boxd.it/ceBS,"Three Billboards Outside Ebbing, Missouri",2017,4.06,868944,,2026-08-12T11:40:23Z
https://boxd.it/2b7K,Three Colours: Blue,1993,4.13,273305,,2026-08-12T11:40:24Z
https://boxd.it/WcBid,Three Colours: Blue,1993,4.0,,,2026-08-12T11:40:25Z
https://boxd.it/1nuLlZ,Three Colours: Red,1994,4.5,,,2026-08-12T11:40:26Z
https://boxd.it/2b7q,Three Colours: Red,1994,4.33,200512,,2026-08-12T11:40:25Z
https://boxd.it/1XH9MN,Three Colours: White,1994,4.5,,,2026-08-12T11:40:27Z
https://boxd.it/2b7A,Three Colours: White,1994,3.82,165122,,2026-08-12T11:40:26Z
https://boxd.it/1hQ,Three Crowns of the Sailor,1983,3.95,3932,,2026-08-12T11:40:28Z
https://boxd.it/16lg,Three Men and a Leg,1997,4.07,30422,,2026-08-12T11:40:29Z
https://boxd.it/DQmq,Three of Us,2022,3.97,19004,,2026-08-12T11:40:29Z
https://boxd.it/fNJS,Three Seconds,2017,3.28,4701,,2026-08-12T11:40:30Z
https://boxd.it/nXa,Three Steps Over Heaven,2004,2.76,10865,,2026-08-12T11:40:31Z
https://boxd.it/1Tzm,Three Times,2005,3.83,8665,,2026-08-12T11:40:32Z
https://boxd.it/1eGw,Three... Extremes,2004,3.55,23983,,2026-08-12T11:40:32Z
https://boxd.it/ck8C,Threnody,2004,3.95,935,,2026-08-12T11:40:33Z
https://boxd.it/tk9k,Throat Notes,2020,4.03,2231,,2026-08-12T11:40:33Z
https://boxd.it/251w,Throne of Blood,1957,4.27,124422,,2026-08-12T11:40:34Z
https://boxd.it/1TrW,Through a Glass Darkly,1961,4.14,57643,,2026-08-12T11:40:34Z
https://boxd.it/Lx6,Through the Olive Trees,1994,4.17,45546,,2026-08-12T11:40:36Z
https://boxd.it/3yio,"Throw Away Your Books, Rally in the Streets",1971,4.12,18930,,2026-08-12T11:40:36Z
https://boxd.it/3zBcrL,"Throw Away Your Books, Rally in the Streets",1971,5.0,,,2026-08-12T11:40:37Z
https://boxd.it/1vme,Throw Down,2004,3.84,15324,,2026-08-12T11:40:38Z
https://boxd.it/8yjc,Thunder,1982,3.95,11445,,2026-08-12T11:40:38Z
https://boxd.it/i8Hs,Thunder Road,2018,3.85,54769,,2026-08-12T11:40:39Z
https://boxd.it/esI8,Thupparivaalan,2017,3.51,6232,,2026-08-12T11:40:39Z
https://boxd.it/O2z2,Thursday Special,2024,3.48,375,,2026-08-12T11:40:40Z
https://boxd.it/2n8VHP,"tick, tick... BOOM!",2021,3.5,,,2026-08-12T11:40:41Z
https://boxd.it/jz2e,"tick, tick... BOOM!",2021,3.86,896055,,2026-08-12T11:40:41Z
https://boxd.it/26FW,Tie Me Up! Tie Me Down!,1989,3.54,82958,,2026-08-12T11:40:42Z
https://boxd.it/ahPY,Tig,2015,3.76,6020,,2026-08-12T11:40:42Z
https://boxd.it/8VLI,Tigers,2014,3.34,442,,2026-08-12T11:40:43Z
https://boxd.it/19KI,Time Bandits,1981,3.54,81832,,2026-08-12T11:40:44Z
https://boxd.it/1E1Y,Time of the Gypsies,1988,4.21,29409,,2026-08-12T11:40:45Z
https://boxd.it/1nuLTH,Time of the Gypsies,1988,4.5,,,2026-08-12T11:40:46Z
https://boxd.it/IrE,Time Piece,1965,4.02,5664,,2026-08-12T11:40:46Z
https://boxd.it/46cu,Time to Love,1965,3.83,26280,,2026-08-12T11:40:47Z
https://boxd.it/lLLu,Timelapse of the Future: A Journey to the End of Time,2019,4.26,4083,,2026-08-12T11:40:48Z
https://boxd.it/Kjs,Tiny Furniture,2010,3.22,31174,,2026-08-12T11:40:48Z
https://boxd.it/2n8Vkr,Titane,2021,4.0,,,2026-08-12T11:40:49Z
https://boxd.it/nlQC,Titane,2021,3.56,444618,,2026-08-12T11:40:49Z
https://boxd.it/2a2k,Titanic,1997,3.84,3373736,,2026-08-12T11:40:50Z
https://boxd.it/4h3Bmp,Titanic,1997,3.5,,,2026-08-12T11:40:51Z
https://boxd.it/7WnK,Titli,2014,3.66,4757,,2026-08-12T11:40:51Z
https://boxd.it/7J62,To Be Continued,2007,3.64,384,,2026-08-12T11:40:52Z
https://boxd.it/1nuLAb,To Be or Not to Be,1942,4.5,,,2026-08-12T11:40:53Z
https://boxd.it/2aTy,To Be or Not to Be,1942,4.33,72734,,2026-08-12T11:40:52Z
https://boxd.it/2avm,To Catch a Thief,1955,3.72,132977,,2026-08-12T11:40:54Z
https://boxd.it/2a5o,To Die For,1995,3.64,141025,,2026-08-12T11:40:54Z
https://boxd.it/2a2E,To Kill a Mockingbird,1962,4.11,275084,,2026-08-12T11:40:55Z
https://boxd.it/WcC7Z,To Kill a Mockingbird,1962,4.0,,,2026-08-12T11:40:56Z
https://boxd.it/WcCfp,To Let,2017,4.5,,,2026-08-12T11:40:57Z
https://boxd.it/j4Bi,To Let,2017,3.63,1030,,2026-08-12T11:40:56Z
https://boxd.it/1j6S,To Live,1994,4.22,26560,,2026-08-12T11:40:58Z
https://boxd.it/1XFo,To Live and Die in L.A.,1985,4.01,126477,,2026-08-12T11:40:58Z
https://boxd.it/3iqG,To Sleep with Anger,1990,3.93,17339,,2026-08-12T11:41:00Z
https://boxd.it/gJU,To the Left of the Father,2001,4.03,4485,,2026-08-12T11:41:00Z
https://boxd.it/12tDS,Toby Dammit,1968,3.87,9912,,2026-08-12T11:41:01Z
https://boxd.it/cjpuVt,Toby Dammit,1968,4.0,,,2026-08-12T11:41:02Z
https://boxd.it/29JW,Together,2000,3.88,16238,,2026-08-12T11:41:02Z
https://boxd.it/y1t6,Together,2021,3.88,3173,,2026-08-12T11:41:03Z
https://boxd.it/bjei,Tokyo Blood,1993,3.66,3613,,2026-08-12T11:41:03Z
https://boxd.it/Z2m,Tokyo Fist,1995,3.88,24994,,2026-08-12T11:41:04Z
https://boxd.it/1Qg2,Tokyo Godfathers,2003,4.26,270553,,2026-08-12T11:41:05Z
https://boxd.it/5oFI11,Tokyo Godfathers,2003,4.0,,,2026-08-12T11:41:05Z
https://boxd.it/7x86,Tokyo Marigold,2001,3.64,1128,,2026-08-12T11:41:06Z
https://boxd.it/4dOU,Tokyo Noise,2002,3.79,1326,,2026-08-12T11:41:06Z
https://boxd.it/U1o,Tokyo Olympiad,1965,4.19,6063,,2026-08-12T11:41:07Z
https://boxd.it/1ZxQ,Tokyo Sonata,2008,4.19,45142,,2026-08-12T11:41:08Z
https://boxd.it/1HuY,Tokyo Story,1953,4.43,152771,,2026-08-12T11:41:08Z
https://boxd.it/cdSyRp,Tokyo Story,1953,4.5,,,2026-08-12T11:41:09Z
https://boxd.it/46Z2,Tokyo Stray Girls,2010,3.53,490,,2026-08-12T11:41:10Z
https://boxd.it/sq6,Tokyo Twilight,1957,4.22,18162,,2026-08-12T11:41:10Z
https://boxd.it/1ZxG,Tokyo!,2008,3.6,20629,,2026-08-12T11:41:11Z
https://boxd.it/2DyE,Tokyo-Ga,1985,3.87,14809,,2026-08-12T11:41:11Z
https://boxd.it/48ia,tokyo.sora,2002,3.79,2444,,2026-08-12T11:41:12Z
https://boxd.it/5h45FT,Toni Erdmann,2016,4.0,,,2026-08-12T11:41:13Z
https://boxd.it/d0xu,Toni Erdmann,2016,3.95,76744,,2026-08-12T11:41:13Z
https://boxd.it/OJaa,Tony,2026,3.86,24394,,2026-08-12T11:41:14Z
https://boxd.it/1eSs,Tony Manero,2008,3.52,8986,,2026-08-12T11:41:15Z
https://boxd.it/1nR4,Tony Takitani,2004,3.67,8979,,2026-08-12T11:41:15Z
https://boxd.it/caTKtJ,Tony Takitani,2004,3.5,,,2026-08-12T11:41:16Z
https://boxd.it/3m3m,Too Early / Too Late,1981,3.8,2459,,2026-08-12T11:41:16Z
https://boxd.it/mwtW,Too Old to Die Young,2019,3.94,17873,,2026-08-12T11:41:17Z
https://boxd.it/3iaaRP,Top Gun: Maverick,2022,4.0,,,2026-08-12T11:41:18Z
https://boxd.it/cjr4,Top Gun: Maverick,2022,3.98,2347500,,2026-08-12T11:41:18Z
https://boxd.it/5M4Y,Top of the Lake,2013,3.92,12627,,2026-08-12T11:41:19Z
https://boxd.it/1HMS,Torment,1994,3.8,19241,,2026-08-12T11:41:19Z
https://boxd.it/1iGg,Torso,1973,3.43,24473,,2026-08-12T11:41:20Z
https://boxd.it/15b0,Tosun Pasha,1976,3.75,12653,,2026-08-12T11:41:21Z
https://boxd.it/28II,Touch of Evil,1958,4.17,112417,,2026-08-12T11:41:21Z
https://boxd.it/WcC5f,Touch of Evil,1958,4.5,,,2026-08-12T11:41:22Z
https://boxd.it/1Up8,Touching the Void,2003,3.9,20800,,2026-08-12T11:41:23Z
https://boxd.it/2H44,Touki Bouki,1973,3.8,32161,,2026-08-12T11:41:23Z
https://boxd.it/9oA,Toute une nuit,1982,3.88,9313,,2026-08-12T11:41:24Z
https://boxd.it/29qA,Toy Story,1995,4.11,2673611,,2026-08-12T11:41:25Z
https://boxd.it/WcBkt,Toy Story,1995,4.5,,,2026-08-12T11:41:25Z
https://boxd.it/1cEPVj,Toy Story 2,1999,4.5,,,2026-08-12T11:41:26Z
https://boxd.it/29qq,Toy Story 2,1999,3.94,1752584,,2026-08-12T11:41:26Z
https://boxd.it/1WRe,Toy Story 3,2010,4.06,1861308,,2026-08-12T11:41:27Z
https://boxd.it/1cEQ9v,Toy Story 3,2010,4.5,,,2026-08-12T11:41:28Z
https://boxd.it/24JM,Trade,2007,3.4,2337,,2026-08-12T11:41:29Z
https://boxd.it/27Ue,Traffic,2000,3.7,106528,,2026-08-12T11:41:30Z
https://boxd.it/4yTQ,Traffic,2011,3.73,3189,,2026-08-12T11:41:30Z
https://boxd.it/1K2S,Traffic Crossing Leeds Bridge,1888,3.0,6901,,2026-08-12T11:41:31Z
https://boxd.it/WcBLJ,Traffic Crossing Leeds Bridge,1888,4.0,,,2026-08-12T11:41:32Z
https://boxd.it/Ekhg,Trailer of a Film That Will Never Exist: Phony Wars,2023,3.5,3710,,2026-08-12T11:41:33Z
https://boxd.it/LdDo,Train Dreams,2025,4.07,737388,,2026-08-12T11:41:33Z
https://boxd.it/1gmS,Train of Shadows,1997,3.9,1976,,2026-08-12T11:41:34Z
https://boxd.it/dSQU,Train to Busan,2016,3.99,1266299,,2026-08-12T11:41:34Z
https://boxd.it/27A4,Training Day,2001,4.06,628736,,2026-08-12T11:41:35Z
https://boxd.it/29XY,Trainspotting,1996,4.23,1284667,,2026-08-12T11:41:36Z
https://boxd.it/WcBlB,Trainspotting,1996,4.5,,,2026-08-12T11:41:36Z
https://boxd.it/2cAS,Trance,2013,3.16,52015,,2026-08-12T11:41:37Z
https://boxd.it/3c9Y,Trans-Europ-Express,1966,3.66,6091,,2026-08-12T11:41:37Z
https://boxd.it/gUK6,Transit,2018,3.85,36735,,2026-08-12T11:41:39Z
https://boxd.it/fj8i,Trapped,2017,3.54,11851,,2026-08-12T11:41:40Z
https://boxd.it/5Fly,Tras-os-Montes,1976,4.0,1626,,2026-08-12T11:41:41Z
https://boxd.it/8BCc,Travolta and Me,1993,4.05,1874,,2026-08-12T11:41:41Z
https://boxd.it/f5JplN,Travolta and Me,1993,4.0,,,2026-08-12T11:41:42Z
https://boxd.it/1tQG,Triangle,2009,3.34,197343,,2026-08-12T11:41:42Z
https://boxd.it/WcBm5,Triangle,2009,4.0,,,2026-08-12T11:41:43Z
https://boxd.it/3zBcYv,Triangle of Sadness,2022,4.0,,,2026-08-12T11:41:44Z
https://boxd.it/hXlq,Triangle of Sadness,2022,3.68,927721,,2026-08-12T11:41:44Z
https://boxd.it/gsVK,Tribute to Zgougou the Cat,2002,4.0,5048,,2026-08-12T11:41:45Z
https://boxd.it/1nuLkR,Troll 2,1990,1.0,,,2026-08-12T11:41:46Z
https://boxd.it/1sTE,Troll 2,1990,2.34,48577,,2026-08-12T11:41:45Z
https://boxd.it/NQY,Troll Hunter,2010,3.41,74453,,2026-08-12T11:41:47Z
https://boxd.it/1TCA,Tropical Malady,2004,4.11,27268,,2026-08-12T11:41:47Z
https://boxd.it/115M,Trouble Every Day,2001,3.37,54435,,2026-08-12T11:41:48Z
https://boxd.it/2aU2,Trouble in Paradise,1932,4.12,34142,,2026-08-12T11:41:49Z
https://boxd.it/5h45zh,Trouble in Paradise,1932,4.0,,,2026-08-12T11:41:49Z
https://boxd.it/29TW,Troy,2004,3.5,709489,,2026-08-12T11:41:50Z
https://boxd.it/WcBKV,Troy,2004,4.0,,,2026-08-12T11:41:51Z
https://boxd.it/pk9c,Troya,2019,3.59,207,,2026-08-12T11:41:51Z
https://boxd.it/1Upi,True,2004,3.82,3059,,2026-08-12T11:41:52Z
https://boxd.it/19pq,True Lies,1994,3.6,203395,,2026-08-12T11:41:52Z
https://boxd.it/18Co,Trust,1990,4.0,21814,,2026-08-12T11:41:53Z
https://boxd.it/7VGG,Truth and Illusion: An Introduction to Metaphysics,1964,3.52,353,,2026-08-12T11:41:53Z
https://boxd.it/ltly,Truth and Justice,2019,3.89,3592,,2026-08-12T11:41:54Z
https://boxd.it/5Efu,Trypps #7 (Badlands),2010,3.59,850,,2026-08-12T11:41:55Z
https://boxd.it/29pC,Tsotsi,2005,3.55,12648,,2026-08-12T11:41:55Z
https://boxd.it/WcBxx,Tubelight's Moon,2010,3.5,,,2026-08-12T11:41:57Z
https://boxd.it/Mce,Tucker and Dale vs. Evil,2010,3.67,218776,,2026-08-12T11:41:57Z
https://boxd.it/xI,Tum Bin,2001,3.39,749,,2026-08-12T11:41:58Z
https://boxd.it/WcCqd,Tumbbad,2018,4.5,,,2026-08-12T11:41:59Z
https://boxd.it/jDZk,Tumbbad,2018,3.69,51063,,2026-08-12T11:41:58Z
https://boxd.it/kVUO,Tune in for Love,2019,3.77,67852,,2026-08-12T11:42:03Z
https://boxd.it/POtS,Tuner,2025,3.75,134718,,2026-08-12T11:42:03Z
https://boxd.it/3i8i,Turkish for Beginners,2012,2.79,15569,,2026-08-12T11:42:04Z
https://boxd.it/4JUA,Turumba,1981,3.83,1010,,2026-08-12T11:42:05Z
https://boxd.it/2beQ,Twelve Monkeys,1995,3.89,487396,,2026-08-12T11:42:05Z
https://boxd.it/WcBkN,Twelve Monkeys,1995,4.5,,,2026-08-12T11:42:06Z
https://boxd.it/1tug,Twentynine Palms,2003,3.11,6161,,2026-08-12T11:42:06Z
https://boxd.it/49ms,Twice a Man,1963,3.82,1216,,2026-08-12T11:42:07Z
https://boxd.it/3Igi,Twilight,1990,3.89,6716,,2026-08-12T11:42:07Z
https://boxd.it/hN9O,Twin Peaks: The Return,2017,4.61,215203,,2026-08-12T11:42:08Z
https://boxd.it/2n8VoD,Twins in Paradise,2020,5.0,,,2026-08-12T11:42:09Z
https://boxd.it/qPOW,Twins in Paradise,2020,4.23,15697,,2026-08-12T11:42:09Z
https://boxd.it/1cEQ2z,Two,1965,5.0,,,2026-08-12T11:42:10Z
https://boxd.it/5MnG,Two,1965,4.02,11946,,2026-08-12T11:42:10Z
https://boxd.it/1xigc9,Two Acres of Land,1953,4.5,,,2026-08-12T11:42:12Z
https://boxd.it/uuE,Two Acres of Land,1953,3.81,1911,,2026-08-12T11:42:11Z
https://boxd.it/AiE,"Two Cars, One Night",2003,3.74,16246,,2026-08-12T11:42:12Z
https://boxd.it/6A58,"Two Days, One Night",2014,3.9,56585,,2026-08-12T11:42:13Z
https://boxd.it/22AI,Two for the Road,1967,3.86,19573,,2026-08-12T11:42:14Z
https://boxd.it/PM3e,Two People Exchanging Saliva,2024,3.95,49195,,2026-08-12T11:42:14Z
https://boxd.it/Ud2U,"Two Seasons, Two Strangers",2025,3.55,6399,,2026-08-12T11:42:15Z
https://boxd.it/eE1GkV,"Two Seasons, Two Strangers",2025,2.5,,,2026-08-12T11:42:15Z
https://boxd.it/ifwQ,Two Strangers Who Meet Five Times,2018,3.03,1829,,2026-08-12T11:42:16Z
https://boxd.it/1yb4,Two Women,1960,3.9,16727,,2026-08-12T11:42:17Z
https://boxd.it/1sfE,Two-Lane Blacktop,1971,3.84,23879,,2026-08-12T11:42:17Z
https://boxd.it/3zBceH,TÁR,2022,4.5,,,2026-08-12T11:42:18Z
https://boxd.it/uNIA,TÁR,2022,3.92,637631,,2026-08-12T11:42:18Z
https://boxd.it/1XH9MX,U.S. Go Home,1994,4.0,,,2026-08-12T11:42:19Z
https://boxd.it/465y,U.S. Go Home,1994,4.03,9400,,2026-08-12T11:42:19Z
https://boxd.it/PPe,Udaan,2010,4.11,21703,,2026-08-12T11:42:20Z
https://boxd.it/WcBtZ,Udaan,2010,4.0,,,2026-08-12T11:42:21Z
https://boxd.it/74LS,Udayananu Tharam,2005,3.64,2717,,2026-08-12T11:42:21Z
https://boxd.it/1NyM,Ugetsu,1953,4.25,66199,,2026-08-12T11:42:22Z
https://boxd.it/1xigcj,Ugetsu,1953,4.5,,,2026-08-12T11:42:22Z
https://boxd.it/5MPq,Ugly,2013,3.74,14098,,2026-08-12T11:42:23Z
https://boxd.it/WcBHn,Ugly,2013,4.0,,,2026-08-12T11:42:23Z
https://boxd.it/dql0,Ugramm,2014,3.34,1535,,2026-08-12T11:42:24Z
https://boxd.it/1SFI,UHF,1989,3.52,51831,,2026-08-12T11:42:25Z
https://boxd.it/7NJs,Ulidavaru Kandanthe,2014,3.67,3121,,2026-08-12T11:42:25Z
https://boxd.it/7BzA,Ulysse,1983,3.92,7139,,2026-08-12T11:42:26Z
https://boxd.it/1ApC,Ulysses' Gaze,1995,4.15,12293,,2026-08-12T11:42:26Z
https://boxd.it/29vg,Umberto D.,1952,4.24,51940,,2026-08-12T11:42:27Z
https://boxd.it/2rk6,Umrao Jaan,1981,3.84,1808,,2026-08-12T11:42:28Z
https://boxd.it/29Y8,Un Chien Andalou,1929,3.8,154600,,2026-08-12T11:42:28Z
https://boxd.it/1XV2,Unbreakable,2000,3.69,527319,,2026-08-12T11:42:29Z
https://boxd.it/168Q,Uncle Boonmee Who Can Recall His Past Lives,2010,3.92,71036,,2026-08-12T11:42:30Z
https://boxd.it/8sV0,Uncle Yanco,1967,4.06,15931,,2026-08-12T11:42:31Z
https://boxd.it/WcC8D,Uncut Gems,2019,4.5,,,2026-08-12T11:42:32Z
https://boxd.it/gXGc,Uncut Gems,2019,3.96,1776490,,2026-08-12T11:42:31Z
https://boxd.it/kSy6,Unda,2019,3.53,5260,,2026-08-12T11:42:33Z
https://boxd.it/3FsK,Under the Blossoming Cherry Trees,1975,3.77,3920,,2026-08-12T11:42:34Z
https://boxd.it/rk3i,Under the Open Sky,2020,3.77,6766,,2026-08-12T11:42:34Z
https://boxd.it/3mDa,Under the Skin,2013,3.58,386282,,2026-08-12T11:42:35Z
https://boxd.it/1SOA,Underground,1995,4.29,44915,,2026-08-12T11:42:36Z
https://boxd.it/mM3K,Undine,2020,3.63,43268,,2026-08-12T11:42:36Z
https://boxd.it/nKS4,Undone,2019,4.18,18944,,2026-08-12T11:42:37Z
https://boxd.it/1cEPTd,Unforgiven,1992,4.5,,,2026-08-12T11:42:38Z
https://boxd.it/6Z4,Unforgiven,1992,4.21,332791,,2026-08-12T11:42:37Z
https://boxd.it/BlwA,Universal Language,2024,3.81,30462,,2026-08-12T11:42:39Z
https://boxd.it/2NeY,Unknown Pleasures,2002,3.78,8056,,2026-08-12T11:42:39Z
https://boxd.it/1wma,Unnaipol Oruvan,2009,3.52,3060,,2026-08-12T11:42:40Z
https://boxd.it/uCxw,Unnatural,2018,4.22,2316,,2026-08-12T11:42:40Z
https://boxd.it/1mcO,Unrelated,2007,3.44,11502,,2026-08-12T11:42:41Z
https://boxd.it/16y0,Unthinkable,2010,3.14,32123,,2026-08-12T11:42:42Z
https://boxd.it/1WuY,Until the End of the World,1991,3.93,17806,,2026-08-12T11:42:42Z
https://boxd.it/unvU,Untitled 77-A,1977,3.42,3287,,2026-08-12T11:42:43Z
https://boxd.it/2FXG,Unzipped,1995,3.8,2106,,2026-08-12T11:42:47Z
https://boxd.it/1nuLoz,Up in the Air,2009,4.0,,,2026-08-12T11:42:48Z
https://boxd.it/1zPY,Up in the Air,2009,3.58,193101,,2026-08-12T11:42:47Z
https://boxd.it/4DK,"Up, Down, Fragile",1995,4.06,3084,,2026-08-12T11:42:49Z
https://boxd.it/WcCcF,Upgrade,2018,4.0,,,2026-08-12T11:42:50Z
https://boxd.it/i4gW,Upgrade,2018,3.65,307655,,2026-08-12T11:42:49Z
https://boxd.it/4Cwc,Upstream Color,2013,3.59,56483,,2026-08-12T11:42:51Z
https://boxd.it/1N64,Uptown Girls,2003,4.04,888788,,2026-08-12T11:42:52Z
https://boxd.it/MY30,Urchin,2025,3.51,58820,,2026-08-12T11:42:52Z
https://boxd.it/WcCqR,Uri: The Surgical Strike,2019,4.5,,,2026-08-12T11:42:53Z
https://boxd.it/kgWk,Uri: The Surgical Strike,2019,3.44,18662,,2026-08-12T11:42:53Z
https://boxd.it/e2fk,Uriyadi,2016,3.6,2319,,2026-08-12T11:42:54Z
https://boxd.it/WcCeB,Us,2019,3.5,,,2026-08-12T11:42:55Z
https://boxd.it/gnV6,Us,2019,3.63,2468180,,2026-08-12T11:42:55Z
https://boxd.it/ip3a,Us and Them,2018,4.14,56922,,2026-08-12T11:42:56Z
https://boxd.it/3UNy,Ustad Hotel,2012,3.98,16128,,2026-08-12T11:42:56Z
https://boxd.it/WcBAV,Ustad Hotel,2012,4.0,,,2026-08-12T11:42:57Z
https://boxd.it/7qEE,Utopia,1983,4.08,1499,,2026-08-12T11:42:57Z
https://boxd.it/70wu,Utopia,2013,4.02,2386,,2026-08-12T11:42:58Z
https://boxd.it/1cEQ9l,V for Vendetta,2005,4.5,,,2026-08-12T11:42:59Z
https://boxd.it/29Ik,V for Vendetta,2005,3.9,993494,,2026-08-12T11:42:59Z
https://boxd.it/rYQ,Va Savoir (Who Knows?),2001,3.79,2352,,2026-08-12T11:43:00Z
https://boxd.it/15yo,Vaaranam Aayiram,2008,4.08,15828,,2026-08-12T11:43:01Z
https://boxd.it/4E8G,Vaastav,1999,3.67,3213,,2026-08-12T11:43:01Z
https://boxd.it/WcBAB,Vaastav,1999,4.0,,,2026-08-12T11:43:02Z
https://boxd.it/WcC9B,Vada Chennai,2018,4.5,,,2026-08-12T11:43:03Z
https://boxd.it/esfK,Vada Chennai,2018,4.25,29102,,2026-08-12T11:43:03Z
https://boxd.it/adhS,Vadakkunokkiyantram,1989,3.69,1637,,2026-08-12T11:43:04Z
https://boxd.it/30hamT,Vagabond,1985,3.5,,,2026-08-12T11:43:05Z
https://boxd.it/T0u,Vagabond,1985,4.11,88665,,2026-08-12T11:43:05Z
https://boxd.it/2Ln0,Valparaiso,1963,3.93,10597,,2026-08-12T11:43:06Z
https://boxd.it/1L3i,Vampire Hunter D: Bloodlust,2000,4.19,103011,,2026-08-12T11:43:06Z
https://boxd.it/1IO6,Vampyros Lesbos,1971,3.15,19673,,2026-08-12T11:43:07Z
https://boxd.it/23Tc,Van Gogh,1991,3.86,7698,,2026-08-12T11:43:09Z
https://boxd.it/d9csrN,Van Gogh,1991,3.5,,,2026-08-12T11:43:10Z
https://boxd.it/6dpE,Vanaprastham,1999,3.85,2808,,2026-08-12T11:43:11Z
https://boxd.it/8C7u,Varavelpu,1989,3.63,1559,,2026-08-12T11:43:11Z
https://boxd.it/eICU,Variations,1998,4.04,1527,,2026-08-12T11:43:12Z
https://boxd.it/305A,Variety,1983,3.47,12732,,2026-08-12T11:43:13Z
https://boxd.it/2SQI,Varsham,2004,3.52,2819,,2026-08-12T11:43:13Z
https://boxd.it/ZW1C,Varun Grover: Nothing Makes Sense,2026,3.66,488,,2026-08-12T11:43:14Z
https://boxd.it/4wm6,Vasfiye Is Her Name,1985,3.71,2990,,2026-08-12T11:43:15Z
https://boxd.it/8tQq,Vatsalyam,1993,3.53,1025,,2026-08-12T11:43:15Z
https://boxd.it/3HnW,Vazhakku Enn 18/9,2012,3.61,1336,,2026-08-12T11:43:16Z
https://boxd.it/3myk,Vedam,2010,3.69,4071,,2026-08-12T11:43:17Z
https://boxd.it/aSwO,Veedu,1988,3.87,1646,,2026-08-12T11:43:17Z
https://boxd.it/knVy,Veera Bhoga Vasantha Rayalu,2018,3.26,340,,2026-08-12T11:43:18Z
https://boxd.it/giem,Velaikkaran,2017,3.13,6243,,2026-08-12T11:43:19Z
https://boxd.it/7OWi,Velaiyilla Pattathari,2014,4.03,13385,,2026-08-12T11:43:19Z
https://boxd.it/XyU,Vengeance Is Mine,1979,3.92,13869,,2026-08-12T11:43:20Z
https://boxd.it/gvAU,Vengeance Is Mine,1984,4.03,4676,,2026-08-12T11:43:21Z
https://boxd.it/cPw6,Venise n'existe pas,1984,3.69,653,,2026-08-12T11:43:21Z
https://boxd.it/5WhS,Venus in Fur,2013,3.64,22553,,2026-08-12T11:43:26Z
https://boxd.it/2liy,Venus in Furs,1969,3.37,5233,,2026-08-12T11:43:26Z
https://boxd.it/273O,Veronika Voss,1982,3.91,12805,,2026-08-12T11:43:27Z
https://boxd.it/2apI,Vertigo,1958,4.22,845626,,2026-08-12T11:43:28Z
https://boxd.it/WcC5z,Vertigo,1958,4.5,,,2026-08-12T11:43:28Z
https://boxd.it/6mw,Vettaiyaadu Vilaiyaadu,2006,3.77,7663,,2026-08-12T11:43:29Z
https://boxd.it/23rW,Vicky Cristina Barcelona,2008,3.44,234017,,2026-08-12T11:43:29Z
https://boxd.it/3vYm,Vicky Donor,2012,3.37,9306,,2026-08-12T11:43:30Z
https://boxd.it/4h3BKr,Victoria,2015,3.0,,,2026-08-12T11:43:31Z
https://boxd.it/amSe,Victoria,2015,3.93,117707,,2026-08-12T11:43:31Z
https://boxd.it/29uC,Videodrome,1983,3.87,401486,,2026-08-12T11:43:32Z
https://boxd.it/2n8Vkh,Vidheyan,1994,4.0,,,2026-08-12T11:43:33Z
https://boxd.it/7yqq,Vidheyan,1994,3.82,4138,,2026-08-12T11:43:33Z
https://boxd.it/tzzM,Viduthalai: Part I,2023,3.94,19997,,2026-08-12T11:43:34Z
https://boxd.it/30hanx,Vikram,2022,4.5,,,2026-08-12T11:43:35Z
https://boxd.it/rUJa,Vikram,2022,3.85,48139,,2026-08-12T11:43:35Z
https://boxd.it/WcCap,Vikram Vedha,2017,4.5,,,2026-08-12T11:43:36Z
https://boxd.it/fkaY,Vikram Vedha,2017,3.93,21238,,2026-08-12T11:43:36Z
https://boxd.it/1cEQid,Village Rockstars,2017,3.5,,,2026-08-12T11:43:37Z
https://boxd.it/gYRA,Village Rockstars,2017,3.58,1922,,2026-08-12T11:43:37Z
https://boxd.it/PLgw,Village Rockstars 2,2024,3.55,357,,2026-08-12T11:43:38Z
https://boxd.it/gZyu,Ville Marie,2009,3.73,686,,2026-08-12T11:43:39Z
https://boxd.it/1hLa,Vincent,1982,4.03,84741,,2026-08-12T11:43:39Z
https://boxd.it/2CGLI7,Vincent,1982,5.0,,,2026-08-12T11:43:40Z
https://boxd.it/1lJC,Vincere,2009,3.59,4219,,2026-08-12T11:43:40Z
https://boxd.it/1nuLk3,Vinland Saga,2019,4.5,,,2026-08-12T11:43:42Z
https://boxd.it/qdwU,Vinland Saga,2019,4.65,173152,,2026-08-12T11:43:41Z
https://boxd.it/1796,Vinnaithaandi Varuvaayaa,2010,3.74,8720,,2026-08-12T11:43:42Z
https://boxd.it/32DO,Vinyl,1965,3.03,3240,,2026-08-12T11:43:43Z
https://boxd.it/rbE,Violated Angels,1967,3.6,3359,,2026-08-12T11:43:43Z
https://boxd.it/3xXU,Violence Without a Cause,1969,3.48,450,,2026-08-12T11:43:44Z
https://boxd.it/8Djw,Violent,2014,3.88,2561,,2026-08-12T11:43:44Z
https://boxd.it/59T4,Virasat,1997,3.41,471,,2026-08-12T11:43:45Z
https://boxd.it/44yo,Virgin Machine,1988,3.46,798,,2026-08-12T11:43:46Z
https://boxd.it/tFw,Virgin Stripped Bare by Her Bachelors,2000,3.67,3901,,2026-08-12T11:43:46Z
https://boxd.it/24eE,Viridiana,1961,4.05,51151,,2026-08-12T11:43:47Z
https://boxd.it/8tk,Virumaandi,2004,4.22,12025,,2026-08-12T11:43:48Z
https://boxd.it/7QtC,Virunga,2014,3.97,8583,,2026-08-12T11:43:49Z
https://boxd.it/lwO4,Virus,2019,3.54,6633,,2026-08-12T11:43:49Z
https://boxd.it/wng,Visage,2009,3.58,2155,,2026-08-12T11:43:50Z
https://boxd.it/1cEQbr,Visaranai,2015,4.5,,,2026-08-12T11:43:51Z
https://boxd.it/cUXG,Visaranai,2015,4.1,11937,,2026-08-12T11:43:51Z
https://boxd.it/24DE,Visitor Q,2001,3.22,32783,,2026-08-12T11:43:52Z
https://boxd.it/2CGLxN,Visitor Q,2001,3.0,,,2026-08-12T11:43:52Z
https://boxd.it/3VQy,Viva Erotica,1996,3.62,2517,,2026-08-12T11:43:53Z
https://boxd.it/1XH9Lv,Vive L'Amour,1994,4.0,,,2026-08-12T11:43:55Z
https://boxd.it/2wsa,Vive L'Amour,1994,4.07,29120,,2026-08-12T11:43:54Z
https://boxd.it/28s6,Vivre Sa Vie,1962,4.0,157061,,2026-08-12T11:43:55Z
https://boxd.it/nd2,Viy,1967,3.61,49674,,2026-08-12T11:43:56Z
https://boxd.it/lC0,Vizontele,2001,3.72,21749,,2026-08-12T11:43:57Z
https://boxd.it/mJVk,Voicemails for Isabelle,2026,3.49,705436,,2026-08-12T11:43:57Z
https://boxd.it/17dM,Voices of a Distant Star,2002,3.14,13002,,2026-08-12T11:43:58Z
https://boxd.it/64Lc,Voices Through Time,1996,4.24,3764,,2026-08-12T11:43:59Z
https://boxd.it/ciKOOF,Voices Through Time,1996,4.0,,,2026-08-12T11:43:59Z
https://boxd.it/I1MW,VOLCANO,2023,4.48,3093,,2026-08-12T11:44:00Z
https://boxd.it/2aQO,Volver,2006,4.1,213477,,2026-08-12T11:44:01Z
https://boxd.it/uoni,Vortex,2021,3.96,62955,,2026-08-12T11:44:02Z
https://boxd.it/LL8,Voyage in Time,1983,3.69,4750,,2026-08-12T11:44:02Z
https://boxd.it/6Jto,Waar,2013,3.06,600,,2026-08-12T11:44:04Z
https://boxd.it/2a3W,Wag the Dog,1997,3.55,53741,,2026-08-12T11:44:05Z
https://boxd.it/w7Ra,Waiting for Bojangles,2021,3.72,19949,,2026-08-12T11:44:05Z
https://boxd.it/igTw,Waiting for the Barbarians,2019,2.99,12394,,2026-08-12T11:44:06Z
https://boxd.it/1Vt6,Waitress,2007,3.67,54580,,2026-08-12T11:44:07Z
https://boxd.it/1C8e,Wake Up Sid,2009,3.69,33154,,2026-08-12T11:44:07Z
https://boxd.it/1cEPYd,Wake Up Sid,2009,4.0,,,2026-08-12T11:44:08Z
https://boxd.it/1Zdc,Waking Life,2001,3.9,80205,,2026-08-12T11:44:08Z
https://boxd.it/1nuLvZ,Waking Life,2001,4.0,,,2026-08-12T11:44:09Z
https://boxd.it/2bdS,Walk the Line,2005,3.83,240494,,2026-08-12T11:44:10Z
https://boxd.it/1bsG,Walkabout,1971,4.0,47114,,2026-08-12T11:44:10Z
https://boxd.it/1VEo,WALL·E,2008,4.24,2850943,,2026-08-12T11:44:11Z
https://boxd.it/WcCvH,WALL·E,2008,4.5,,,2026-08-12T11:44:11Z
https://boxd.it/1ZFA,Waltz with Bashir,2008,3.99,59501,,2026-08-12T11:44:12Z
https://boxd.it/2OjK,Wanda,1970,3.8,40452,,2026-08-12T11:44:13Z
https://boxd.it/2rkK,Waqt,1965,3.51,726,,2026-08-12T11:44:13Z
https://boxd.it/1nRy,War and Peace,1968,4.4,20164,,2026-08-12T11:44:14Z
https://boxd.it/2Xo0,Warsaw Bridge,1990,3.58,1049,,2026-08-12T11:44:15Z
https://boxd.it/RRQ,Wasp,2003,3.9,41599,,2026-08-12T11:44:15Z
https://boxd.it/g5qa,Wasp Network,2019,2.83,13710,,2026-08-12T11:44:16Z
https://boxd.it/ujCC,Wasteful Days of High School Girls,2019,3.61,427,,2026-08-12T11:44:17Z
https://boxd.it/20Sq,Water,2005,3.7,5809,,2026-08-12T11:44:17Z
https://boxd.it/3UfG,Water and Power,1989,3.96,1417,,2026-08-12T11:44:18Z
https://boxd.it/1RUi,Water Drops on Burning Rocks,2000,3.48,5078,,2026-08-12T11:44:19Z
https://boxd.it/lnJu,Watermelon Juice,2019,3.58,2084,,2026-08-12T11:44:19Z
https://boxd.it/mReS,"Watermelon, Fish and Half Ghost",2014,3.59,489,,2026-08-12T11:44:20Z
https://boxd.it/une,"Wax, or The Discovery of Television Among the Bees",1991,3.91,4106,,2026-08-12T11:44:21Z
https://boxd.it/qPO8,Ways of Seeing,1972,4.31,3910,,2026-08-12T11:44:21Z
https://boxd.it/XjK,We All Loved Each Other So Much,1974,4.26,31418,,2026-08-12T11:44:22Z
https://boxd.it/pZDC,We Made a Beautiful Bouquet,2021,3.98,26379,,2026-08-12T11:44:23Z
https://boxd.it/2pTS,We Need to Talk About Kevin,2011,3.78,588477,,2026-08-12T11:44:24Z
https://boxd.it/db6,We Spin Around the Night Consumed by the Fire,1978,3.75,795,,2026-08-12T11:44:24Z
https://boxd.it/Rejw,We Were the Scenery,2025,3.73,1916,,2026-08-12T11:44:25Z
https://boxd.it/9ma,We Won't Grow Old Together,1972,3.83,7203,,2026-08-12T11:44:26Z
https://boxd.it/EMTM,Weapons,2025,3.58,3188046,,2026-08-12T11:44:26Z
https://boxd.it/kPxE,Weathering with You,2019,3.72,317322,,2026-08-12T11:44:27Z
https://boxd.it/48Mk,Wedlock House: An Intercourse,1959,3.44,1871,,2026-08-12T11:44:27Z
https://boxd.it/2Kzu,Weekend,2011,3.92,51014,,2026-08-12T11:44:28Z
https://boxd.it/4XJGI3,Weekend,2011,4.0,,,2026-08-12T11:44:29Z
https://boxd.it/IvQ,Welcome to the South,2010,3.16,18293,,2026-08-12T11:44:29Z
https://boxd.it/1zzw,Werckmeister Harmonies,2000,4.29,48194,,2026-08-12T11:44:30Z
https://boxd.it/5oFHLn,Werckmeister Harmonies,2000,4.0,,,2026-08-12T11:44:30Z
https://boxd.it/3pcw,Werner Herzog Eats His Shoe,1980,3.84,10912,,2026-08-12T11:44:31Z
https://boxd.it/28dK,West Side Story,1961,3.85,276167,,2026-08-12T11:44:32Z
https://boxd.it/en0A,Wet Woman in the Wind,2016,3.08,2916,,2026-08-12T11:44:33Z
https://boxd.it/6ehm,Wetlands,2013,3.27,16566,,2026-08-12T11:44:34Z
https://boxd.it/iz5g,What Are the Clouds?,1968,3.7,1696,,2026-08-12T11:44:34Z
https://boxd.it/tWcQ,What Do We See When We Look at the Sky?,2021,3.69,11566,,2026-08-12T11:44:35Z
https://boxd.it/Swmq,What Does That Nature Say to You,2025,3.71,8255,,2026-08-12T11:44:35Z
https://boxd.it/1WJE,What Ever Happened to Baby Jane?,1962,4.2,133946,,2026-08-12T11:44:36Z
https://boxd.it/2WAk,What Happened Was...,1994,4.01,14175,,2026-08-12T11:44:37Z
https://boxd.it/3iaaOr,What Happened Was...,1994,4.0,,,2026-08-12T11:44:37Z
https://boxd.it/68VA,What Is Neorealism?,2013,3.77,1127,,2026-08-12T11:44:38Z
https://boxd.it/10HNe,What is This ?,2026,3.68,215,,2026-08-12T11:44:40Z
https://boxd.it/1coA,What Men Talk About,2010,3.55,4337,,2026-08-12T11:44:41Z
https://boxd.it/6moU,What Now? Remind Me,2013,3.73,812,,2026-08-12T11:44:41Z
https://boxd.it/1ybe,What Time Is It There?,2001,4.06,12849,,2026-08-12T11:44:42Z
https://boxd.it/kXw,What Time Is It?,1989,3.84,4247,,2026-08-12T11:44:43Z
https://boxd.it/1cEQ5t,What We Do in the Shadows,2014,3.5,,,2026-08-12T11:44:44Z
https://boxd.it/7eQy,What We Do in the Shadows,2014,4.12,631137,,2026-08-12T11:44:43Z
https://boxd.it/lZtY,What's My Name | Muhammad Ali,2019,4.03,2327,,2026-08-12T11:44:44Z
https://boxd.it/x4Y,"What's Opera, Doc?",1957,4.22,12863,,2026-08-12T11:44:45Z
https://boxd.it/14yM,What's Up with Cinta?,2002,3.89,34649,,2026-08-12T11:44:46Z
https://boxd.it/21iy,"What's Up, Doc?",1972,4.11,79718,,2026-08-12T11:44:46Z
https://boxd.it/76cU,Whateverest,2012,3.5,1148,,2026-08-12T11:44:47Z
https://boxd.it/2n8Vqf,Wheel of Fortune and Fantasy,2021,4.5,,,2026-08-12T11:44:48Z
https://boxd.it/tWcm,Wheel of Fortune and Fantasy,2021,4.07,59564,,2026-08-12T11:44:47Z
https://boxd.it/1cEQ33,Wheels,2014,4.5,,,2026-08-12T11:44:49Z
https://boxd.it/98hQ,Wheels,2014,3.46,763,,2026-08-12T11:44:49Z
https://boxd.it/19Ck,When a Woman Ascends the Stairs,1960,4.17,12053,,2026-08-12T11:44:50Z
https://boxd.it/1xigsr,When Harry Met Sally...,1989,4.5,,,2026-08-12T11:44:51Z
https://boxd.it/29W2,When Harry Met Sally...,1989,4.06,1278267,,2026-08-12T11:44:50Z
https://boxd.it/TRlA,When Life Gives You Tangerines,2025,4.64,150596,,2026-08-12T11:44:52Z
https://boxd.it/78pm,When Marnie Was There,2014,3.91,358996,,2026-08-12T11:44:52Z
https://boxd.it/JJ0,When the Cat Comes,1963,3.87,17722,,2026-08-12T11:44:53Z
https://boxd.it/WcCh1,When They See Us,2019,4.5,,,2026-08-12T11:44:54Z
https://boxd.it/kbJU,When They See Us,2019,4.58,135673,,2026-08-12T11:44:54Z
https://boxd.it/1VZm,When We Were Kings,1996,4.12,23248,,2026-08-12T11:44:55Z
https://boxd.it/3jHS,Where Does Your Hidden Smile Lie?,2001,4.07,2236,,2026-08-12T11:44:55Z
https://boxd.it/ELg,Where Is the Friend's House?,1987,4.37,141511,,2026-08-12T11:44:56Z
https://boxd.it/jNR6,While at War,2019,3.41,17223,,2026-08-12T11:44:57Z
https://boxd.it/Cp0A,While We Watched,2022,3.8,3428,,2026-08-12T11:44:57Z
https://boxd.it/7bQA,Whiplash,2014,4.42,4669864,,2026-08-12T11:44:59Z
https://boxd.it/WcBFr,Whiplash,2014,4.5,,,2026-08-12T11:44:59Z
https://boxd.it/17uy,Whisper of the Heart,1995,4.19,483946,,2026-08-12T11:45:00Z
https://boxd.it/1nuLmX,Whisper of the Heart,1995,4.5,,,2026-08-12T11:45:00Z
https://boxd.it/1SpK,White Chicks,2004,3.72,1582899,,2026-08-12T11:45:01Z
https://boxd.it/1Lw0,White Heat,1949,4.12,29111,,2026-08-12T11:45:02Z
https://boxd.it/NIg,White Material,2009,3.75,18810,,2026-08-12T11:45:02Z
https://boxd.it/jiaK,White Nights,1960,4.01,17379,,2026-08-12T11:45:03Z
https://boxd.it/eqGE,White Nights,2003,3.91,4270,,2026-08-12T11:45:04Z
https://boxd.it/8ND2,Who Am I,2014,3.53,51152,,2026-08-12T11:45:04Z
https://boxd.it/qCa,"Who Are You, Polly Maggoo?",1966,3.71,3864,,2026-08-12T11:45:05Z
https://boxd.it/jUOy,Who Is America?,2018,4.03,9285,,2026-08-12T11:45:05Z
https://boxd.it/2atK,Who's Afraid of Virginia Woolf?,1966,4.27,95366,,2026-08-12T11:45:06Z
https://boxd.it/bmtv3f,Who's Afraid of Virginia Woolf?,1966,4.0,,,2026-08-12T11:45:07Z
https://boxd.it/1HSc,Who's Singin' Over There?,1980,4.08,9295,,2026-08-12T11:45:07Z
https://boxd.it/4lnC,Why Don't You Play in Hell?,2013,3.99,24080,,2026-08-12T11:45:08Z
https://boxd.it/aQg,Why Has Bodhi-Dharma Left for the East?,1989,3.95,1767,,2026-08-12T11:45:09Z
https://boxd.it/JlTq,Wicker,2026,3.78,1372,,2026-08-12T11:45:09Z
https://boxd.it/e6gc,Widows,2018,3.56,150664,,2026-08-12T11:45:10Z
https://boxd.it/3i3i,Wife to Be Sacrificed,1974,3.3,679,,2026-08-12T11:45:11Z
https://boxd.it/6KQo,Wild,2014,3.64,112664,,2026-08-12T11:45:11Z
https://boxd.it/2aii,Wild at Heart,1990,3.93,308349,,2026-08-12T11:45:12Z
https://boxd.it/8zNsvD,Wild at Heart,1990,3.5,,,2026-08-12T11:45:13Z
https://boxd.it/ZLT4,Wild London,2026,4.12,2204,,2026-08-12T11:45:14Z
https://boxd.it/29ZU,Wild Strawberries,1957,4.32,184594,,2026-08-12T11:45:15Z
https://boxd.it/WcC4B,Wild Strawberries,1957,4.5,,,2026-08-12T11:45:16Z
https://boxd.it/7UmK,Wild Tales,2014,4.14,277079,,2026-08-12T11:45:16Z
https://boxd.it/WcBIv,Wild Tales,2014,4.0,,,2026-08-12T11:45:17Z
https://boxd.it/j1P2,Wild Wild Country,2018,4.02,30402,,2026-08-12T11:45:17Z
https://boxd.it/69ME,"Wildwood, NJ",1994,3.82,1283,,2026-08-12T11:45:18Z
https://boxd.it/4pt0,Willow Springs,1973,3.62,932,,2026-08-12T11:45:19Z
https://boxd.it/1NRO,Winchester '73,1950,3.88,25803,,2026-08-12T11:45:20Z
https://boxd.it/7fZQ,Wind,1996,3.98,5627,,2026-08-12T11:45:20Z
https://boxd.it/dR3i,Wind River,2017,3.84,366924,,2026-08-12T11:45:21Z
https://boxd.it/1osO,Wings,1927,3.77,24831,,2026-08-12T11:45:22Z
https://boxd.it/2b26,Wings of Desire,1987,4.3,197484,,2026-08-12T11:45:22Z
https://boxd.it/2n8VID,Wings of Desire,1987,4.5,,,2026-08-12T11:45:23Z
https://boxd.it/1nrU,Winter Light,1963,4.23,79375,,2026-08-12T11:45:23Z
https://boxd.it/bYWU,Winter on Fire: Ukraine's Fight for Freedom,2015,4.0,16406,,2026-08-12T11:45:24Z
https://boxd.it/2n8Vuh,Winter Sleep,2014,4.5,,,2026-08-12T11:45:25Z
https://boxd.it/7Ua0,Winter Sleep,2014,4.18,56453,,2026-08-12T11:45:25Z
https://boxd.it/1sKW,Wit,2001,3.75,7658,,2026-08-12T11:45:26Z
https://boxd.it/KLm,Witch's Cradle,1944,3.56,6834,,2026-08-12T11:45:27Z
https://boxd.it/ceMm,With a Little Patience,2007,3.61,973,,2026-08-12T11:45:27Z
https://boxd.it/1Qa4,Withnail & I,1987,3.96,108200,,2026-08-12T11:45:28Z
https://boxd.it/1Z4O,Witness,1985,3.7,111188,,2026-08-12T11:45:28Z
https://boxd.it/18H4,Witness for the Prosecution,1957,4.41,136182,,2026-08-12T11:45:29Z
https://boxd.it/WcC4L,Witness for the Prosecution,1957,4.5,,,2026-08-12T11:45:30Z
https://boxd.it/rc3Y,"Wittgenstein Plays Chess with Marcel Duchamp, or How Not to Do Philosophy",2020,3.55,1047,,2026-08-12T11:45:31Z
https://boxd.it/1Kz8,Wizards,1977,3.38,34909,,2026-08-12T11:45:32Z
https://boxd.it/rEIg,Wizards: Tales of Arcadia,2020,3.63,2885,,2026-08-12T11:45:32Z
https://boxd.it/3Qai,Wojaczek,1999,3.7,958,,2026-08-12T11:45:33Z
https://boxd.it/3Ipk,Wolf Children,2012,4.13,187879,,2026-08-12T11:45:34Z
https://boxd.it/fGrC,Wolfwalkers,2020,4.25,185107,,2026-08-12T11:45:34Z
https://boxd.it/2tnc,Woman in Chains,1968,3.8,5694,,2026-08-12T11:45:35Z
https://boxd.it/1JNS,Woman in the Dunes,1964,4.45,71398,,2026-08-12T11:45:36Z
https://boxd.it/1xighN,Woman in the Dunes,1964,4.5,,,2026-08-12T11:45:36Z
https://boxd.it/i1A,Womb,2010,3.09,11095,,2026-08-12T11:45:37Z
https://boxd.it/286,Women in Love,1969,3.77,11057,,2026-08-12T11:45:37Z
https://boxd.it/24GI,Women on the Verge of a Nervous Breakdown,1988,4.12,244660,,2026-08-12T11:45:38Z
https://boxd.it/tdq4,Women Talking,2022,3.81,204750,,2026-08-12T11:45:39Z
https://boxd.it/hDPU,Won't You Be My Neighbor?,2018,4.19,87111,,2026-08-12T11:45:39Z
https://boxd.it/ekeY,Wonder,2017,3.62,695511,,2026-08-12T11:45:40Z
https://boxd.it/mJ04,Woodlands Dark and Days Bewitched: A History of Folk Horror,2021,3.97,11755,,2026-08-12T11:45:41Z
https://boxd.it/1YCU,Woodstock,1970,4.19,18798,,2026-08-12T11:45:41Z
https://boxd.it/3sxC,Workers for the Good Lord,2000,3.95,1350,,2026-08-12T11:45:42Z
https://boxd.it/3kYA,Working Girls,1986,3.87,26003,,2026-08-12T11:45:43Z
https://boxd.it/Sss,World of Glory,1991,3.8,16949,,2026-08-12T11:45:43Z
https://boxd.it/4XJGRJ,World of Tomorrow,2015,5.0,,,2026-08-12T11:45:44Z
https://boxd.it/9Gr6,World of Tomorrow,2015,4.32,59889,,2026-08-12T11:45:44Z
https://boxd.it/rmsk,World of Tomorrow Episode Three: The Absent Destinations of David Prime,2020,4.3,9129,,2026-08-12T11:45:45Z
https://boxd.it/gU8m,World of Tomorrow Episode Two: The Burden of Other People's Thoughts,2017,4.29,15661,,2026-08-12T11:45:45Z
https://boxd.it/B9me,World on a Wire,1973,4.11,18222,,2026-08-12T11:45:46Z
https://boxd.it/1DVG,World's Greatest Dad,2009,3.42,30043,,2026-08-12T11:45:47Z
https://boxd.it/QH1a,Wormwood,2024,3.77,1594,,2026-08-12T11:45:48Z
https://boxd.it/WFK,WR: Mysteries of the Organism,1971,3.6,8629,,2026-08-12T11:45:49Z
https://boxd.it/2TTS,Wreck-It Ralph,2012,3.62,1319455,,2026-08-12T11:45:50Z
https://boxd.it/25Mi,Wuthering Heights,1939,3.62,39370,,2026-08-12T11:45:50Z
https://boxd.it/J44K,WWJD?,2024,3.79,4833,,2026-08-12T11:45:51Z
https://boxd.it/30h9YH,X,2022,3.5,,,2026-08-12T11:45:52Z
https://boxd.it/sxVa,X,2022,3.4,1755482,,2026-08-12T11:45:52Z
https://boxd.it/FOA,X-Men: First Class,2011,3.62,953560,,2026-08-12T11:45:53Z
https://boxd.it/1fX4,Xiu Xiu: The Sent-Down Girl,1998,3.76,3225,,2026-08-12T11:45:54Z
https://boxd.it/1nuLwj,Y Tu Mamá También,2001,4.0,,,2026-08-12T11:45:55Z
https://boxd.it/28QM,Y Tu Mamá También,2001,4.2,514706,,2026-08-12T11:45:54Z
https://boxd.it/HJAS,Yana-Wara,2023,3.86,2230,,2026-08-12T11:45:55Z
https://boxd.it/1Ekm,Yavarum Nalam,2009,3.6,14284,,2026-08-12T11:45:56Z
https://boxd.it/8Rw,Ye Maaya Chesave,2010,3.49,2931,,2026-08-12T11:45:57Z
https://boxd.it/1UQy,Year of the Dragon,1985,3.51,19934,,2026-08-12T11:45:57Z
https://boxd.it/3JYg,Yearning,1964,4.2,8683,,2026-08-12T11:45:58Z
https://boxd.it/nXu,Yeh Saali Zindagi,2011,3.44,412,,2026-08-12T11:45:59Z
https://boxd.it/9zp8,Yennai Arindhaal,2015,3.55,8041,,2026-08-12T11:45:59Z
https://boxd.it/7W9I,Yesterday,1988,3.83,1410,,2026-08-12T11:46:00Z
https://boxd.it/3a5g,Yesterday Girl,1966,3.61,2945,,2026-08-12T11:46:00Z
https://boxd.it/VZE,"Yesterday, Today and Tomorrow",1963,3.74,19459,,2026-08-12T11:46:01Z
https://boxd.it/1nuLw9,Yi Yi,2000,4.5,,,2026-08-12T11:46:02Z
https://boxd.it/1vCw,Yi Yi,2000,4.53,196575,,2026-08-12T11:46:02Z
https://boxd.it/6i3o,Yoddha,1992,3.77,3412,,2026-08-12T11:46:03Z
https://boxd.it/1ejM,You Can't Take It with You,1938,3.85,27394,,2026-08-12T11:46:04Z
https://boxd.it/52d6,You Killed Me First,1985,3.48,3781,,2026-08-12T11:46:04Z
https://boxd.it/88Te,"You're Sleeping, Nicole",2014,3.65,4507,,2026-08-12T11:46:05Z
https://boxd.it/7S6g,"You've Got Beautiful Stairs, You Know...",1986,3.38,6706,,2026-08-12T11:46:05Z
https://boxd.it/7Pyw,"You, the World and I",2010,3.45,904,,2026-08-12T11:46:06Z
https://boxd.it/25To,Young Frankenstein,1974,4.02,228507,,2026-08-12T11:46:07Z
https://boxd.it/Tsy,Young Mr. Lincoln,1939,3.89,16270,,2026-08-12T11:46:07Z
https://boxd.it/1R0u,Young People Fucking,2007,2.87,2189,,2026-08-12T11:46:08Z
https://boxd.it/WcC6n,Your Name.,2016,4.5,,,2026-08-12T11:46:10Z
https://boxd.it/cUqs,Your Name.,2016,4.23,1615040,,2026-08-12T11:46:10Z
https://boxd.it/9Y7S,Youth,2015,3.72,95871,,2026-08-12T11:46:11Z
https://boxd.it/2s86,Yuddham Sei,2011,3.62,2504,,2026-08-12T11:46:12Z
https://boxd.it/d1ws,Yuki's Sun,1972,3.08,26642,,2026-08-12T11:46:12Z
https://boxd.it/7wGQ,Yumeno Kyusaku's Girl Hell,1977,3.5,860,,2026-08-12T11:46:13Z
https://boxd.it/30h9Zv,Yuni,2021,5.0,,,2026-08-12T11:46:14Z
https://boxd.it/tXkw,Yuni,2021,3.83,15063,,2026-08-12T11:46:13Z
https://boxd.it/26pY,Z,1969,4.37,57831,,2026-08-12T11:46:15Z
https://boxd.it/30hah5,Z,1969,4.5,,,2026-08-12T11:46:16Z
https://boxd.it/25Yy,Zabriskie Point,1970,3.65,28221,,2026-08-12T11:46:16Z
https://boxd.it/4SKu,Zakhm,1998,3.53,576,,2026-08-12T11:46:17Z
https://boxd.it/WcCvx,Zakir Khan: Kaksha Gyarvi,2018,4.0,,,2026-08-12T11:46:18Z
https://boxd.it/kEGK,Zakir Khan: Kaksha Gyarvi,2018,3.58,482,,2026-08-12T11:46:17Z
https://boxd.it/n0B2,Zana,2019,3.6,1470,,2026-08-12T11:46:19Z
https://boxd.it/2aMs,Zatoichi,2003,3.68,29107,,2026-08-12T11:46:19Z
https://boxd.it/1QEo,Zeitgeist: Addendum,2008,3.37,2606,,2026-08-12T11:46:20Z
https://boxd.it/uE0,Zeitgeist: Moving Forward,2011,3.45,1787,,2026-08-12T11:46:21Z
https://boxd.it/1UOC,Zelig,1983,3.87,42463,,2026-08-12T11:46:21Z
https://boxd.it/ROW,Zero for Conduct,1933,3.72,18606,,2026-08-12T11:46:22Z
https://boxd.it/pLDe,ZeroZeroZero,2020,4.08,6609,,2026-08-12T11:46:23Z
https://boxd.it/WcBsR,Zindagi Na Milegi Dobara,2011,4.5,,,2026-08-12T11:46:24Z
https://boxd.it/efo,Zindagi Na Milegi Dobara,2011,4.01,71177,,2026-08-12T11:46:23Z
https://boxd.it/FYvO,Zita Sempri,2022,3.91,536,,2026-08-12T11:46:24Z
https://boxd.it/1En6,Zombieland,2009,3.52,1247114,,2026-08-12T11:46:25Z
https://boxd.it/WcBl7,Zombieland,2009,3.5,,,2026-08-12T11:46:26Z
https://boxd.it/1nuLyz,Zootopia,2016,4.0,,,2026-08-12T11:46:28Z
https://boxd.it/84xS,Zootopia,2016,3.78,2182717,,2026-08-12T11:46:27Z
https://boxd.it/37JW,Zorns Lemma,1970,3.79,2954,,2026-08-12T11:46:28Z
https://boxd.it/5de,À l'aventure,2008,3.32,1158,,2026-08-12T11:46:29Z
https://boxd.it/JMo,À propos de Nice,1930,3.72,10716,,2026-08-12T11:46:29Z
https://boxd.it/MHtU,Óbur,2024,3.63,273,,2026-08-12T11:46:30Z
https://boxd.it/240i,Ödipussi,1988,3.55,4601,,2026-08-12T11:46:31Z
