Date,Name,Year,Letterboxd URI
2020-01-11,Dhobi Ghat,2010,https://boxd.it/tae
2020-01-11,Conquest,1983,https://boxd.it/1sg8
2020-01-11,Insomnia,1997,https://boxd.it/1txk
2020-01-11,The Civil War,1990,https://boxd.it/1tWO
2020-01-11,National Geographic: Journey to the Edge of the Universe,2008,https://boxd.it/1IZy
2020-01-11,Hannibal,2001,https://boxd.it/1XVc
2020-01-11,Shakespeare in Love,1998,https://boxd.it/27Pe
2020-01-11,West Side Story,1961,https://boxd.it/28dK
2020-01-11,Chicago,2002,https://boxd.it/28zm
2020-01-11,Waqt,1965,https://boxd.it/2rkK
2020-01-11,Into the Universe with Stephen Hawking,2010,https://boxd.it/4dHE
2020-01-11,1971,2007,https://boxd.it/60hs
2020-01-11,City Lights,2014,https://boxd.it/8rN0
2020-01-11,Richard Jewell,2019,https://boxd.it/99Mg
2020-01-11,Same Kind of Different as Me,2017,https://boxd.it/9yCg
2020-01-11,Snowden,2016,https://boxd.it/9CWO
2020-01-11,Shut In,2016,https://boxd.it/aNX6
2020-01-11,Maigret,2016,https://boxd.it/dAP0
2020-01-11,Parinda,1989,https://boxd.it/leM
2020-01-11,Shree 420,1955,https://boxd.it/HgU
2020-01-11,Awaara,1951,https://boxd.it/14BQ
2020-01-11,Gangster,2006,https://boxd.it/15Yw
2020-01-11,Rocket Singh: Salesman of the Year,2009,https://boxd.it/1t7m
2020-01-11,Terms of Endearment,1983,https://boxd.it/1ULo
2020-01-11,Lovelace,2013,https://boxd.it/2H7W
2020-01-11,Devdas,1955,https://boxd.it/4oPk
2020-01-11,Island City,2015,https://boxd.it/c6Dc
2020-01-11,Graduation,2016,https://boxd.it/d0vI
2020-01-11,India In a Day,2016,https://boxd.it/etZu
2020-01-11,Untitled Sesame Street Movie,,https://boxd.it/kLTw
2020-01-11,The Walking Dead,1936,https://boxd.it/1svs
2020-01-11,Luther,2003,https://boxd.it/22Og
2020-01-11,Murder on the Orient Express,1974,https://boxd.it/24IY
2020-01-11,The X-Files,1998,https://boxd.it/29ta
2020-01-11,Generation Kill,2008,https://boxd.it/2jmI
2020-01-11,The Glass Shield,1994,https://boxd.it/2ps8
2020-01-11,The Inbetweeners Movie,2011,https://boxd.it/2v50
2020-01-11,Dr. Horrible's Sing-Along Blog,2008,https://boxd.it/2wqy
2020-01-11,Shameless,2012,https://boxd.it/4kbq
2020-01-11,House of Cards,1990,https://boxd.it/5tqG
2020-01-11,Bonnie & Clyde: Justified,2013,https://boxd.it/6NSC
2020-01-11,Escape from the Newsroom,2002,https://boxd.it/er7U
2020-01-11,Jerry Before Seinfeld,2017,https://boxd.it/gZDE
2020-01-11,Downton Abbey,2019,https://boxd.it/jvdM
2020-01-11,Scenes from a Marriage,1973,https://boxd.it/rx6u
2020-01-11,Brigada,2002,https://boxd.it/zsBo
2020-01-11,Like Crazy,2011,https://boxd.it/g4s
2020-01-11,Womb,2010,https://boxd.it/i1A
2020-01-11,Fuck,2005,https://boxd.it/1Bvm
2020-01-11,8x10 Tasveer,2009,https://boxd.it/1GvG
2020-01-11,Young People Fucking,2007,https://boxd.it/1R0u
2020-01-11,The Phantom of the Opera,2004,https://boxd.it/1XHu
2020-01-11,Phantasm,1979,https://boxd.it/1YaG
2020-01-11,Fanny and Alexander,1982,https://boxd.it/22go
2020-01-11,404: Error Not Found,2011,https://boxd.it/2qSw
2020-01-11,Homeland,2010,https://boxd.it/4iaA
2020-01-11,24,2016,https://boxd.it/cKPi
2020-01-11,Split,2016,https://boxd.it/dgSy
2020-01-11,Ola's Borgen,2016,https://boxd.it/dVNu
2020-01-11,24: Redemption,2008,https://boxd.it/OKMO
2020-01-11,Doctor Who,1996,https://boxd.it/1LJ4
2020-01-11,Mortuary,2005,https://boxd.it/1OvE
2020-01-11,Elegy,2008,https://boxd.it/1Thi
2020-01-11,The Count of Monte Cristo,2002,https://boxd.it/1U24
2020-01-11,Daredevil,2003,https://boxd.it/1YzG
2020-01-11,Escape from New York,1981,https://boxd.it/294k
2020-01-11,Silence,2016,https://boxd.it/2cAo
2020-01-11,John Adams,2008,https://boxd.it/3VKK
2020-01-11,Firefly,2005,https://boxd.it/4mu0
2020-01-11,Stephen Hawking's Grand Design,2012,https://boxd.it/5ae2
2020-01-11,The Arrested Development Documentary Project,2013,https://boxd.it/5LWA
2020-01-11,The Blue Planet,2001,https://boxd.it/62qQ
2020-01-11,Larry David: Curb Your Enthusiasm,1999,https://boxd.it/7L3a
2020-01-11,Tanna,2015,https://boxd.it/caI6
2020-01-11,Coupling,1999,https://boxd.it/ddMM
2020-01-11,Wind River,2017,https://boxd.it/dR3i
2020-01-11,Life,2017,https://boxd.it/dRqG
2020-01-11,Moothon,2019,https://boxd.it/gmlm
2020-01-11,Human Planet,2011,https://boxd.it/vSYK
2020-01-11,My Voyage to Italy,1999,https://boxd.it/x82
2020-01-11,Stardust,2007,https://boxd.it/272w
2020-01-11,Tigers,2014,https://boxd.it/8VLI
2020-01-11,The Tree of Courage,1972,https://boxd.it/dvuQ
2020-01-11,Joker,2016,https://boxd.it/dFbE
2020-01-11,Long Strange Trip,2017,https://boxd.it/fjis
2020-01-11,7 Days in Entebbe,2018,https://boxd.it/fnQS
2020-01-11,The Farthest,2017,https://boxd.it/futm
2020-01-11,Zoo,2017,https://boxd.it/hmp6
2020-01-11,Godless,2017,https://boxd.it/hAyG
2020-01-11,Love Ni Bhavai,2017,https://boxd.it/isVO
2020-01-11,Mudhalvan,1999,https://boxd.it/7Zu
2020-01-11,Indian,1996,https://boxd.it/1iUM
2020-01-11,The Last Waltz,1978,https://boxd.it/1P1U
2020-01-11,The Last Temptation of Christ,1988,https://boxd.it/1ULe
2020-01-11,After Hours,1985,https://boxd.it/1VfS
2020-01-11,The Ten Commandments,1956,https://boxd.it/21mg
2020-01-11,The Searchers,1956,https://boxd.it/25HC
2020-01-11,Cape Fear,1991,https://boxd.it/28vu
2020-01-11,The Magnificent Seven,1960,https://boxd.it/29bA
2020-01-11,Doctor Zhivago,1965,https://boxd.it/29jk
2020-01-11,The Wild Bunch,1969,https://boxd.it/2a5y
2020-01-11,High Noon,1952,https://boxd.it/2aGa
2020-01-11,Indru Netru Naalai,2015,https://boxd.it/aPrc
2020-01-11,Railway Children,2016,https://boxd.it/eYMQ
2020-01-11,The Great Father,2017,https://boxd.it/fbIW
2020-01-11,Velaikkaran,2017,https://boxd.it/giem
2020-01-11,Every Day,2018,https://boxd.it/gEhC
2020-01-11,Palli Paruvathile,2017,https://boxd.it/hwX8
2020-01-11,Aadu 2,2017,https://boxd.it/hP4Q
2020-01-11,Mufti,2017,https://boxd.it/i2vK
2020-01-11,The Lord of the Rings,1978,https://boxd.it/2b5k
2020-01-11,Arth,1982,https://boxd.it/3kBw
2020-01-11,Banshee Chapter,2013,https://boxd.it/6dJ0
2020-01-11,Siva,1989,https://boxd.it/bYhW
2020-01-11,Larceny,2017,https://boxd.it/fSuI
2020-01-11,Mayaanadhi,2017,https://boxd.it/goaU
2020-01-11,The Informer,2019,https://boxd.it/gGJI
2020-01-11,The Colour of Darkness,2017,https://boxd.it/gTJ2
2020-01-11,The Vietnam War,2017,https://boxd.it/h75q
2020-01-11,Dark Wind,2017,https://boxd.it/hAnI
2020-01-11,Twin Peaks: The Return,2017,https://boxd.it/hN9O
2020-01-11,Deception,2018,https://boxd.it/i5SW
2020-01-11,Primer,2004,https://boxd.it/6YA
2020-01-11,Mr. Nobody,2009,https://boxd.it/1k44
2020-01-11,Exam,2009,https://boxd.it/1mn8
2020-01-11,The Doors,1991,https://boxd.it/1W18
2020-01-11,Nineteen Eighty-Four,1984,https://boxd.it/1YZE
2020-01-11,88 Minutes,2007,https://boxd.it/25ke
2020-01-11,Identity,2003,https://boxd.it/26e2
2020-01-11,Hard Candy,2005,https://boxd.it/26vs
2020-01-11,The Butterfly Effect,2004,https://boxd.it/27M0
2020-01-11,Open Your Eyes,1997,https://boxd.it/27TU
2020-01-11,Primal Fear,1996,https://boxd.it/28ws
2020-01-11,The Talented Mr. Ripley,1999,https://boxd.it/2924
2020-01-11,Diabolique,1955,https://boxd.it/29we
2020-01-11,Angel Heart,1987,https://boxd.it/29WG
2020-01-11,The Experiment,2001,https://boxd.it/2a5I
2020-01-11,Cube,1997,https://boxd.it/2aoU
2020-01-11,Interpretation,2008,https://boxd.it/4miS
2020-01-11,The Gift,2015,https://boxd.it/aJMy
2020-01-11,Nocturnal Animals,2016,https://boxd.it/bkFu
2020-01-11,The Walls of Malapaga,1949,https://boxd.it/2UY
2020-01-11,Shoeshine,1946,https://boxd.it/UoM
2020-01-11,Monsieur Vincent,1947,https://boxd.it/Uqe
2020-01-11,Gate of Hell,1953,https://boxd.it/UHY
2020-01-11,Samurai I: Musashi Miyamoto,1954,https://boxd.it/1jfg
2020-01-11,Sita Sings the Blues,2008,https://boxd.it/1DkU
2020-01-11,Malena,2000,https://boxd.it/1Vc0
2020-01-11,Forbidden Games,1952,https://boxd.it/23ty
2020-01-11,The Last Emperor,1987,https://boxd.it/29Ji
2020-01-11,Mon Oncle,1958,https://boxd.it/2apy
2020-01-11,La Strada,1954,https://boxd.it/2asi
2020-01-11,Bad Education,2004,https://boxd.it/2b2K
2020-01-11,Deadwood Park,2007,https://boxd.it/37k8
2020-01-11,Midnight's Children,2012,https://boxd.it/41iC
2020-01-11,Parzania,2005,https://boxd.it/856I
2020-01-11,Anomalisa,2015,https://boxd.it/97TE
2020-01-11,The Ode,2008,https://boxd.it/abx0
2020-01-11,Anatomy of Violence,2016,https://boxd.it/erNw
2020-01-11,Begin the Beguine,1982,https://boxd.it/2Qly
2020-01-11,Dangerous Moves,1984,https://boxd.it/NZc
2020-01-11,Sundays and Cybele,1962,https://boxd.it/VxU
2020-01-11,"Yesterday, Today and Tomorrow",1963,https://boxd.it/VZE
2020-01-11,A Man and a Woman,1966,https://boxd.it/Wb6
2020-01-11,Black and White in Color,1976,https://boxd.it/XoK
2020-01-11,Black Orpheus,1959,https://boxd.it/11PU
2020-01-11,The Shop on Main Street,1965,https://boxd.it/1uSI
2020-01-11,Moscow Does Not Believe in Tears,1980,https://boxd.it/1CwU
2020-01-11,Mephisto,1981,https://boxd.it/1SN8
2020-01-11,The Virgin Spring,1960,https://boxd.it/1TjI
2020-01-11,Through a Glass Darkly,1961,https://boxd.it/1TrW
2020-01-11,Dersu Uzala,1975,https://boxd.it/1XRO
2020-01-11,Amarcord,1973,https://boxd.it/20NA
2020-01-11,The Garden of the Finzi-Continis,1970,https://boxd.it/23PE
2020-01-11,Get Out Your Handkerchiefs,1978,https://boxd.it/24A6
2020-01-11,Closely Watched Trains,1966,https://boxd.it/29Cm
2020-01-11,The Tin Drum,1979,https://boxd.it/29SO
2020-01-11,Madame Rosa,1977,https://boxd.it/2kha
2020-01-11,Burnt by the Sun,1994,https://boxd.it/CPq
2020-01-11,In a Better World,2010,https://boxd.it/RgA
2020-01-11,Journey of Hope,1990,https://boxd.it/YpE
2020-01-11,Mediterraneo,1991,https://boxd.it/16qK
2020-01-11,The Official Story,1985,https://boxd.it/1nS2
2020-01-11,Character,1997,https://boxd.it/1J8q
2020-01-11,Departures,2008,https://boxd.it/1JFa
2020-01-11,Babette's Feast,1987,https://boxd.it/1SYU
2020-01-11,Pelle the Conqueror,1987,https://boxd.it/1Usc
2020-01-11,The Barbarian Invasions,2003,https://boxd.it/1UMG
2020-01-11,The Counterfeiters,2007,https://boxd.it/20MM
2020-01-11,The Assault,1986,https://boxd.it/26ne
2020-01-11,Indochine,1992,https://boxd.it/26pu
2020-01-11,Belle Époque,1992,https://boxd.it/26FM
2020-01-11,The Sea Inside,2004,https://boxd.it/27S8
2020-01-11,Nowhere in Africa,2001,https://boxd.it/28wC
2020-01-11,The Maltese Falcon,1941,https://boxd.it/29c4
2020-01-11,Tsotsi,2005,https://boxd.it/29pC
2020-01-11,Kolya,1996,https://boxd.it/29Da
2020-01-11,"Crouching Tiger, Hidden Dragon",2000,https://boxd.it/2b1M
2020-01-11,All About My Mother,1999,https://boxd.it/2b9c
2020-01-11,Athadu,2005,https://boxd.it/18T0
2020-01-11,Harishchandrachi Factory,2009,https://boxd.it/1chY
2020-01-11,Sagara Sangamam,1983,https://boxd.it/1lQI
2020-01-11,Little Caesar,1931,https://boxd.it/1qIu
2020-01-11,White Heat,1949,https://boxd.it/1Lw0
2020-01-11,Angels with Dirty Faces,1938,https://boxd.it/1PBI
2020-01-11,Night of the Living Dead,1968,https://boxd.it/1WwA
2020-01-11,Born into Brothels: Calcutta's Red Light Kids,2004,https://boxd.it/28QC
2020-01-11,Planet of the Apes,1968,https://boxd.it/29p8
2020-01-11,8 Mile,2002,https://boxd.it/2bew
2020-01-11,We Need to Talk About Kevin,2011,https://boxd.it/2pTS
2020-01-11,Shala,2011,https://boxd.it/3boy
2020-01-11,Ardh Satya,1983,https://boxd.it/3vQi
2020-01-11,Balak Palak,2013,https://boxd.it/4tGs
2020-01-11,Natrang,2010,https://boxd.it/4XOc
2020-01-11,Kireedam,1989,https://boxd.it/5LXo
2020-01-11,Yoddha,1992,https://boxd.it/6i3o
2020-01-11,Fandry,2013,https://boxd.it/6NLQ
2020-01-11,Nadodikkattu,1987,https://boxd.it/8n3W
2020-01-11,Straight Outta Compton,2015,https://boxd.it/8rMc
2020-01-11,Score: A Film Music Documentary,2016,https://boxd.it/f630
2020-01-11,I Am,2011,https://boxd.it/6Tq
2020-01-11,Lost,2004,https://boxd.it/uhA
2020-01-11,Papillon,1973,https://boxd.it/22kK
2020-01-11,Mr. Smith Goes to Washington,1939,https://boxd.it/25Ms
2020-01-11,Young Frankenstein,1974,https://boxd.it/25To
2020-01-11,The Elephant Man,1980,https://boxd.it/27LQ
2020-01-11,Cool Hand Luke,1967,https://boxd.it/29jY
2020-01-11,Butch Cassidy and the Sundance Kid,1969,https://boxd.it/29Vy
2020-01-11,The Wizard of Oz,1939,https://boxd.it/29Xu
2020-01-11,Arsenic and Old Lace,1944,https://boxd.it/2aRW
2020-01-11,Baishe Srabon,2011,https://boxd.it/3ch4
2020-01-11,Rahasya,2015,https://boxd.it/aANC
2020-01-11,The Real Vikings,2013,https://boxd.it/d1r8
2020-01-11,The White Archer,2010,https://boxd.it/hPG6
2020-01-11,Naya Daur,1957,https://boxd.it/Hhy
2020-01-11,The Handmaid's Tale,1990,https://boxd.it/1CS2
2020-01-11,Dirty Harry,1971,https://boxd.it/299E
2020-01-11,Captain Phillips,2013,https://boxd.it/3GPK
2020-01-11,Devasuram,1993,https://boxd.it/707u
2020-01-11,Attack on Titan,2015,https://boxd.it/9mIc
2020-01-11,The Jinx: The Life and Deaths of Robert Durst,2015,https://boxd.it/aqAe
2020-01-11,Kshanam,2016,https://boxd.it/dtxo
2020-01-11,Ozark Sharks,2016,https://boxd.it/elBa
2020-01-11,The Defiant Ones,2017,https://boxd.it/fRJs
2020-01-11,The Originals,2017,https://boxd.it/gwy6
2020-01-11,Boro the Caterpillar,2018,https://boxd.it/ipeW
2020-01-11,Sharp Objects,2018,https://boxd.it/j3NM
2020-01-11,Who Is America?,2018,https://boxd.it/jUOy
2020-01-11,Paani,,https://boxd.it/kaI2
2020-01-11,Bommarillu,2006,https://boxd.it/1iG6
2020-01-11,The Treasure of the Sierra Madre,1948,https://boxd.it/25Lk
2020-01-11,Trance,2013,https://boxd.it/2cAS
2020-01-11,Jalsa,2008,https://boxd.it/2vs4
2020-01-11,Shanghai,2012,https://boxd.it/3rKg
2020-01-11,Legend,2014,https://boxd.it/7MS4
2020-01-11,Grindhouse,2007,https://boxd.it/8RwY
2020-01-11,Court,2014,https://boxd.it/96Fm
2020-01-11,Detective Byomkesh Bakshy!,2015,https://boxd.it/anzM
2020-01-11,Sully,2016,https://boxd.it/cD8Q
2020-01-11,Kumari 21F,2015,https://boxd.it/cPvW
2020-01-11,Pelli Choopulu,2016,https://boxd.it/dM0o
2020-01-11,Active Measures,2018,https://boxd.it/iW7a
2020-01-11,Arjun Suravaram,2019,https://boxd.it/kLC6
2020-01-11,T for Taj Mahal,2018,https://boxd.it/kXXK
2020-01-11,Being Cyrus,2005,https://boxd.it/1oEg
2020-01-11,Kaun?,1999,https://boxd.it/4y6Y
2020-01-11,Chaar Sahibzaade,2014,https://boxd.it/9FJo
2020-01-11,Nanak Shah Fakir,2014,https://boxd.it/bbDO
2020-01-11,The Old Man & the Gun,2018,https://boxd.it/fd1q
2020-01-11,III Smoking Barrels,2017,https://boxd.it/gH8I
2020-01-11,BlacKkKlansman,2018,https://boxd.it/hxL8
2020-01-11,Searching,2018,https://boxd.it/hDPg
2020-01-11,Sajjan Singh Rangroot,2018,https://boxd.it/hTYo
2020-01-11,Dr. Abdul Kalam,2018,https://boxd.it/ixOe
2020-01-11,Bulbul Can Sing,2018,https://boxd.it/jP6m
2020-01-11,The Rose,1979,https://boxd.it/1KlA
2020-01-11,O,2001,https://boxd.it/1UIY
2020-01-11,Trade,2007,https://boxd.it/24JM
2020-01-11,Here I Am,1962,https://boxd.it/536U
2020-01-11,A Soft Note on a Sharp Scale,1961,https://boxd.it/5bh2
2020-01-11,German Concentration Camps Factual Survey,2014,https://boxd.it/7ueA
2020-01-11,Ulidavaru Kandanthe,2014,https://boxd.it/7NJs
2020-01-11,Innocence,2013,https://boxd.it/8Uee
2020-01-11,Sand Castle,2017,https://boxd.it/dCo6
2020-01-11,Saeed Mirza: The Leftist Sufi,2016,https://boxd.it/eMaq
2020-01-11,Aaba,2017,https://boxd.it/gpHA
2020-01-11,Circle,2018,https://boxd.it/ifHE
2020-01-11,The Field,2018,https://boxd.it/jO5s
2020-01-11,The Sweet Requiem,2018,https://boxd.it/jRtC
2020-01-11,Johnny,2018,https://boxd.it/kPTq
2020-01-11,Jhalki,2019,https://boxd.it/mTL0
2020-01-11,Orchestra,2008,https://boxd.it/qNMa
2020-01-11,Rudraveena,1988,https://boxd.it/8t0
2020-01-11,Leader,2010,https://boxd.it/sc4
2020-01-11,Anjathe,2008,https://boxd.it/vve
2020-01-11,Aha Naa Pellanta!,1987,https://boxd.it/17VY
2020-01-11,Sankarabharanam,1980,https://boxd.it/1lZq
2020-01-11,Ab Tak Chhappan,2004,https://boxd.it/1JWg
2020-01-11,Suspicion,1941,https://boxd.it/1TNo
2020-01-11,The Fugitive,1993,https://boxd.it/230G
2020-01-11,Yuddham Sei,2011,https://boxd.it/2s86
2020-01-11,Manmadhudu,2002,https://boxd.it/2PKs
2020-01-11,Tholi Prema,1998,https://boxd.it/3Mpe
2020-01-11,Haasil,2003,https://boxd.it/3PAu
2020-01-11,Geethanjali,1989,https://boxd.it/4I5c
2020-01-11,Onaayum Aattukkuttiyum,2013,https://boxd.it/6DMa
2020-01-11,The Killing of a Sacred Deer,2017,https://boxd.it/dZ5G
2020-01-11,Dhruva,2016,https://boxd.it/etYQ
2020-01-11,Gali Guleiyan,2017,https://boxd.it/heeY
2020-01-11,Eighth Grade,2018,https://boxd.it/hDMG
2020-01-11,Laila Majnu,2018,https://boxd.it/jIfw
2020-01-11,Maniac,2018,https://boxd.it/jX9y
2020-01-11,Aa Naluguru,2004,https://boxd.it/1yAe
2020-01-11,The Cove,2009,https://boxd.it/1zCq
2020-01-11,Elizabeth,1998,https://boxd.it/24cS
2020-01-11,Gamyam,2008,https://boxd.it/2Pq8
2020-01-11,Tehkikaat,,https://boxd.it/3roO
2020-01-11,Sathuranga Vettai,2014,https://boxd.it/8HjK
2020-01-11,Ugramm,2014,https://boxd.it/dql0
2020-01-11,Byomkesh Bakshi,2015,https://boxd.it/e24m
2020-01-11,Let Me Fall,2018,https://boxd.it/hacY
2020-01-11,Angel,2018,https://boxd.it/hrji
2020-01-11,Won't You Be My Neighbor?,2018,https://boxd.it/hDPU
2020-01-11,Naadaga Medai,,https://boxd.it/igEQ
2020-01-11,Veera Bhoga Vasantha Rayalu,2018,https://boxd.it/knVy
2020-01-11,Chanakya,2019,https://boxd.it/msqE
2020-01-11,Breakfast at Tiffany's,1961,https://boxd.it/2aYS
2020-01-11,Aadukalam,2011,https://boxd.it/2elq
2020-01-11,Shaitan,2011,https://boxd.it/2v76
2020-01-11,My Guide,2013,https://boxd.it/6W5O
2020-01-11,Pashupati Prasad,2016,https://boxd.it/grJo
2020-01-11,Home Shopper,2018,https://boxd.it/hJWC
2020-01-11,Two Strangers Who Meet Five Times,2018,https://boxd.it/ifwQ
2020-01-11,Mudras Calling,2018,https://boxd.it/ivEG
2020-01-11,Chuchotage,2018,https://boxd.it/iNaa
2020-01-11,Fire in Cardboard City,2017,https://boxd.it/iZC6
2020-01-11,Baghead,2017,https://boxd.it/k8Ei
2020-01-11,Ekvtime: Man of God,2018,https://boxd.it/l2gQ
2020-01-11,"Ed, Edd n Eddy's Big Picture Show",2009,https://boxd.it/DYy
2020-01-11,Sympathy for the Underdog,1971,https://boxd.it/3bHK
2020-01-11,Sound,2013,https://boxd.it/7ej0
2020-01-11,Apur Panchali,2013,https://boxd.it/85zK
2020-01-11,Beasts of No Nation,2015,https://boxd.it/8Lp8
2020-01-11,Chotushkone,2014,https://boxd.it/9DoS
2020-01-11,Chaar Cutting,2015,https://boxd.it/bpN4
2020-01-11,Nannaku Prematho...,2016,https://boxd.it/cDnG
2020-01-11,Merku Thodarchi Malai,2018,https://boxd.it/ezfC
2020-01-11,Half Widow,2017,https://boxd.it/iQY8
2020-01-11,Bebaak,2019,https://boxd.it/o0gg
2020-01-11,American Gangster,2007,https://boxd.it/23wi
2020-01-11,A Star Is Born,1954,https://boxd.it/25I6
2020-01-11,As Good as It Gets,1997,https://boxd.it/268y
2020-01-11,The Best Years of Our Lives,1946,https://boxd.it/29my
2020-01-11,A Few Good Men,1992,https://boxd.it/29nw
2020-01-11,Black Hawk Down,2001,https://boxd.it/29rI
2020-01-11,Duel,1971,https://boxd.it/29ui
2020-01-11,Vedam,2010,https://boxd.it/3myk
2020-01-11,Kanaa,2018,https://boxd.it/jxJU
2020-01-11,Hearts and Minds,1974,https://boxd.it/WSE
2020-01-11,Suspect X,2008,https://boxd.it/X8s
2020-01-11,Cosy Dens,1999,https://boxd.it/1MkO
2020-01-11,Stay,2005,https://boxd.it/20BE
2020-01-11,The Trial,1962,https://boxd.it/25Xg
2020-01-11,Cloud Atlas,2012,https://boxd.it/2W60
2020-01-11,Montage,2013,https://boxd.it/5SR8
2020-01-11,Coherence,2013,https://boxd.it/6xza
2020-01-11,Attack,2016,https://boxd.it/dHni
2020-01-11,Godhi Banna Sadharana Mykattu,2016,https://boxd.it/e8aA
2020-01-11,Kahaani 2,2016,https://boxd.it/eAjq
2020-01-11,Good Luck,2017,https://boxd.it/gJCg
2020-01-11,Traffic,2014,https://boxd.it/hhdE
2020-01-11,Amoli,2018,https://boxd.it/iYSM
2020-01-11,Anukul,2017,https://boxd.it/lfDS
2020-01-11,Oysters at Nam Kee's,2002,https://boxd.it/17XA
2020-01-11,Battles Without Honor and Humanity,1973,https://boxd.it/1e0q
2020-01-11,Sarfarosh,1999,https://boxd.it/1iUi
2020-01-11,Wings,1927,https://boxd.it/1osO
2020-01-11,The Yakuza,1974,https://boxd.it/1pEm
2020-01-11,Paradise Lost: The Child Murders at Robin Hood Hills,1996,https://boxd.it/1J0m
2020-01-11,The Thin Blue Line,1988,https://boxd.it/1OnK
2020-01-11,Hotel Rwanda,2004,https://boxd.it/2aSA
2020-01-11,All Quiet on the Western Front,1930,https://boxd.it/2b2g
2020-01-11,Paruthiveeran,2007,https://boxd.it/2hOU
2020-01-11,Destiny's Son,1962,https://boxd.it/2tDY
2020-01-11,Into the Abyss,2011,https://boxd.it/2G0g
2020-01-11,The Staircase,2004,https://boxd.it/39c6
2020-01-11,Southpaw,2015,https://boxd.it/9Phu
2020-01-11,The Stanford Prison Experiment,2015,https://boxd.it/9QQK
2020-01-11,The Witness,2015,https://boxd.it/c3Z0
2020-01-11,Amanda Knox,2016,https://boxd.it/etNS
2020-01-11,The Keepers,2017,https://boxd.it/gmVu
2020-01-11,Evil Genius,2018,https://boxd.it/j57y
2020-01-11,Prasthanam,2010,https://boxd.it/yM8
2020-01-11,F for Fake,1973,https://boxd.it/VxA
2020-01-11,Bronson,2008,https://boxd.it/1GM8
2020-01-11,Bottle Rocket,1996,https://boxd.it/1PDa
2020-01-11,Training Day,2001,https://boxd.it/27A4
2020-01-11,Eraserhead,1977,https://boxd.it/299u
2020-01-11,Paradise Lost 3: Purgatory,2011,https://boxd.it/2Wty
2020-01-11,Baiju Bawra,1952,https://boxd.it/4YA6
2020-01-11,The Incident,2014,https://boxd.it/7Sps
2020-01-11,Pahuna: The Little Visitors,2017,https://boxd.it/hPW4
2020-01-11,One Cut of the Dead,2017,https://boxd.it/iAFu
2020-01-11,Kaatrin Mozhi,2018,https://boxd.it/jtiU
2020-01-11,They'll Love Me When I'm Dead,2018,https://boxd.it/jB6M
2020-01-11,Naal,2018,https://boxd.it/kAJg
2020-01-11,And The Oscar Goes To...,2019,https://boxd.it/laoy
2020-01-11,Madhuram Thirumadhuram,1976,https://boxd.it/ltYK
2020-01-11,Ivan's Childhood,1962,https://boxd.it/1j6y
2020-01-11,The Texas Chain Saw Massacre,1974,https://boxd.it/1lcS
2020-01-11,The Emperor's New Groove,2000,https://boxd.it/1Tey
2020-01-11,Django,1966,https://boxd.it/1Vr0
2020-01-11,Henry: Portrait of a Serial Killer,1986,https://boxd.it/1VCM
2020-01-11,Scent of a Woman,1992,https://boxd.it/1YAu
2020-01-11,Midnight Run,1988,https://boxd.it/1ZnQ
2020-01-11,Nostalgia,1983,https://boxd.it/28Qi
2020-01-11,The Thirteenth Floor,1999,https://boxd.it/294Y
2020-01-11,Scarface,1932,https://boxd.it/29oa
2020-01-11,Apocalypse: The Second World War,2009,https://boxd.it/2Mfm
2020-01-11,Led Zeppelin: Celebration Day,2012,https://boxd.it/4q1Q
2020-01-11,Dasharatham,1989,https://boxd.it/7iPY
2020-01-11,Kaalapani,1996,https://boxd.it/7ws0
2020-01-11,The Ballad of Buster Scruggs,2018,https://boxd.it/jB2q
2020-01-11,Ani... Dr. Kashinath Ghanekar,2018,https://boxd.it/ky38
2020-01-11,Dynasties,2018,https://boxd.it/kYtw
2020-01-11,A Stranger Among Us,1992,https://boxd.it/YOa
2020-01-11,Tosun Pasha,1976,https://boxd.it/15b0
2020-01-11,"Saban, Son of Saban",1977,https://boxd.it/1iRe
2020-01-11,The Chaos Class Failed the Class,1976,https://boxd.it/1iSQ
2020-01-11,The Chaos Class Is Waking Up,1976,https://boxd.it/1jaK
2020-01-11,The Chaos Class Is on Vacation,1977,https://boxd.it/1jby
2020-01-11,"Feyzo, The Polite One",1978,https://boxd.it/1sjm
2020-01-11,Khuda Kay Liye,2007,https://boxd.it/1yT6
2020-01-11,The Rainmaker,1997,https://boxd.it/1SD8
2020-01-11,Futurama: Bender's Big Score,2007,https://boxd.it/215Y
2020-01-11,The King of the Street Cleaners,1977,https://boxd.it/2Pli
2020-01-11,Wreck-It Ralph,2012,https://boxd.it/2TTS
2020-01-11,Antaheen,2008,https://boxd.it/3RjU
2020-01-11,Waar,2013,https://boxd.it/6Jto
2020-01-11,Naagarahaavu,1972,https://boxd.it/aEXQ
2020-01-11,Ashes in the Snow,2018,https://boxd.it/dELw
2020-01-11,Maya,2018,https://boxd.it/gUKq
2020-01-11,Tagaru,2018,https://boxd.it/itbC
2020-01-11,Gultoo,2018,https://boxd.it/iHgm
2020-01-11,Brexit: The Uncivil War,2019,https://boxd.it/jwtm
2020-01-11,Praana,2019,https://boxd.it/kEj2
2020-01-11,The Sound Story,2019,https://boxd.it/l3tQ
2020-01-11,The Employment,2008,https://boxd.it/PMk
2020-01-11,Lifeboat,1944,https://boxd.it/1Qpo
2020-01-11,Spellbound,1945,https://boxd.it/24Ji
2020-01-11,Bud Abbott and Lou Costello Meet Frankenstein,1948,https://boxd.it/25O4
2020-01-11,Intolerance: Love's Struggle Throughout the Ages,1916,https://boxd.it/25Qk
2020-01-11,Nosferatu,1922,https://boxd.it/29TM
2020-01-11,Batman,1989,https://boxd.it/2aIU
2020-01-11,Bol,2011,https://boxd.it/2uqc
2020-01-11,Les Misérables,2012,https://boxd.it/2TT4
2020-01-11,Bharatham,1991,https://boxd.it/7jw4
2020-01-11,The Sisters Brothers,2018,https://boxd.it/fDFm
2020-01-11,An Elephant Sitting Still,2018,https://boxd.it/i1EQ
2020-01-11,Rangbaaz,,https://boxd.it/kVM6
2020-01-11,Muthu,1995,https://boxd.it/8Ik
2020-01-11,Iruvar,1997,https://boxd.it/H2o
2020-01-11,Padayappa,1999,https://boxd.it/JvC
2020-01-11,Unthinkable,2010,https://boxd.it/16y0
2020-01-11,Rangeela,1995,https://boxd.it/1BGY
2020-01-11,Mera Naam Joker,1970,https://boxd.it/1BQY
2020-01-11,Unbreakable,2000,https://boxd.it/1XV2
2020-01-11,The Negotiator,1998,https://boxd.it/1YbO
2020-01-11,Battleship Potemkin,1925,https://boxd.it/29Vo
2020-01-11,Sethu...,1999,https://boxd.it/2hDs
2020-01-11,Pithamagan,2003,https://boxd.it/2hIs
2020-01-11,Naan Kadavul,2009,https://boxd.it/2i4S
2020-01-11,Abhimaan,1973,https://boxd.it/2Ajm
2020-01-11,Nandha,2001,https://boxd.it/3KkG
2020-01-11,Paradesi,2013,https://boxd.it/4EJC
2020-01-11,India's Daughter,2015,https://boxd.it/aIwu
2020-01-11,Blindspotting,2018,https://boxd.it/hDMw
2020-01-11,Soni,2018,https://boxd.it/jDV8
2020-01-11,The Civil Servant,2018,https://boxd.it/jGdo
2020-01-11,No Fathers in Kashmir,2019,https://boxd.it/nzPo
2020-01-11,Aayitha Ezhuthu,2004,https://boxd.it/5Y0
2020-01-11,Ye Maaya Chesave,2010,https://boxd.it/8Rw
2020-01-11,Vinnaithaandi Varuvaayaa,2010,https://boxd.it/1796
2020-01-11,October Sky,1999,https://boxd.it/1Q7u
2020-01-11,Water,2005,https://boxd.it/20Sq
2020-01-11,Earth,1998,https://boxd.it/20Te
2020-01-11,Matchstick Men,2003,https://boxd.it/215a
2020-01-11,Beetlejuice,1988,https://boxd.it/24QI
2020-01-11,Corpse Bride,2005,https://boxd.it/24WQ
2020-01-11,Sleepy Hollow,1999,https://boxd.it/26u0
2020-01-11,The People vs. Larry Flynt,1996,https://boxd.it/28rs
2020-01-11,Cinderella Man,2005,https://boxd.it/29he
2020-01-11,The Blues Brothers,1980,https://boxd.it/2adi
2020-01-11,Ed Wood,1994,https://boxd.it/2adM
2020-01-11,Lucky Number Slevin,2006,https://boxd.it/2aVu
2020-01-11,Brazil,1985,https://boxd.it/2be2
2020-01-11,Kandukondain Kandukondain,2000,https://boxd.it/2ha6
2020-01-11,Thenali,2000,https://boxd.it/2hSi
2020-01-11,Sorry to Bother You,2018,https://boxd.it/f21E
2020-01-11,Leave No Trace,2018,https://boxd.it/fMfM
2020-01-11,If Beale Street Could Talk,2018,https://boxd.it/gGhu
2020-01-11,American Animals,2018,https://boxd.it/hE4K
2020-01-11,Muslum,2018,https://boxd.it/jcPW
2020-01-11,The Beatles Anthology,1995,https://boxd.it/5He
2020-01-11,Ek Ruka Hua Faisla,1986,https://boxd.it/rje
2020-01-11,Rush: Beyond the Lighted Stage,2010,https://boxd.it/108U
2020-01-11,No Direction Home: Bob Dylan,2005,https://boxd.it/1FK6
2020-01-11,Scratch,2001,https://boxd.it/1FVS
2020-01-11,Anvil! The Story of Anvil,2008,https://boxd.it/1HzO
2020-01-11,The Devil and Daniel Johnston,2005,https://boxd.it/1QzI
2020-01-11,This Is Spinal Tap,1984,https://boxd.it/1UOs
2020-01-11,Woodstock,1970,https://boxd.it/1YCU
2020-01-11,Shine a Light,2008,https://boxd.it/20JS
2020-01-11,Gimme Shelter,1970,https://boxd.it/2b42
2020-01-11,Pearl Jam Twenty,2011,https://boxd.it/2lTO
2020-01-11,Mouna Raagam,1986,https://boxd.it/2SpW
2020-01-11,Searching for Sugar Man,2012,https://boxd.it/2Y3s
2020-01-11,Vinyl,1965,https://boxd.it/32DO
2020-01-11,Garm Hava,1973,https://boxd.it/5A2w
2020-01-11,Anjali,1990,https://boxd.it/6Cn4
2020-01-11,Wonder,2017,https://boxd.it/ekeY
2020-01-11,Ayla: The Daughter of War,2017,https://boxd.it/gWyw
2020-01-11,Cyborgs,2017,https://boxd.it/hrLQ
2020-01-11,South Wind,2018,https://boxd.it/k6G2
2020-01-11,A Personal Journey with Martin Scorsese Through American Movies,1995,https://boxd.it/RwhS
2020-01-11,George Harrison: Living in the Material World,2011,https://boxd.it/RWdM
2020-01-11,Conversations with a Killer: The Ted Bundy Tapes,2019,https://boxd.it/lhay
2020-01-11,Thevar Magan,1992,https://boxd.it/8pM
2020-01-11,Kuruthipunal,1995,https://boxd.it/8ry
2020-01-11,Hustle & Flow,2005,https://boxd.it/1Wau
2020-01-11,Traffic,2000,https://boxd.it/27Ue
2020-01-11,Jaws,1975,https://boxd.it/2a5e
2020-01-11,King of the Doormen,1977,https://boxd.it/2hMY
2020-01-11,Kattradhu Thamizh,2007,https://boxd.it/2hWE
2020-01-11,From the Village to the City,1974,https://boxd.it/2BjW
2020-01-11,Oru Vadakkan Veeragatha,1989,https://boxd.it/4MxE
2020-01-11,Widows,2018,https://boxd.it/e6gc
2020-01-11,The Invisible Guest,2016,https://boxd.it/euce
2020-01-11,Birds of Passage,2018,https://boxd.it/fyVu
2020-01-11,Light Arose,2017,https://boxd.it/fLpm
2020-01-11,Sudani from Nigeria,2018,https://boxd.it/idV0
2020-01-11,Ee Nagaraniki Emaindi?,2018,https://boxd.it/jnYq
2020-01-11,Eghantham,2018,https://boxd.it/k7uc
2020-01-11,Champion,2018,https://boxd.it/kPuK
2020-01-11,Sakalakalashala,2019,https://boxd.it/l0t4
2020-01-11,Gini Helida Kathe,,https://boxd.it/lyIW
2020-01-11,Mahanadhi,1994,https://boxd.it/8re
2020-01-11,Pushpaka Vimana,1987,https://boxd.it/19M0
2020-01-11,Michael Madana Kama Rajan,1990,https://boxd.it/1O5c
2020-01-11,Subramaniapuram,2008,https://boxd.it/2EKm
2020-01-11,Kilukkam,1991,https://boxd.it/4tpm
2020-01-11,Amaram,1991,https://boxd.it/70dC
2020-01-11,Pathemari,2015,https://boxd.it/8uZy
2020-01-11,Thaniyavarthanam,1987,https://boxd.it/9PQa
2020-01-11,Maheshinte Prathikaaram,2016,https://boxd.it/dhEM
2020-01-11,100 Years,2017,https://boxd.it/fvcG
2020-01-11,Angamaly Diaries,2017,https://boxd.it/fIEe
2020-01-11,Ananthu v/s Nusrath,2018,https://boxd.it/lvGS
2020-01-11,Striker,2019,https://boxd.it/lwFQ
2020-01-11,Moneyball,2011,https://boxd.it/glS
2020-01-11,The Lion in Winter,1968,https://boxd.it/1FVe
2020-01-11,The Greatest Game Ever Played,2005,https://boxd.it/1M8I
2020-01-11,The Tenant,1976,https://boxd.it/1TKk
2020-01-11,Patton,1970,https://boxd.it/1UnQ
2020-01-11,Remember the Titans,2000,https://boxd.it/1VLk
2020-01-11,The Legend of 1900,1998,https://boxd.it/1WpY
2020-01-11,The Diving Bell and the Butterfly,2007,https://boxd.it/27Di
2020-01-11,Freedom Writers,2007,https://boxd.it/28p2
2020-01-11,3 Deewarein,2003,https://boxd.it/2mmG
2020-01-11,Dhanak,2015,https://boxd.it/ap3I
2020-01-11,Theodore Case Test Film,1925,https://boxd.it/dqzc
2020-01-11,Thadam,2019,https://boxd.it/iiog
2020-01-11,The Illegal,2021,https://boxd.it/nWjU
2020-01-11,Dumbo,1941,https://boxd.it/1U2o
2020-01-11,Music and Lyrics,2007,https://boxd.it/1Usw
2020-01-11,Rosemary's Baby,1968,https://boxd.it/29zM
2020-01-11,The Rules of the Game,1939,https://boxd.it/29Es
2020-01-11,The Piano,1993,https://boxd.it/29Kq
2020-01-11,A Hard Day's Night,1964,https://boxd.it/29LS
2020-01-11,The Grapes of Wrath,1940,https://boxd.it/2a2u
2020-01-11,There's Something About Mary,1998,https://boxd.it/2aae
2020-01-11,The Straight Story,1999,https://boxd.it/2ass
2020-01-11,Mira,1971,https://boxd.it/3brM
2020-01-11,Kamaal Dhamaal Malamaal,2012,https://boxd.it/4ALE
2020-01-11,The Wandering Earth,2019,https://boxd.it/jtJc
2020-01-11,Apollo 11,2019,https://boxd.it/k4r0
2020-01-11,Bhai: Vyakti Ki Valli - Poorvardha,2019,https://boxd.it/l1AK
2020-01-11,Strike,2018,https://boxd.it/l3KW
2020-01-11,The Professional,2003,https://boxd.it/szM
2020-01-11,Manorama Six Feet Under,2007,https://boxd.it/Ngc
2020-01-11,Hungama,2003,https://boxd.it/1CiS
2020-01-11,After Life,1998,https://boxd.it/1HMI
2020-01-11,Mumbai Meri Jaan,2008,https://boxd.it/1JZE
2020-01-11,Wag the Dog,1997,https://boxd.it/2a3W
2020-01-11,Headhunters,2011,https://boxd.it/2sWA
2020-01-11,Virasat,1997,https://boxd.it/59T4
2020-01-11,Chithram,1988,https://boxd.it/5Mlq
2020-01-11,Dombivali Fast,2005,https://boxd.it/6IvI
2020-01-11,Thenmavin Kombath,1994,https://boxd.it/7gso
2020-01-11,Legend,2015,https://boxd.it/8qZY
2020-01-11,Polis,2014,https://boxd.it/azVg
2020-01-11,Neal Brennan: 3 Mics,2017,https://boxd.it/frAO
2020-01-11,Sin,2019,https://boxd.it/hXmy
2020-01-11,Deiva Thirumagal,2011,https://boxd.it/5CI
2020-01-11,Vettaiyaadu Vilaiyaadu,2006,https://boxd.it/6mw
2020-01-11,Vaaranam Aayiram,2008,https://boxd.it/15yo
2020-01-11,Khakee,2004,https://boxd.it/1Bxs
2020-01-11,Heima,2007,https://boxd.it/1Nnk
2020-01-11,Empire of the Sun,1987,https://boxd.it/1X4i
2020-01-11,Dazed and Confused,1993,https://boxd.it/1Ylk
2020-01-11,The Thin Red Line,1998,https://boxd.it/1ZTM
2020-01-11,Okkadu,2003,https://boxd.it/3iHC
2020-01-11,Ship of Theseus,2012,https://boxd.it/4c5O
2020-01-11,Memories,2013,https://boxd.it/6sNc
2020-01-11,Drishyam,2013,https://boxd.it/7avm
2020-01-11,Punjab 1984,2014,https://boxd.it/8r4a
2020-01-11,Hitchcock/Truffaut,2015,https://boxd.it/biqi
2020-01-11,Ennu Ninte Moideen,2015,https://boxd.it/cghg
2020-01-11,Charlie,2015,https://boxd.it/cV5q
2020-01-11,Idhu Vedhalam Sollum Kadhai,,https://boxd.it/ewcA
2020-01-11,An International Local Story,2019,https://boxd.it/m55e
2020-01-11,Virumaandi,2004,https://boxd.it/8tk
2020-01-11,Mr. and Mrs. Iyer,2002,https://boxd.it/ZZo
2020-01-11,Unnaipol Oruvan,2009,https://boxd.it/1wma
2020-01-11,Kabhi Haan Kabhi Naa,1994,https://boxd.it/1Mhg
2020-01-11,Pudhupettai,2006,https://boxd.it/2i1u
2020-01-11,I Am Kalam,2010,https://boxd.it/2qFs
2020-01-11,Pranchiyettan & The Saint,2010,https://boxd.it/2MDy
2020-01-11,Khushi,2001,https://boxd.it/2PAi
2020-01-11,Thanmathra,2005,https://boxd.it/2PPi
2020-01-11,Traffic,2011,https://boxd.it/4yTQ
2020-01-11,Naduvula Konjam Pakkatha Kaanom,2012,https://boxd.it/4EJM
2020-01-11,Zakhm,1998,https://boxd.it/4SKu
2020-01-11,Mumbai Police,2013,https://boxd.it/5LJQ
2020-01-11,Pinjar,2003,https://boxd.it/5YRS
2020-01-11,Classmates,2006,https://boxd.it/6UPq
2020-01-11,Spadikam,1995,https://boxd.it/746A
2020-01-11,Madras,2014,https://boxd.it/8Eu6
2020-01-11,Papanasam,2015,https://boxd.it/aPrG
2020-01-11,Kaakha Kaakha,2003,https://boxd.it/aQvk
2020-01-11,Oopiri,2016,https://boxd.it/cPiy
2020-01-11,Laal Rang,2016,https://boxd.it/dL32
2020-01-11,Take Off,2017,https://boxd.it/fgkg
2020-01-11,Thillu Mullu,1981,https://boxd.it/8jk
2020-01-11,Apoorva Sagodharargal,1989,https://boxd.it/8pi
2020-01-11,Gunaa,1991,https://boxd.it/8qg
2020-01-11,Mungaru Male,2006,https://boxd.it/14u6
2020-01-11,Carry On Jatta,2012,https://boxd.it/44lO
2020-01-11,Bhooter Bhabishyat,2012,https://boxd.it/48tW
2020-01-11,Godfather,1991,https://boxd.it/4lDq
2020-01-11,Ramji Rao Speaking,1989,https://boxd.it/4Lem
2020-01-11,Kaazhcha,2004,https://boxd.it/4OuC
2020-01-11,Aaram Thamburan,1997,https://boxd.it/5Y6W
2020-01-11,Thoovanathumbikal,1987,https://boxd.it/6hKc
2020-01-11,Oru CBI Diary Kurippu,1988,https://boxd.it/8tN2
2020-01-11,Guru,1997,https://boxd.it/8BIY
2020-01-11,In Harihar Nagar,1990,https://boxd.it/as1K
2020-01-11,Angrej,2015,https://boxd.it/bQfy
2020-01-11,Thithi,2015,https://boxd.it/c2cc
2020-01-11,Om,1995,https://boxd.it/c7cQ
2020-01-11,Kanche,2015,https://boxd.it/cCgE
2020-01-11,Chhello Divas,2015,https://boxd.it/cPbM
2020-01-11,Kammatti Paadam,2016,https://boxd.it/dY4s
2020-01-11,Maanagaram,2017,https://boxd.it/ewN2
2020-01-11,Raajakumara,2017,https://boxd.it/gcNA
2020-01-11,Thondimuthalum Driksakshiyum,2017,https://boxd.it/grc0
2020-01-11,Parava,2017,https://boxd.it/gRde
2020-01-11,Khaleja,2010,https://boxd.it/nKK
2020-01-11,Yeh Saali Zindagi,2011,https://boxd.it/nXu
2020-01-11,Phas Gaye Re Obama,2010,https://boxd.it/nY8
2020-01-11,Do Dooni Chaar,2010,https://boxd.it/wVC
2020-01-11,Rehnaa Hai Terre Dil Mein,2001,https://boxd.it/NdW
2020-01-11,Guzaarish,2010,https://boxd.it/ZbI
2020-01-11,Amar Akbar Anthony,1977,https://boxd.it/16Xa
2020-01-11,Agneepath,1990,https://boxd.it/18pE
2020-01-11,Qayamat Se Qayamat Tak,1988,https://boxd.it/1qyY
2020-01-11,Aankhen,2002,https://boxd.it/1BdM
2020-01-11,The Fall,2006,https://boxd.it/1NoM
2020-01-11,Chillar Party,2011,https://boxd.it/2uQa
2020-01-11,Mankatha,2011,https://boxd.it/2EwE
2020-01-11,Dookudu,2011,https://boxd.it/2N9E
2020-01-11,Sandhesam,1991,https://boxd.it/4lD6
2020-01-11,Kai Po Che!,2013,https://boxd.it/5cWU
2020-01-11,Seethamma Vakitlo Sirimalle Chettu,2013,https://boxd.it/5PiO
2020-01-11,Dum Laga Ke Haisha,2015,https://boxd.it/aA8O
2020-01-11,Srimanthudu,2015,https://boxd.it/bTA0
2020-01-11,Trapped,2017,https://boxd.it/fj8i
2020-01-11,Ko,2011,https://boxd.it/6p6
2020-01-11,Ghilli,2004,https://boxd.it/6qe
2020-01-11,Peepli Live,2010,https://boxd.it/RGo
2020-01-11,Mr. India,1987,https://boxd.it/YeQ
2020-01-11,Darr,1993,https://boxd.it/1cSK
2020-01-11,Border,1997,https://boxd.it/1g3w
2020-01-11,Don,1978,https://boxd.it/1g6A
2020-01-11,Baazigar,1993,https://boxd.it/1EK0
2020-01-11,Bheja Fry,2007,https://boxd.it/1Mio
2020-01-11,Samsara,2001,https://boxd.it/20kS
2020-01-11,Aarya,2004,https://boxd.it/2Pgi
2020-01-11,Vicky Donor,2012,https://boxd.it/3vYm
2020-01-11,English Vinglish,2012,https://boxd.it/3Weq
2020-01-11,Madras Cafe,2013,https://boxd.it/6qgU
2020-01-11,Velaiyilla Pattathari,2014,https://boxd.it/7OWi
2020-01-11,Kapoor & Sons,2016,https://boxd.it/cZDm
2020-01-11,Neerja,2016,https://boxd.it/d6kc
2020-01-11,Raman Raghav 2.0,2016,https://boxd.it/dL2S
2020-01-11,Shaadi Mein Zaroor Aana,2017,https://boxd.it/hhx0
2020-01-11,Abrahaminte Santhathikal,2018,https://boxd.it/ji2w
2020-01-11,Goodachari,2018,https://boxd.it/jGLg
2020-01-11,Geetha Govindam,2018,https://boxd.it/jHkg
2020-01-11,The Man from Nowhere,2010,https://boxd.it/AZy
2020-01-11,Once Upon a Time in Mumbaai,2010,https://boxd.it/VDo
2020-01-11,Sarkar,2005,https://boxd.it/1CDm
2020-01-11,Kaminey,2009,https://boxd.it/1D3u
2020-01-11,The Chaser,2008,https://boxd.it/1PgU
2020-01-11,Ponyo,2008,https://boxd.it/1S0A
2020-01-11,Tae Guk Gi: The Brotherhood of War,2004,https://boxd.it/1Tjo
2020-01-11,Castle in the Sky,1986,https://boxd.it/1W4G
2020-01-11,Collateral,2004,https://boxd.it/28F0
2020-01-11,Kadhal Konden,2003,https://boxd.it/2hZo
2020-01-11,Chachi 420,1997,https://boxd.it/4lsC
2020-01-11,The Good Lie,2014,https://boxd.it/7l76
2020-01-11,The Light Between Oceans,2016,https://boxd.it/8Lf8
2020-01-11,NH10,2015,https://boxd.it/aOPW
2020-01-11,Tamasha,2015,https://boxd.it/bgLI
2020-01-11,Train to Busan,2016,https://boxd.it/dSQU
2020-01-11,The Most Hated Woman in America,2017,https://boxd.it/e7fE
2020-01-11,Nedunalvaadai,2019,https://boxd.it/lEUu
2020-01-11,Rakht Charitra,2010,https://boxd.it/H32
2020-01-11,Prince of the City,1981,https://boxd.it/1hQY
2020-01-11,The Wrestler,2008,https://boxd.it/1So8
2020-01-11,Repulsion,1965,https://boxd.it/1TKu
2020-01-11,Blood Simple,1984,https://boxd.it/1U16
2020-01-11,Cop Land,1997,https://boxd.it/27ly
2020-01-11,Apollo 13,1995,https://boxd.it/2a6G
2020-01-11,Raising Arizona,1987,https://boxd.it/2avQ
2020-01-11,Walk the Line,2005,https://boxd.it/2bdS
2020-01-11,Samsara,2011,https://boxd.it/3ada
2020-01-11,Snowpiercer,2013,https://boxd.it/3Icg
2020-01-11,Enemy,2013,https://boxd.it/5xtO
2020-01-11,Thanga Meenkal,2013,https://boxd.it/6u1a
2020-01-11,Ascension,2014,https://boxd.it/a2SS
2020-01-11,Above Suspicion,2019,https://boxd.it/eTZU
2020-01-11,Her Smell,2018,https://boxd.it/iT5q
2020-01-11,Taking the Horse to Eat Jalebis,2018,https://boxd.it/kp1i
2020-01-11,Superbabies: Baby Geniuses 2,2004,https://boxd.it/1jOA
2020-01-11,Disaster Movie,2008,https://boxd.it/1Pnc
2020-01-11,What Ever Happened to Baby Jane?,1962,https://boxd.it/1WJE
2020-01-11,Son of the Mask,2005,https://boxd.it/1WNQ
2020-01-11,My Left Foot: The Story of Christy Brown,1989,https://boxd.it/1WW4
2020-01-11,Milk,2008,https://boxd.it/1WZC
2020-01-11,Epic Movie,2007,https://boxd.it/1XSs
2020-01-11,The Insider,1999,https://boxd.it/1ZoE
2020-01-11,The Assassination of Jesse James by the Coward Robert Ford,2007,https://boxd.it/24dG
2020-01-11,A Trip to the Moon,1902,https://boxd.it/29EC
2020-01-11,Inside Man,2006,https://boxd.it/2auS
2020-01-11,Diamonds of the Night,1964,https://boxd.it/3rCG
2020-01-11,Taramani,2017,https://boxd.it/8Btk
2020-01-11,Racing Extinction,2015,https://boxd.it/9yQi
2020-01-11,Reis,2017,https://boxd.it/eUmk
2020-01-11,Cumali Ceber: Allah Seni Alsın,2017,https://boxd.it/gQHW
2020-01-11,60 Vayadhu Maaniram,2018,https://boxd.it/jG18
2020-01-11,Madura Raja,2019,https://boxd.it/kSA2
2020-01-11,Unbroken,2019,https://boxd.it/lfvE
2020-01-11,Mehandi Circus,2019,https://boxd.it/lWYO
2020-01-11,Jungle Emperor,1966,https://boxd.it/zlqy
2020-01-11,You Can't Take It with You,1938,https://boxd.it/1ejM
2020-01-11,Grand Hotel,1932,https://boxd.it/1f2C
2020-01-11,Mr. Deeds Goes to Town,1936,https://boxd.it/1wWM
2020-01-11,Nightmare Alley,1947,https://boxd.it/1Fya
2020-01-11,Wizards,1977,https://boxd.it/1Kz8
2020-01-11,Boyz n the Hood,1991,https://boxd.it/29Ug
2020-01-11,Deool,2011,https://boxd.it/3iKQ
2020-01-11,Wolf Children,2012,https://boxd.it/3Ipk
2020-01-11,Adaminte Makan Abu,2011,https://boxd.it/4i4W
2020-01-11,Udayananu Tharam,2005,https://boxd.it/74LS
2020-01-11,Byari,2011,https://boxd.it/aGZE
2020-01-11,Kaasav: Turtle,2016,https://boxd.it/gpxK
2020-01-11,Danger Close: The Battle of Long Tan,2019,https://boxd.it/iojG
2020-01-11,Barry,2018,https://boxd.it/kCBI
2020-01-11,Satyakam,1969,https://boxd.it/HgK
2020-01-11,Coming Home,1978,https://boxd.it/1iBA
2020-01-11,Winter Light,1963,https://boxd.it/1nrU
2020-01-11,Shame,1968,https://boxd.it/1tZo
2020-01-11,Page 3,2005,https://boxd.it/1DaK
2020-01-11,The Last Detail,1973,https://boxd.it/1Nbe
2020-01-11,The Silence,1963,https://boxd.it/1TH6
2020-01-11,In the Heat of the Night,1967,https://boxd.it/1VLY
2020-01-11,Being There,1979,https://boxd.it/1WxS
2020-01-11,The Darjeeling Limited,2007,https://boxd.it/24as
2020-01-11,Kutty Srank,2010,https://boxd.it/2Do0
2020-01-11,Anuradha,1960,https://boxd.it/2SlA
2020-01-11,Shwaas,2004,https://boxd.it/3SVK
2020-01-11,Kanchivaram,2008,https://boxd.it/4ORc
2020-01-11,Kaalpurush,2005,https://boxd.it/589O
2020-01-11,Bhuvan Shome,1969,https://boxd.it/6itG
2020-01-11,Teesri Kasam,1966,https://boxd.it/7B30
2020-01-11,Damul,1985,https://boxd.it/7Vvy
2020-01-11,The Royal Hunt,1977,https://boxd.it/8O2w
2020-01-11,Shehar Aur Sapna,1961,https://boxd.it/aGWA
2020-01-11,The Catastrophe,1987,https://boxd.it/aGXe
2020-01-11,Pulijanmam,2006,https://boxd.it/aGZu
2020-01-11,Fanny and Alexander,1984,https://boxd.it/lXFe
2020-01-11,Kick,2009,https://boxd.it/f8y
2020-01-11,The Passenger,1975,https://boxd.it/1Y8q
2020-01-11,Brick,2005,https://boxd.it/1Z6A
2020-01-11,School of Rock,2003,https://boxd.it/28xK
2020-01-11,Babel,2006,https://boxd.it/292o
2020-01-11,Barton Fink,1991,https://boxd.it/2aFQ
2020-01-11,Manmadhan,2004,https://boxd.it/2hKe
2020-01-11,Chatrapathi,2005,https://boxd.it/2KOa
2020-01-11,Anukokunda Oka Roju,2005,https://boxd.it/2P6W
2020-01-11,Malliswari,2004,https://boxd.it/2PKC
2020-01-11,Varsham,2004,https://boxd.it/2SQI
2020-01-11,Businessman,2012,https://boxd.it/2WYm
2020-01-11,Missamma,1955,https://boxd.it/33l2
2020-01-11,Madhumati,1958,https://boxd.it/5cy4
2020-01-11,Happy Days,2007,https://boxd.it/5ZVc
2020-01-11,Aithe,2003,https://boxd.it/a1hc
2020-01-11,Green Room,2015,https://boxd.it/a75m
2020-01-11,Bhale Bhale Magadivoy,2015,https://boxd.it/cJD6
2020-01-11,Atlantics,2019,https://boxd.it/hVEK
2020-01-11,1985,2018,https://boxd.it/i8ke
2020-01-11,The Whistlers,2019,https://boxd.it/iefE
2020-01-11,Too Old to Die Young,2019,https://boxd.it/mwtW
2020-01-11,Sathi Leelavathi,1995,https://boxd.it/8ro
2020-01-11,The Witness,1969,https://boxd.it/10sg
2020-01-11,Boot Polish,1954,https://boxd.it/1fhM
2020-01-11,Awakenings,1990,https://boxd.it/1USu
2020-01-11,Misery,1990,https://boxd.it/28gY
2020-01-11,Moulin Rouge!,2001,https://boxd.it/29wI
2020-01-11,The Young and the Damned,1950,https://boxd.it/29AA
2020-01-11,Thamizh Padam,2010,https://boxd.it/3DrU
2020-01-11,Sara Akash,1969,https://boxd.it/7DJC
2020-01-11,Bacurau,2019,https://boxd.it/fSUG
2020-01-11,Beanpole,2019,https://boxd.it/iK9S
2020-01-11,100,2019,https://boxd.it/jt5w
2020-01-11,Your Name,,https://boxd.it/kens
2020-01-11,Summer of Changsha,2019,https://boxd.it/lXDW
2020-01-11,Poetry,2010,https://boxd.it/JAs
2020-01-11,Summer Wars,2009,https://boxd.it/1oDC
2020-01-11,Days of Being Wild,1990,https://boxd.it/1HbC
2020-01-11,A Bittersweet Life,2005,https://boxd.it/1U4Y
2020-01-11,Black Snake Moan,2006,https://boxd.it/20KQ
2020-01-11,Monster,2003,https://boxd.it/2afy
2020-01-11,Silenced,2011,https://boxd.it/2QGG
2020-01-11,Saaransh,1984,https://boxd.it/4ifU
2020-01-11,Miracle in Cell No. 7,2013,https://boxd.it/4Xws
2020-01-11,My Own,1994,https://boxd.it/5YBq
2020-01-11,Sadak,1991,https://boxd.it/6N5q
2020-01-11,Hope,2013,https://boxd.it/7x5Q
2020-01-11,The Wailing,2016,https://boxd.it/9fLy
2020-01-11,Soorma,2018,https://boxd.it/hDYW
2020-01-11,Konttho,2019,https://boxd.it/mbA8
2020-01-11,A Cop,1972,https://boxd.it/W8G
2020-01-11,Buried,2010,https://boxd.it/1tXC
2020-01-11,The Road,2009,https://boxd.it/1CWI
2020-01-11,Dororo,2007,https://boxd.it/1KyY
2020-01-11,The Man from Earth,2007,https://boxd.it/1Ql2
2020-01-11,Raise the Red Lantern,1991,https://boxd.it/1WlC
2020-01-11,Jacob's Ladder,1990,https://boxd.it/270g
2020-01-11,Malcolm X,1992,https://boxd.it/27WE
2020-01-11,Lord of War,2005,https://boxd.it/284y
2020-01-11,"sex, lies, and videotape",1989,https://boxd.it/28Oc
2020-01-11,Easy Rider,1969,https://boxd.it/29Ys
2020-01-11,The Wages of Fear,1953,https://boxd.it/2aSK
2020-01-11,Happy Valley,2014,https://boxd.it/7lpY
2020-01-11,Kodachrome,2017,https://boxd.it/ePjK
2020-01-11,The Mountain,2018,https://boxd.it/ic8G
2020-01-11,Waiting for the Barbarians,2019,https://boxd.it/igTw
2020-01-11,For Sama,2019,https://boxd.it/l9wQ
2020-01-11,La Belle Époque,2019,https://boxd.it/lXCE
2020-01-11,What's My Name | Muhammad Ali,2019,https://boxd.it/lZtY
2020-01-11,Land and Freedom,1995,https://boxd.it/14Xi
2020-01-11,Time Bandits,1981,https://boxd.it/19KI
2020-01-11,Bob le Flambeur,1956,https://boxd.it/1uC6
2020-01-11,Le Deuxième Souffle,1966,https://boxd.it/1wvG
2020-01-11,Polytechnique,2009,https://boxd.it/1AMG
2020-01-11,Army of Shadows,1969,https://boxd.it/1Mli
2020-01-11,Porco Rosso,1992,https://boxd.it/1Tp2
2020-01-11,Le Samouraï,1967,https://boxd.it/22ZI
2020-01-11,Frida,2002,https://boxd.it/28Vi
2020-01-11,Garden State,2004,https://boxd.it/2asW
2020-01-11,28 Days Later,2002,https://boxd.it/2aXU
2020-01-11,Neecha Nagar,1946,https://boxd.it/4S4y
2020-01-11,Vivaldi,,https://boxd.it/58ZU
2020-01-11,Hunt for the Wilderpeople,2016,https://boxd.it/cTgG
2020-01-11,"I, Daniel Blake",2016,https://boxd.it/d0xa
2020-01-11,Sorry We Missed You,2019,https://boxd.it/iXBg
2020-01-11,The Perfection,2018,https://boxd.it/jgxW
2020-01-11,Les Misérables,2019,https://boxd.it/lAPA
2020-01-11,The French Detective,1975,https://boxd.it/jMM
2020-01-11,La Notte,1961,https://boxd.it/10iU
2020-01-11,True Lies,1994,https://boxd.it/19pq
2020-01-11,Assault on Precinct 13,1976,https://boxd.it/1I2c
2020-01-11,Gone Baby Gone,2007,https://boxd.it/23R6
2020-01-11,The Devil's Rejects,2005,https://boxd.it/28hC
2020-01-11,Jules and Jim,1962,https://boxd.it/28rM
2020-01-11,Apocalypto,2006,https://boxd.it/28yy
2020-01-11,Judgment at Nuremberg,1961,https://boxd.it/29xc
2020-01-11,A Serbian Film,2010,https://boxd.it/2wBc
2020-01-11,Love Me Deadly,1972,https://boxd.it/3dlG
2020-01-11,La libertad,2001,https://boxd.it/3if4
2020-01-11,The Urban Crisis and the New Militants: Module 7 - Cicero March,1966,https://boxd.it/7dVW
2020-01-11,mid90s,2018,https://boxd.it/fxIa
2020-01-11,The Gentlemen,2019,https://boxd.it/iYBQ
2020-01-11,The Resurrection of the Christ: Part One,2027,https://boxd.it/jnLc
2020-01-11,Aandhi,1975,https://boxd.it/ir4
2020-01-11,District 9,2009,https://boxd.it/1Iik
2020-01-11,PlayTime,1967,https://boxd.it/1WLK
2020-01-11,3:10 to Yuma,2007,https://boxd.it/23g0
2020-01-11,Sympathy for Mr. Vengeance,2002,https://boxd.it/23WU
2020-01-11,Orpheus,1950,https://boxd.it/247o
2020-01-11,Anatomy of a Murder,1959,https://boxd.it/2baa
2020-01-11,The Turin Horse,2011,https://boxd.it/2Qsk
2020-01-11,Yennai Arindhaal,2015,https://boxd.it/9zp8
2020-01-11,Pisaasu,2014,https://boxd.it/9ZDK
2020-01-11,Anthropoid,2016,https://boxd.it/bOr8
2020-01-11,Thupparivaalan,2017,https://boxd.it/esI8
2020-01-11,New Delhi Times,1986,https://boxd.it/fIZ2
2020-01-11,The Cold Blue,2018,https://boxd.it/j1b2
2020-01-11,The Passion of Anna,1969,https://boxd.it/Wus
2020-01-11,The Lost Weekend,1945,https://boxd.it/1pgE
2020-01-11,Late Spring,1949,https://boxd.it/1DkK
2020-01-11,Hour of the Wolf,1968,https://boxd.it/1H9G
2020-01-11,The Battle of Algiers,1966,https://boxd.it/1IRY
2020-01-11,Fantastic Planet,1973,https://boxd.it/1KnQ
2020-01-11,Gaslight,1944,https://boxd.it/1PYs
2020-01-11,Il Mare,2000,https://boxd.it/1RuO
2020-01-11,Nekromantik,1988,https://boxd.it/1T0w
2020-01-11,Smiles of a Summer Night,1955,https://boxd.it/1TcM
2020-01-11,Sabrina,1954,https://boxd.it/21tc
2020-01-11,Midnight Cowboy,1969,https://boxd.it/25Hi
2020-01-11,Dances with Wolves,1990,https://boxd.it/2a4K
2020-01-11,Notorious,1946,https://boxd.it/2aDK
2020-01-11,"Black God, White Devil",1964,https://boxd.it/2fmY
2020-01-11,Bo Burnham: What.,2013,https://boxd.it/7au4
2020-01-11,The Look of Silence,2014,https://boxd.it/8006
2020-01-11,Only the Brave,2017,https://boxd.it/dRqw
2020-01-11,Bo Burnham: Make Happy,2016,https://boxd.it/e436
2020-01-11,Deadwood: The Movie,2019,https://boxd.it/jBYE
2020-01-11,Eyes Without a Face,1960,https://boxd.it/1j9i
2020-01-11,A Prophet,2009,https://boxd.it/1BGE
2020-01-11,Suspiria,1977,https://boxd.it/1SNW
2020-01-11,Nobody Knows,2004,https://boxd.it/26E0
2020-01-11,Children of Paradise,1945,https://boxd.it/26H4
2020-01-11,The Beat That My Heart Skipped,2005,https://boxd.it/28CK
2020-01-11,Chimes at Midnight,1965,https://boxd.it/299k
2020-01-11,Amour,2012,https://boxd.it/34Q6
2020-01-11,Pupa,2018,https://boxd.it/jJnG
2020-01-11,Virus,2019,https://boxd.it/lwO4
2020-01-11,Kolaigaran,2019,https://boxd.it/lBfe
2020-01-11,Reva,2018,https://boxd.it/mAse
2020-01-11,Undone,2019,https://boxd.it/nKS4
2020-01-11,The Skin I Live In,2011,https://boxd.it/99A
2020-01-11,Raven,1996,https://boxd.it/19BG
2020-01-11,Yavarum Nalam,2009,https://boxd.it/1Ekm
2020-01-11,Blow Out,1981,https://boxd.it/1TlE
2020-01-11,Dressed to Kill,1980,https://boxd.it/1UO8
2020-01-11,Sleeping Beauty,1959,https://boxd.it/1V9A
2020-01-11,The Right Stuff,1983,https://boxd.it/1YoS
2020-01-11,Carlito's Way,1993,https://boxd.it/226e
2020-01-11,Women on the Verge of a Nervous Breakdown,1988,https://boxd.it/24GI
2020-01-11,Fahrenheit 451,1966,https://boxd.it/28fw
2020-01-11,State of Grace,1990,https://boxd.it/28ms
2020-01-11,Close Encounters of the Third Kind,1977,https://boxd.it/29u8
2020-01-11,Blind Chance,1987,https://boxd.it/2b4G
2020-01-11,The Untouchables,1987,https://boxd.it/2b6i
2020-01-11,The Breadwinner,2017,https://boxd.it/frLs
2020-01-11,Unda,2019,https://boxd.it/kSy6
2020-01-11,Moondram Pirai,1982,https://boxd.it/8lq
2020-01-11,The Secret World of Arrietty,2010,https://boxd.it/AF4
2020-01-11,The Wrong Man,1956,https://boxd.it/1AqK
2020-01-11,Shadow of a Doubt,1943,https://boxd.it/1BtA
2020-01-11,Lady Vengeance,2005,https://boxd.it/248G
2020-01-11,The Lady Vanishes,1938,https://boxd.it/29ea
2020-01-11,The Man Who Knew Too Much,1956,https://boxd.it/2a5S
2020-01-11,Frenzy,1972,https://boxd.it/2a62
2020-01-11,To Catch a Thief,1955,https://boxd.it/2avm
2020-01-11,The 39 Steps,1935,https://boxd.it/2aKc
2020-01-11,Chinthavishtayaya Shyamala,1998,https://boxd.it/4MzU
2020-01-11,Left Right Left,2013,https://boxd.it/6b7y
2020-01-11,Punjabi House,1998,https://boxd.it/6UrS
2020-01-11,Namukku Parkkan Munthiri Thoppukal,1986,https://boxd.it/7aa4
2020-01-11,Vatsalyam,1993,https://boxd.it/8tQq
2020-01-11,Varavelpu,1989,https://boxd.it/8C7u
2020-01-11,Pattanapravesham,1988,https://boxd.it/8C8W
2020-01-11,Vadakkunokkiyantram,1989,https://boxd.it/adhS
2020-01-11,And Then There Were None,2015,https://boxd.it/cTHC
2020-01-11,Ee.Ma.Yau.,2018,https://boxd.it/hEtq
2020-01-11,Joseph,2018,https://boxd.it/kBd6
2020-01-11,Jewel Thief,1967,https://boxd.it/Hi2
2020-01-11,Tucker and Dale vs. Evil,2010,https://boxd.it/Mce
2020-01-11,My Dinner with Andre,1981,https://boxd.it/1vLe
2020-01-11,Dasvidaniya,2008,https://boxd.it/1Nsu
2020-01-11,Dolores Claiborne,1995,https://boxd.it/1SKo
2020-01-11,The Dead Zone,1983,https://boxd.it/1U6g
2020-01-11,Carrie,1976,https://boxd.it/20ZQ
2020-01-11,The Stoneman Murders,2009,https://boxd.it/32eu
2020-01-11,Vazhakku Enn 18/9,2012,https://boxd.it/3HnW
2020-01-11,Neram,2013,https://boxd.it/5L6E
2020-01-11,Ohm Shanthi Oshaana,2014,https://boxd.it/7AF8
2020-01-11,Munnariyippu,2014,https://boxd.it/8uZ4
2020-01-11,Bey Yaar,2014,https://boxd.it/9uxQ
2020-01-11,Meru,2015,https://boxd.it/aixm
2020-01-11,Kendasampige,2015,https://boxd.it/d9za
2020-01-11,Belaseshe,2015,https://boxd.it/e4yo
2020-01-11,13th,2016,https://boxd.it/elNg
2020-01-11,Aandavan Kattalai,2016,https://boxd.it/esyM
2020-01-11,Mukti Bhawan,2016,https://boxd.it/eAFQ
2020-01-11,BPM (Beats per Minute),2017,https://boxd.it/g796
2020-01-11,Political Rowdy,2005,https://boxd.it/lYbu
2020-01-11,"Seven Worlds, One Planet",2019,https://boxd.it/oipK
2020-01-11,To Live,1994,https://boxd.it/1j6S
2020-01-11,Blazing Saddles,1974,https://boxd.it/1UHQ
2020-01-11,Infernal Affairs,2002,https://boxd.it/1Vqw
2020-01-11,Outlander,2008,https://boxd.it/1W2q
2020-01-11,Dream,2008,https://boxd.it/1ZZg
2020-01-11,Raam,2005,https://boxd.it/2hVG
2020-01-11,Kshana Kshanam,1991,https://boxd.it/2PzY
2020-01-11,Amen,2013,https://boxd.it/5uqi
2020-01-11,Battlestar Galactica,2003,https://boxd.it/aBAu
2020-01-11,Human,2015,https://boxd.it/cchc
2020-01-11,Erased,2016,https://boxd.it/dc9a
2020-01-11,"My Tomorrow, Your Yesterday",2016,https://boxd.it/fajw
2020-01-11,The Last Black Man in San Francisco,2019,https://boxd.it/iWAw
2020-01-11,Aadai,2019,https://boxd.it/kfza
2020-01-11,Kavaludaari,2019,https://boxd.it/lTc8
2020-01-11,Adutha Chodyam,2019,https://boxd.it/my16
2020-01-11,Ghostbusters,1984,https://boxd.it/g2w
2020-01-11,Kiwi!,2006,https://boxd.it/x5i
2020-01-11,Duck Amuck,1953,https://boxd.it/x66
2020-01-11,Voices of a Distant Star,2002,https://boxd.it/17dM
2020-01-11,Still Walking,2008,https://boxd.it/1wvm
2020-01-11,Harvie Krumpet,2003,https://boxd.it/1Cp0
2020-01-11,Midnight Mass,2003,https://boxd.it/1DsO
2020-01-11,The Haunting,1963,https://boxd.it/1T7M
2020-01-11,Samurai Rebellion,1967,https://boxd.it/2loc
2020-01-11,The Act of Killing,2012,https://boxd.it/44Cg
2020-01-11,"Like Father, Like Son",2013,https://boxd.it/5rQs
2020-01-11,The Blue Umbrella,2013,https://boxd.it/61Wm
2020-01-11,Ida,2013,https://boxd.it/6fRg
2020-01-11,Saw,2003,https://boxd.it/7eiG
2020-01-11,Who Am I,2014,https://boxd.it/8ND2
2020-01-11,The Last Full Measure,2019,https://boxd.it/fIMs
2020-01-11,The Truth,2019,https://boxd.it/iKOQ
2020-01-11,Weathering with You,2019,https://boxd.it/kPxE
2020-01-11,"What's Opera, Doc?",1957,https://boxd.it/x4Y
2020-01-11,Frankenweenie,1984,https://boxd.it/1eFy
2020-01-11,Six Shooter,2004,https://boxd.it/1wlG
2020-01-11,Partly Cloudy,2009,https://boxd.it/1xzE
2020-01-11,Mickey's Christmas Carol,1983,https://boxd.it/1NkU
2020-01-11,A Matter of Loaf and Death,2008,https://boxd.it/1O4S
2020-01-11,One Man Band,2005,https://boxd.it/1P6g
2020-01-11,Knick Knack,1989,https://boxd.it/1P74
2020-01-11,Boundin',2003,https://boxd.it/1QVO
2020-01-11,The Great Train Robbery,1903,https://boxd.it/22JU
2020-01-11,Tangled Ever After,2012,https://boxd.it/2UqC
2020-01-11,La luna,2011,https://boxd.it/2WbO
2020-01-11,Blackadder: Back & Forth,1999,https://boxd.it/5QYG
2020-01-11,Lava,2014,https://boxd.it/8S9G
2020-01-11,Creature Comforts,1989,https://boxd.it/tke
2020-01-11,Steamboat Willie,1928,https://boxd.it/wgk
2020-01-11,The Immigrant,1917,https://boxd.it/Kcm
2020-01-11,The Music Box,1932,https://boxd.it/QPO
2020-01-11,Zero for Conduct,1933,https://boxd.it/ROW
2020-01-11,Rabbits,2002,https://boxd.it/SaI
2020-01-11,I'm Here,2010,https://boxd.it/19aA
2020-01-11,A Dog's Life,1918,https://boxd.it/1b5s
2020-01-11,Kid's Story,2003,https://boxd.it/1wNg
2020-01-11,Final Flight of the Osiris,2003,https://boxd.it/1xOu
2020-01-11,One Week,1920,https://boxd.it/1zr8
2020-01-11,Star,2001,https://boxd.it/1AkC
2020-01-11,A Close Shave,1995,https://boxd.it/2aca
2020-01-11,The Wrong Trousers,1993,https://boxd.it/2ack
2020-01-11,A Grand Day Out,1989,https://boxd.it/2acu
2020-01-11,Hawaiian Vacation,2011,https://boxd.it/2Hkw
2020-01-11,Feast,2014,https://boxd.it/9eOQ
2020-01-11,The White Helmets,2016,https://boxd.it/eGuu
2020-01-11,Beat the Devil,2002,https://boxd.it/Ada
2020-01-11,Father and Daughter,2000,https://boxd.it/I2k
2020-01-11,The Grandmother,1970,https://boxd.it/RMm
2020-01-11,Cops,1922,https://boxd.it/15j4
2020-01-11,More,1998,https://boxd.it/1bjE
2020-01-11,Dragon Ball Z: Dead Zone,1989,https://boxd.it/1pci
2020-01-11,The Horribly Slow Murderer with the Extremely Inefficient Weapon,2008,https://boxd.it/1rnW
2020-01-11,The Second Renaissance Part I,2003,https://boxd.it/1xOk
2020-01-11,The Madagascar Penguins in a Christmas Caper,2005,https://boxd.it/1WHe
2020-01-11,Bambi Meets Godzilla,1969,https://boxd.it/25AG
2020-01-11,Duck Dodgers in the 24½th Century,1953,https://boxd.it/2fTI
2020-01-11,9,2005,https://boxd.it/3oFW
2020-01-11,Curfew,2012,https://boxd.it/4VJu
2020-01-11,Lou,2017,https://boxd.it/fntk
2020-01-11,Tum Bin,2001,https://boxd.it/xI
2020-01-11,The Collector,1965,https://boxd.it/W8Q
2020-01-11,Boy,2010,https://boxd.it/13RS
2020-01-11,Don's Plum,2001,https://boxd.it/17lQ
2020-01-11,The Message,1976,https://boxd.it/1t3E
2020-01-11,The Damned United,2009,https://boxd.it/1ByU
2020-01-11,Auntie Mame,1958,https://boxd.it/1KiG
2020-01-11,Road to Perdition,2002,https://boxd.it/24Lo
2020-01-11,After the Wedding,2006,https://boxd.it/25eg
2020-01-11,Superman,1978,https://boxd.it/27Qm
2020-01-11,21 Grams,2003,https://boxd.it/2ajK
2020-01-11,"Duck, You Sucker",1971,https://boxd.it/2ayU
2020-01-11,Ramanaa,2002,https://boxd.it/2MgY
2020-01-11,Damini,1993,https://boxd.it/4syC
2020-01-11,Prahaar,1991,https://boxd.it/4vN6
2020-01-11,Death of a Doctor,1990,https://boxd.it/6kdg
2020-01-11,Little White Lie,2014,https://boxd.it/9n9s
2020-01-11,Kurangu Bommai,2017,https://boxd.it/geWa
2020-01-11,The Little Foxes,1941,https://boxd.it/Tym
2020-01-11,Dodsworth,1936,https://boxd.it/1iWI
2020-01-11,The Exterminating Angel,1962,https://boxd.it/1nRS
2020-01-11,The Heiress,1949,https://boxd.it/1pi6
2020-01-11,Mrs. Miniver,1942,https://boxd.it/1rXA
2020-01-11,The Children's Hour,1961,https://boxd.it/1DZI
2020-01-11,The Desperate Hours,1955,https://boxd.it/1GCC
2020-01-11,The Letter,1940,https://boxd.it/1I3Y
2020-01-11,Funny Girl,1968,https://boxd.it/1KR2
2020-01-11,Interiors,1978,https://boxd.it/1LlQ
2020-01-11,The Big Country,1958,https://boxd.it/1RQU
2020-01-11,Love and Death,1975,https://boxd.it/1TeS
2020-01-11,Zelig,1983,https://boxd.it/1UOC
2020-01-11,Hamlet,1996,https://boxd.it/1VZc
2020-01-11,Ikiru,1952,https://boxd.it/251c
2020-01-11,Wuthering Heights,1939,https://boxd.it/25Mi
2020-01-11,How to Steal a Million,1966,https://boxd.it/25Yo
2020-01-11,Jezebel,1938,https://boxd.it/27IM
2020-01-11,Room 237,2012,https://boxd.it/2Y46
2020-01-11,Jesus of Nazareth,1977,https://boxd.it/hLhG
2020-01-11,Samurai X: Trust & Betrayal,1999,https://boxd.it/zpak
2020-01-11,X-Men: First Class,2011,https://boxd.it/FOA
2020-01-11,Radio Days,1987,https://boxd.it/1kms
2020-01-11,Husbands and Wives,1992,https://boxd.it/1pIe
2020-01-11,The Second Renaissance Part II,2003,https://boxd.it/1xOa
2020-01-11,Another Woman,1988,https://boxd.it/1Aw4
2020-01-11,Broadway Danny Rose,1984,https://boxd.it/1Rie
2020-01-11,Crimes and Misdemeanors,1989,https://boxd.it/1Ty4
2020-01-11,Bullets Over Broadway,1994,https://boxd.it/1TYQ
2020-01-11,Manhattan Murder Mystery,1993,https://boxd.it/1Wg8
2020-01-11,Hannah and Her Sisters,1986,https://boxd.it/23jy
2020-01-11,Vicky Cristina Barcelona,2008,https://boxd.it/23rW
2020-01-11,Deconstructing Harry,1997,https://boxd.it/26xe
2020-01-11,American Graffiti,1973,https://boxd.it/29us
2020-01-11,Match Point,2005,https://boxd.it/2b6s
2020-01-11,Blue Jasmine,2013,https://boxd.it/50MI
2020-01-11,Kingsman: The Secret Service,2014,https://boxd.it/6dxe
2020-01-11,Chehre Pe Chehra,1981,https://boxd.it/aatw
2020-01-11,Awe!,2018,https://boxd.it/i4l8
2020-01-11,Chi La Sow,2018,https://boxd.it/jGLA
2020-01-11,Baaram,2018,https://boxd.it/lyXW
2020-01-11,Hellaro,2019,https://boxd.it/njhA
2020-01-11,The Verdict,1982,https://boxd.it/1y3Y
2020-01-11,The Girl with the Dragon Tattoo,2009,https://boxd.it/1Mb8
2020-01-11,Tampopo,1985,https://boxd.it/1SZe
2020-01-11,The Hitcher,1986,https://boxd.it/1Yq0
2020-01-11,The Vanishing,1988,https://boxd.it/1ZTW
2020-01-11,A Nightmare on Elm Street,1984,https://boxd.it/2aw0
2020-01-11,Frozen Planet,2011,https://boxd.it/4lCs
2020-01-11,Borgman,2013,https://boxd.it/5Fcm
2020-01-11,Madha Yaanai Koottam,2013,https://boxd.it/7dPk
2020-01-11,Fences,2016,https://boxd.it/dL6A
2020-01-11,A Taxi Driver,2017,https://boxd.it/fwac
2020-01-11,The Gold-Laden Sheep and The Sacred Mountain,2018,https://boxd.it/kp18
2020-01-11,Comali,2019,https://boxd.it/lLgQ
2020-01-11,Ardaas Karaan,2019,https://boxd.it/mgyw
2020-01-11,Evaru,2019,https://boxd.it/mq76
2020-01-11,Thanneer Mathan Dinangal,2019,https://boxd.it/mSr4
2020-01-11,Nanna Prakara,2019,https://boxd.it/neiy
2020-01-11,Looking for Alaska,2019,https://boxd.it/npHO
2020-01-11,Dear Zachary: A Letter to a Son About His Father,2008,https://boxd.it/1LW8
2020-01-11,Peeping Tom,1960,https://boxd.it/1Utk
2020-01-11,Hunger,2008,https://boxd.it/1Wso
2020-01-11,The Fearless Vampire Killers,1967,https://boxd.it/25Ri
2020-01-11,Lady Snowblood,1973,https://boxd.it/26Fi
2020-01-11,Pusher,1996,https://boxd.it/27wG
2020-01-11,Gattaca,1997,https://boxd.it/29Du
2020-01-11,Face/Off,1997,https://boxd.it/29I0
2020-01-11,Wasp Network,2019,https://boxd.it/g5qa
2020-01-11,The Art of Self-Defense,2019,https://boxd.it/hf5y
2020-01-11,Thunder Road,2018,https://boxd.it/i8Hs
2020-01-11,The Eunuch and the Flute Player,2019,https://boxd.it/iYSi
2020-01-11,While at War,2019,https://boxd.it/jNR6
2020-01-11,Brochevarevarura,2019,https://boxd.it/mBiE
2020-01-11,The Phantom Carriage,1921,https://boxd.it/l4s
2020-01-11,Opening Night,1977,https://boxd.it/1f4e
2020-01-11,A Brighter Summer Day,1991,https://boxd.it/1Luy
2020-01-11,The Castle of Cagliostro,1979,https://boxd.it/1Mn4
2020-01-11,Secrets & Lies,1996,https://boxd.it/1UuC
2020-01-11,New York Stories,1989,https://boxd.it/1Y3q
2020-01-11,Serpico,1973,https://boxd.it/1ZjE
2020-01-11,Broken Blossoms,1919,https://boxd.it/29kC
2020-01-11,The Red Turtle,2016,https://boxd.it/bdkE
2020-01-11,A Beautiful Day in the Neighborhood,2019,https://boxd.it/i7vA
2020-01-11,Magamuni,2019,https://boxd.it/mgcA
2020-01-11,The Refuge,2019,https://boxd.it/nOX8
2020-01-11,He Knows You're Alone,1980,https://boxd.it/44A
2020-01-11,Tenebre,1982,https://boxd.it/1mRM
2020-01-11,7G Rainbow Colony,2004,https://boxd.it/1xDQ
2020-01-11,Stage Fright,1987,https://boxd.it/1Drm
2020-01-11,Creepshow,1982,https://boxd.it/1KqU
2020-01-11,Pom Poko,1994,https://boxd.it/1Mvi
2020-01-11,Fright Night,1985,https://boxd.it/1T4e
2020-01-11,Child's Play,1988,https://boxd.it/1VTo
2020-01-11,Cujo,1983,https://boxd.it/1W8o
2020-01-11,Pet Sematary,1989,https://boxd.it/1ZBy
2020-01-11,Christine,1983,https://boxd.it/1ZRQ
2020-01-11,Anthropophagous,1980,https://boxd.it/236a
2020-01-11,Friday the 13th,1980,https://boxd.it/24fs
2020-01-11,Touki Bouki,1973,https://boxd.it/2H44
2020-01-11,From Up on Poppy Hill,2011,https://boxd.it/2VCa
2020-01-11,The Children,1980,https://boxd.it/2Xvg
2020-01-11,When Marnie Was There,2014,https://boxd.it/78pm
2020-01-11,Hero,2008,https://boxd.it/gJQi
2020-01-11,Senna,2010,https://boxd.it/kfE
2020-01-11,Exit Through the Gift Shop,2010,https://boxd.it/13E0
2020-01-11,Le Trou,1960,https://boxd.it/1nSw
2020-01-11,Super Fly,1972,https://boxd.it/1BeU
2020-01-11,Monty Python's The Meaning of Life,1983,https://boxd.it/249E
2020-01-11,The Science of Sleep,2006,https://boxd.it/2aEe
2020-01-11,The Fisher King,1991,https://boxd.it/2aWM
2020-01-11,CM101MMXI Fundamentals,2013,https://boxd.it/52TQ
2020-01-11,The Strange Thing About the Johnsons,2011,https://boxd.it/56nO
2020-01-11,Jodorowsky's Dune,2013,https://boxd.it/5MP6
2020-01-11,The Internet's Own Boy: The Story of Aaron Swartz,2014,https://boxd.it/7lcA
2020-01-11,The Salt of the Earth,2014,https://boxd.it/7Uyc
2020-01-11,Labour of Love,2014,https://boxd.it/9bf4
2020-01-11,Citizenfour,2014,https://boxd.it/9eSe
2020-01-11,Going Clear: Scientology and the Prison of Belief,2015,https://boxd.it/ahPO
2020-01-11,The Beatles: Eight Days a Week - The Touring Years,2016,https://boxd.it/dGLo
2020-01-11,Monos,2019,https://boxd.it/eJGe
2020-01-11,13 Assassins,2010,https://boxd.it/jqc
2020-01-11,Confessions,2010,https://boxd.it/uRS
2020-01-11,Death Note,2006,https://boxd.it/1L2a
2020-01-11,Vampire Hunter D: Bloodlust,2000,https://boxd.it/1L3i
2020-01-11,The Cat Returns,2002,https://boxd.it/1Mne
2020-01-11,Ninja Scroll,1993,https://boxd.it/1Ooe
2020-01-11,The Girl Who Leapt Through Time,2006,https://boxd.it/1OPa
2020-01-11,Dreams,1990,https://boxd.it/1ROu
2020-01-11,The Twilight Samurai,2002,https://boxd.it/1RRI
2020-01-11,Ghost in the Shell 2: Innocence,2004,https://boxd.it/1SrG
2020-01-11,Kagemusha,1980,https://boxd.it/1SGG
2020-01-11,Sanjuro,1962,https://boxd.it/1TaQ
2020-01-11,Cowboy Bebop: The Movie,2001,https://boxd.it/1Uc4
2020-01-11,Metropolis,2001,https://boxd.it/1YfQ
2020-01-11,Throne of Blood,1957,https://boxd.it/251w
2020-01-11,Ring,1998,https://boxd.it/26tw
2020-01-11,The Hidden Fortress,1958,https://boxd.it/295M
2020-01-11,Final Fantasy VII: Advent Children,2005,https://boxd.it/29UK
2020-01-11,Zatoichi,2003,https://boxd.it/2aMs
2020-01-11,The Boy and the Beast,2015,https://boxd.it/aaRe
2020-01-11,Memories,1995,https://boxd.it/Vz2
2020-01-11,Stray Dog,1949,https://boxd.it/1ltu
2020-01-11,Earthlings,2005,https://boxd.it/1lJM
2020-01-11,Evangelion: 2.0 You Can (Not) Advance,2009,https://boxd.it/1zYm
2020-01-11,Ghost in the Shell 2.0,2008,https://boxd.it/1OLW
2020-01-11,Sword of the Stranger,2007,https://boxd.it/1OZE
2020-01-11,Tekkonkinkreet,2006,https://boxd.it/1Pui
2020-01-11,The Best of Youth,2003,https://boxd.it/1Tje
2020-01-11,Shall We Dance?,1996,https://boxd.it/1UhS
2020-01-11,Onibaba,1964,https://boxd.it/252a
2020-01-11,Au Revoir les Enfants,1987,https://boxd.it/288U
2020-01-11,Dolls,2002,https://boxd.it/29pi
2020-01-11,Grand Illusion,1937,https://boxd.it/29Ei
2020-01-11,Rurouni Kenshin Part II: Kyoto Inferno,2014,https://boxd.it/6zM6
2020-01-11,Our Little Sister,2015,https://boxd.it/abBm
2020-01-11,Uriyadi,2016,https://boxd.it/e2fk
2020-01-11,Lupt,2018,https://boxd.it/jC06
2020-01-11,Tikli and Laxmi Bomb,2017,https://boxd.it/jGwq
2020-01-11,Inside Job,2010,https://boxd.it/Rsw
2020-01-11,A Special Day,1977,https://boxd.it/Xqc
2020-01-11,A Man Escaped,1956,https://boxd.it/1MzY
2020-01-11,The King of Kong: A Fistful of Quarters,2007,https://boxd.it/1P2y
2020-01-11,The Testament of Dr. Mabuse,1933,https://boxd.it/1Sia
2020-01-11,Faust,1926,https://boxd.it/1Vxi
2020-01-11,Fitzcarraldo,1982,https://boxd.it/1YV8
2020-01-11,Waltz with Bashir,2008,https://boxd.it/1ZFA
2020-01-11,Don't Look Now... We're Being Shot At!,1966,https://boxd.it/20oq
2020-01-11,Viridiana,1961,https://boxd.it/24eE
2020-01-11,Jean de Florette,1986,https://boxd.it/24gK
2020-01-11,Umberto D.,1952,https://boxd.it/29vg
2020-01-11,"Rome, Open City",1945,https://boxd.it/2aD6
2020-01-11,Knockin' on Heaven's Door,1997,https://boxd.it/2aZQ
2020-01-11,Blackfish,2013,https://boxd.it/4Ym4
2020-01-11,O.J.: Made in America,2016,https://boxd.it/d7zi
2020-01-11,The Unnamed,2016,https://boxd.it/eLyc
2020-01-11,Mosul,2019,https://boxd.it/lSWO
2020-01-11,The Blue Elephant 2,2019,https://boxd.it/m71I
2020-01-11,Home,2009,https://boxd.it/bzA
2020-01-11,Zeitgeist: Moving Forward,2011,https://boxd.it/uE0
2020-01-11,Crumb,1994,https://boxd.it/1tDi
2020-01-11,The Blind Side,2009,https://boxd.it/1zWg
2020-01-11,Metal: A Headbanger's Journey,2005,https://boxd.it/1Ddk
2020-01-11,This Film Is Not Yet Rated,2006,https://boxd.it/1KTs
2020-01-11,Hoop Dreams,1994,https://boxd.it/1Opc
2020-01-11,The Fog of War,2003,https://boxd.it/1Row
2020-01-11,The Corporation,2003,https://boxd.it/1TSS
2020-01-11,Touching the Void,2003,https://boxd.it/1Up8
2020-01-11,Earth,2007,https://boxd.it/1V0I
2020-01-11,When We Were Kings,1996,https://boxd.it/1VZm
2020-01-11,Hearts of Darkness: A Filmmaker's Apocalypse,1991,https://boxd.it/24ai
2020-01-11,Beverly Hills Cop,1984,https://boxd.it/2baE
2020-01-11,Indie Game: The Movie,2012,https://boxd.it/2Nju
2020-01-11,Marley,2012,https://boxd.it/3aT6
2020-01-11,Monpura,2009,https://boxd.it/3dJe
2020-01-11,Side by Side,2012,https://boxd.it/3Ijm
2020-01-11,Virunga,2014,https://boxd.it/7QtC
2020-01-11,Cowspiracy: The Sustainability Secret,2014,https://boxd.it/8I92
2020-01-11,Winter on Fire: Ukraine's Fight for Freedom,2015,https://boxd.it/bYWU
2020-01-11,The Red Pill,2016,https://boxd.it/cHxg
2020-01-11,Before the Flood,2016,https://boxd.it/et2W
2020-01-11,Pink Floyd: Pulse,1995,https://boxd.it/1wF2
2020-01-11,Kiss Me Deadly,1955,https://boxd.it/1HHe
2020-01-11,Death Wish,1974,https://boxd.it/1P5i
2020-01-11,UHF,1989,https://boxd.it/1SFI
2020-01-11,The Warriors,1979,https://boxd.it/1TLC
2020-01-11,Martyrs,2008,https://boxd.it/1Yqu
2020-01-11,Hard Eight,1996,https://boxd.it/20DU
2020-01-11,Lethal Weapon,1987,https://boxd.it/29e0
2020-01-11,Graves End,2005,https://boxd.it/2RDo
2020-01-11,Shame for Swedish: Magnus Betnér och Soran Ismail,2016,https://boxd.it/d5DW
2020-01-11,Queen of Hearts,2019,https://boxd.it/iQ8Q
2020-01-11,Honeyland,2019,https://boxd.it/kL8K
2020-01-11,Those Who Remained,2019,https://boxd.it/m0Um
2020-01-11,Oththa Seruppu Size 7,2019,https://boxd.it/m3ZY
2020-01-11,Incitement,2019,https://boxd.it/n3vc
2020-01-11,The War of the Worlds,2019,https://boxd.it/o7Q6
2020-01-11,The Beatles: Get Back,2021,https://boxd.it/xo7A
2020-01-11,Anne of Green Gables,1985,https://boxd.it/IIQM
2020-01-11,Philanthropy,2002,https://boxd.it/p0Y
2020-01-11,Elite Squad: The Enemy Within,2010,https://boxd.it/Jx4
2020-01-11,Miracle in Milan,1951,https://boxd.it/UD8
2020-01-11,The Psychic,1977,https://boxd.it/1ray
2020-01-11,Two Women,1960,https://boxd.it/1yb4
2020-01-11,A Passage to India,1984,https://boxd.it/1Ld8
2020-01-11,A Moment to Remember,2004,https://boxd.it/1LmO
2020-01-11,Great Expectations,1946,https://boxd.it/1OjS
2020-01-11,Oliver Twist,1948,https://boxd.it/1V0e
2020-01-11,The Soft Skin,1964,https://boxd.it/28eI
2020-01-11,Small Change,1976,https://boxd.it/28mM
2020-01-11,The Wild Child,1970,https://boxd.it/28rW
2020-01-11,The Man Who Loved Women,1977,https://boxd.it/28MK
2020-01-11,The Passion of the Christ,2004,https://boxd.it/29ZK
2020-01-11,Bed and Board,1970,https://boxd.it/2aKw
2020-01-11,Stolen Kisses,1968,https://boxd.it/2aL0
2020-01-11,Gundamma Katha,1962,https://boxd.it/33lm
2020-01-11,Tangerines,2013,https://boxd.it/71vM
2020-01-11,Malli Raava,2017,https://boxd.it/hJNU
2020-01-11,Hush Little Baby Welcome To The Family,2018,https://boxd.it/kbmG
2020-01-11,Leyla and Mecnun,1983,https://boxd.it/zOu
2020-01-11,The Marathon Family,1982,https://boxd.it/1nsI
2020-01-11,Zeitgeist: Addendum,2008,https://boxd.it/1QEo
2020-01-11,I Am Legend,2007,https://boxd.it/21DG
2020-01-11,Aguner Poroshmoni,1995,https://boxd.it/3gsU
2020-01-11,Yesterday,1988,https://boxd.it/7W9I
2020-01-11,Daft Punk Unchained,2015,https://boxd.it/bCcg
2020-01-11,The Boy Who Harnessed the Wind,2019,https://boxd.it/hIgA
2020-01-11,Through the Needle,2014,https://boxd.it/hVIs
2020-01-11,Earthquake Bird,2019,https://boxd.it/iAU0
2020-01-11,Succession,1992,https://boxd.it/jzoa
2020-01-11,Fyre,2019,https://boxd.it/kP0g
2020-01-11,Aamis,2019,https://boxd.it/kTVA
2020-01-11,Truth and Justice,2019,https://boxd.it/ltly
2020-01-11,Zana,2019,https://boxd.it/n0B2
2020-01-11,Jarhead,2005,https://boxd.it/70m
2020-01-11,Troll Hunter,2010,https://boxd.it/NQY
2020-01-11,The Classic,2003,https://boxd.it/XvG
2020-01-11,Restrepo,2010,https://boxd.it/13Yk
2020-01-11,Stalingrad,1993,https://boxd.it/1UDu
2020-01-11,The Pacific,2010,https://boxd.it/5IIA
2020-01-11,Utopia,2013,https://boxd.it/70wu
2020-01-11,The Witch,2015,https://boxd.it/9X0m
2020-01-11,Ittefaq,2017,https://boxd.it/gCw6
2020-01-11,The Souvenir,2019,https://boxd.it/gXU4
2020-01-11,Wild Wild Country,2018,https://boxd.it/j1P2
2020-01-11,Patrick Melrose,2018,https://boxd.it/j1Pc
2020-01-11,The Two Popes,2019,https://boxd.it/k8Xk
2020-01-11,The Trial of the Chicago 7,2020,https://boxd.it/kn3w
2020-01-11,And Then We Danced,2019,https://boxd.it/m0e6
2020-01-11,Love in Kilnerry,2019,https://boxd.it/nHYI
2020-01-11,The Grand Tour Presents: Seamen,2019,https://boxd.it/vXMO
2020-01-11,Santa Sangre,1989,https://boxd.it/1FrI
2020-01-11,Mesrine: Killer Instinct,2008,https://boxd.it/1PKA
2020-01-11,Bad Lieutenant,1992,https://boxd.it/1Src
2020-01-11,Secretary,2002,https://boxd.it/1URc
2020-01-11,La Grande Bouffe,1973,https://boxd.it/1X5q
2020-01-11,Man Bites Dog,1992,https://boxd.it/1X7Q
2020-01-11,Witness,1985,https://boxd.it/1Z4O
2020-01-11,The Canterbury Tales,1972,https://boxd.it/22Ky
2020-01-11,"Lust, Caution",2007,https://boxd.it/244k
2020-01-11,Law of Desire,1987,https://boxd.it/24Pg
2020-01-11,Tie Me Up! Tie Me Down!,1989,https://boxd.it/26FW
2020-01-11,Last Tango in Paris,1972,https://boxd.it/28pw
2020-01-11,Lucky Bastard,2014,https://boxd.it/5vUy
2020-01-11,Hell's Belles,1995,https://boxd.it/8USo
2020-01-11,Official Secrets,2019,https://boxd.it/dLxm
2020-01-11,The Hottest Bid,1995,https://boxd.it/jdxO
2020-01-11,Mathu Vadalara,2019,https://boxd.it/osXW
2020-01-11,Take Shelter,2011,https://boxd.it/DQ
2020-01-11,Nights of Cabiria,1957,https://boxd.it/1F7e
2020-01-11,Hands on a Hardbody: The Documentary,1997,https://boxd.it/1GDK
2020-01-11,The Magdalene Sisters,2002,https://boxd.it/20xW
2020-01-11,Snow White and the Seven Dwarfs,1937,https://boxd.it/2arO
2020-01-11,Hostiles,2017,https://boxd.it/dpiO
2020-01-11,Bird Box,2018,https://boxd.it/eh1i
2020-01-11,The Little Drummer Girl,2018,https://boxd.it/kkCS
2020-01-12,Shoah,1985,https://boxd.it/XSK
2020-01-12,Central Station,1998,https://boxd.it/29RG
2020-12-06,25th Anniversary Studio Ghibli Concert,2008,https://boxd.it/duC
2020-12-14,Emicida: AmarElo - It's All for Yesterday,2020,https://boxd.it/sLK6
2020-12-14,Horace and Pete,2016,https://boxd.it/eqkS
2020-12-22,Minari,2020,https://boxd.it/mL9M
2021-01-12,In the Heights,2021,https://boxd.it/gLhu
2021-01-12,Rocks,2019,https://boxd.it/l8Qg
2021-01-12,Summerland,2020,https://boxd.it/j1S6
2021-01-12,Last and First Men,2020,https://boxd.it/kKi0
2021-01-29,I Am Cuba,1964,https://boxd.it/1hUQ
2021-04-30,Aquarius,2016,https://boxd.it/d6YQ
2021-05-09,Street of Shame,1956,https://boxd.it/UWO
2021-05-09,The Life of Oharu,1952,https://boxd.it/UFy
2021-05-11,Vanaprastham,1999,https://boxd.it/6dpE
2021-05-19,Kit Kat,1991,https://boxd.it/2czg
2021-05-23,Emperor Tomato Ketchup,1971,https://boxd.it/1bmo
2021-06-02,Nostos: The Return,1989,https://boxd.it/70sM
2021-06-07,Eat Drink Man Woman,1994,https://boxd.it/1Wem
2021-06-10,Tetsuo: The Iron Man,1989,https://boxd.it/ZoM
2021-06-11,Hard Boiled,1992,https://boxd.it/1T6a
2021-06-11,The Killer,1989,https://boxd.it/1Vha
2021-06-11,My First Summer,2020,https://boxd.it/rOjg
2021-06-11,Report to Mother,1986,https://boxd.it/7DQe
2021-06-11,Phantom India,1969,https://boxd.it/2v3I
2021-06-11,Gamak Ghar,2019,https://boxd.it/njEE
2021-06-20,Don't Look Now,1973,https://boxd.it/29fC
2021-06-20,Body Double,1984,https://boxd.it/1TGW
2021-06-20,A Snake of June,2002,https://boxd.it/1fuQ
2021-06-20,Body Heat,1981,https://boxd.it/1O9S
2021-06-20,Le Plaisir,1952,https://boxd.it/UGc
2021-06-21,The Story of Film: An Odyssey,2011,https://boxd.it/A10C
2021-06-21,Elle,2016,https://boxd.it/bdhq
2021-06-22,The Marriage of Maria Braun,1979,https://boxd.it/29Su
2021-06-22,La Promesse,1996,https://boxd.it/1y8E
2021-07-08,Yearning,1964,https://boxd.it/3JYg
2021-07-08,I Dream in Another Language,2017,https://boxd.it/bZ5M
2021-07-10,Little Fish,2020,https://boxd.it/lAFK
2021-07-10,Liz and the Blue Bird,2018,https://boxd.it/hksW
2021-07-10,The Wolf House,2018,https://boxd.it/i1vE
2021-07-11,Le Notti Bianche,1957,https://boxd.it/V0G
2021-07-14,"Je T'Aime, Je T'Aime",1968,https://boxd.it/23P0
2021-07-15,The House,1997,https://boxd.it/1gDY
2021-07-15,Manoel’s Destinies,1984,https://boxd.it/gOfG
2021-07-15,Memoria,2021,https://boxd.it/iwtE
2021-07-15,Uncle Boonmee Who Can Recall His Past Lives,2010,https://boxd.it/168Q
2021-07-16,Head-On,2004,https://boxd.it/2awk
2021-07-16,Happy Old Year,2019,https://boxd.it/nglu
2021-07-19,The Sweet Hereafter,1997,https://boxd.it/1WNm
2021-07-19,A Hero,2021,https://boxd.it/p2zw
2021-07-19,Mandala,1971,https://boxd.it/3yj2
2021-07-19,Seconds,1966,https://boxd.it/1Dbe
2021-07-19,August in the Water,1995,https://boxd.it/3xQE
2021-07-20,0.5 mm,2014,https://boxd.it/8x6c
2021-07-20,Mystery Train,1989,https://boxd.it/1Ub6
2021-07-20,Double Suicide,1969,https://boxd.it/OSQ
2021-07-21,ODDTAXI,2021,https://boxd.it/vTy4
2021-07-22,Kummatty,1979,https://boxd.it/7yMw
2021-07-25,Can't Get You Out of My Head,2021,https://boxd.it/tYaC
2021-07-30,The Green Knight,2021,https://boxd.it/kuy2
2021-07-31,Heathers,1989,https://boxd.it/26x4
2021-07-31,Papicha,2019,https://boxd.it/lPAq
2021-07-31,Pina,2011,https://boxd.it/n5W
2021-08-03,Walkabout,1971,https://boxd.it/1bsG
2021-08-03,Kisapmata,1981,https://boxd.it/6sRo
2021-08-05,"4 Months, 3 Weeks and 2 Days",2007,https://boxd.it/27DW
2021-08-05,Delicatessen,1991,https://boxd.it/29lK
2021-08-05,The City of Lost Children,1995,https://boxd.it/29k8
2021-08-10,Silence Has No Wings,1966,https://boxd.it/3xEo
2021-08-11,The Babadook,2014,https://boxd.it/77xu
2021-08-14,Jee Le Zaraa,,https://boxd.it/wu1c
2021-08-20,Agatha and the Limitless Readings,1981,https://boxd.it/6oi
2021-08-20,Flowers of Shanghai,1998,https://boxd.it/Omq
2021-08-20,The Holy Girl,2004,https://boxd.it/S12
2021-08-20,The Secret of the Grain,2007,https://boxd.it/20q2
2021-08-28,Fear and Loathing in Las Vegas,1998,https://boxd.it/27Xs
2021-08-28,Love Streams,1984,https://boxd.it/zOk
2021-09-01,The Deer Hunter,1978,https://boxd.it/1T6O
2021-09-01,All the President's Men,1976,https://boxd.it/29lU
2021-09-06,Little Forest: Summer/Autumn,2014,https://boxd.it/9iNW
2021-09-06,Little Forest: Winter/Spring,2015,https://boxd.it/b5Yc
2021-09-17,Contact,1997,https://boxd.it/29OM
2021-09-23,Asterix & Obelix: Mission Cleopatra,2002,https://boxd.it/268o
2021-09-23,The Chorus,2004,https://boxd.it/22X8
2021-09-25,Aaahh Belinda,1986,https://boxd.it/2BjC
2021-10-02,The Pervert's Guide to Ideology,2012,https://boxd.it/4bOI
2021-10-02,The Pervert's Guide to Cinema,2005,https://boxd.it/1e48
2021-10-28,Survive Style 5+,2004,https://boxd.it/1KKA
2021-10-28,9 Souls,2003,https://boxd.it/1Jqk
2021-10-28,Last Life in the Universe,2003,https://boxd.it/1Tri
2021-10-28,Heroic Purgatory,1970,https://boxd.it/3xFG
2021-10-29,Tabu,2012,https://boxd.it/3h40
2021-10-31,The Year Earth Changed,2021,https://boxd.it/uze2
2021-11-07,History of the Occult,2020,https://boxd.it/o7Ho
2021-11-08,The Sound of Music,1965,https://boxd.it/1MLK
2021-11-08,No Land's Man,2021,https://boxd.it/wlPs
2021-11-08,The Fabulous Baron Munchausen,1962,https://boxd.it/ZV2
2021-11-09,Mononoke,2007,https://boxd.it/meNa
2021-11-10,Memories of My Body,2018,https://boxd.it/jDJ2
2021-11-14,The Whale,2022,https://boxd.it/tw4c
2021-11-24,Tathagat,2021,https://boxd.it/xHoq
2021-12-10,Seven Beauties,1975,https://boxd.it/185a
2021-12-10,Two for the Road,1967,https://boxd.it/22AI
2021-12-15,Top of the Lake,2013,https://boxd.it/5M4Y
2021-12-15,My Own Private Idaho,1991,https://boxd.it/2ak4
2021-12-20,Karnan,2021,https://boxd.it/pnSa
2021-12-22,Cleopatra,,https://boxd.it/y6ZG
2021-12-22,Rendezvous with Rama,,https://boxd.it/yvru
2021-12-24,Police Story,1985,https://boxd.it/1Zhe
2021-12-24,Hero,2002,https://boxd.it/2bcq
2021-12-25,The Girl with the Red Scarf,1977,https://boxd.it/1ja6
2021-12-27,Contempt,1963,https://boxd.it/2aJe
2021-12-27,Ashes and Diamonds,1958,https://boxd.it/23q0
2021-12-27,The River,1951,https://boxd.it/Q3K
2021-12-28,Only Lovers Left Alive,2013,https://boxd.it/4O1U
2021-12-28,Transit,2018,https://boxd.it/gUK6
2021-12-28,Compartment No. 6,2021,https://boxd.it/lEty
2021-12-29,The Ascent,1977,https://boxd.it/Eew
2021-12-29,Joint Security Area,2000,https://boxd.it/26Ja
2021-12-29,Letters from Iwo Jima,2006,https://boxd.it/290C
2021-12-29,Bullet in the Head,1990,https://boxd.it/1SNs
2021-12-29,Dry Summer,1963,https://boxd.it/jkI
2021-12-29,"What's Up, Doc?",1972,https://boxd.it/21iy
2021-12-30,Margaret,2011,https://boxd.it/2kbm
2021-12-30,Detachment,2011,https://boxd.it/2BiY
2022-01-01,Sunday in the Park with George,1986,https://boxd.it/4T58
2022-01-03,My Life as a Zucchini,2016,https://boxd.it/dL2y
2022-01-05,Luck by Chance,2009,https://boxd.it/1Kja
2022-01-07,L'Atalante,1934,https://boxd.it/ThU
2022-01-08,Summer Palace,2006,https://boxd.it/1IHk
2022-01-08,The Woman of Everyone,1969,https://boxd.it/5OgW
2022-01-12,Boiling Point,2021,https://boxd.it/uo2u
2022-01-12,CODA,2021,https://boxd.it/tbf4
2022-01-13,Die Hard,1988,https://boxd.it/2a7u
2022-01-18,Garuda Gamana Vrishabha Vahana,2021,https://boxd.it/pj7u
2022-01-26,A Most Violent Year,2014,https://boxd.it/75Va
2022-02-01,The Heartbreak Kid,1972,https://boxd.it/11aM
2022-02-07,Jackass Forever,2022,https://boxd.it/opUg
2022-02-08,World on a Wire,1973,https://boxd.it/B9me
2022-02-08,Dangerous Encounters of the First Kind,1980,https://boxd.it/3xOy
2022-02-08,Rampo Noir,2005,https://boxd.it/KNM
2022-02-09,Casque d'Or,1952,https://boxd.it/2cmw
2022-02-09,Stromboli,1950,https://boxd.it/24Js
2022-02-09,Holiday,1938,https://boxd.it/1Ks2
2022-02-10,Sieranevada,2016,https://boxd.it/d0vy
2022-02-11,Dogville,2003,https://boxd.it/2a8W
2022-02-16,The Disappearance of Haruhi Suzumiya,2010,https://boxd.it/19Ds
2022-02-17,Bijou,1972,https://boxd.it/87IO
2022-02-18,The Souvenir: Part II,2021,https://boxd.it/gXTK
2022-02-18,The Leopard,1963,https://boxd.it/296K
2022-02-19,The Ballad of Narayama,1983,https://boxd.it/XI6
2022-02-19,The Paranoids,2008,https://boxd.it/QBW
2022-02-19,Punishment Park,1971,https://boxd.it/1tJK
2022-02-23,Pretend It's a City,2021,https://boxd.it/tlWs
2022-02-28,Eduardo and Monica,2020,https://boxd.it/jHZe
2022-02-28,Waiting for Bojangles,2021,https://boxd.it/w7Ra
2022-03-02,There is Nothing Underneath the West Virginia Wing,2018,https://boxd.it/qchO
2022-03-02,Spartacus: Gods of the Arena,2011,https://boxd.it/MuhG
2022-03-02,My So-Called Selfish Life,2021,https://boxd.it/xa0g
2022-03-02,My Beautiful Days,2002,https://boxd.it/2hOA
2022-03-02,Taboo,2018,https://boxd.it/smNO
2022-03-02,Three Seconds,2017,https://boxd.it/fNJS
2022-03-02,Larceny,1996,https://boxd.it/gj4C
2022-03-02,Innocence,2014,https://boxd.it/qw1Q
2022-03-02,Like Sisters,2019,https://boxd.it/rrda
2022-03-02,Van egy határ,2017,https://boxd.it/oIey
2022-03-02,The Eddy,2020,https://boxd.it/pTtc
2022-03-02,Good Luck,2018,https://boxd.it/w2G2
2022-03-02,The Kill,2016,https://boxd.it/qXZI
2022-03-02,Madhuram,2014,https://boxd.it/wKiy
2022-03-02,Maya,2018,https://boxd.it/qHYu
2022-03-02,Children Of The Soil,2020,https://boxd.it/pvHk
2022-03-02,Citadel,2012,https://boxd.it/A3E
2022-03-02,The Pet Girl of Sakurasou,2012,https://boxd.it/q0ng
2022-03-02,Ascension,2021,https://boxd.it/uZ22
2022-03-02,Wizards: Tales of Arcadia,2020,https://boxd.it/rEIg
2022-03-02,Neevevaro,2018,https://boxd.it/jRUy
2022-03-02,Your Name,2002,https://boxd.it/osDM
2022-03-02,Andhaghaaram,2020,https://boxd.it/swim
2022-03-02,Dororo,2019,https://boxd.it/py3W
2022-03-02,The Sandman,1991,https://boxd.it/I7O
2022-03-02,ERASED,2016,https://boxd.it/px1A
2022-03-02,Parasyte -the maxim-,2014,https://boxd.it/pDn8
2022-03-02,I Don't Want to Go Back Alone,2010,https://boxd.it/2nQC
2022-03-02,The Message,1976,https://boxd.it/xg6E
2022-03-02,World War 3,2017,https://boxd.it/zy0o
2022-03-02,Wasteful Days of High School Girls,2019,https://boxd.it/ujCC
2022-03-02,Honor,1926,https://boxd.it/1aVs
2022-03-02,Inheritance,2020,https://boxd.it/mdMK
2022-03-02,Little Baby,2019,https://boxd.it/pMHw
2022-03-02,Pashmina,,https://boxd.it/rKZM
2022-03-02,Devs,2020,https://boxd.it/ppHI
2022-03-02,Elfen Lied,2004,https://boxd.it/pDma
2022-03-02,The Grand Tour Presents: A Massive Hunt,2020,https://boxd.it/sQS0
2022-03-02,The Animatrix,2003,https://boxd.it/qH0
2022-03-02,The Housemaid,2010,https://boxd.it/Q6k
2022-03-02,A Tale of Two Sisters,2003,https://boxd.it/248m
2022-03-02,Team America: World Police,2004,https://boxd.it/24QS
2022-03-02,The Yellow Sea,2010,https://boxd.it/2j6q
2022-03-02,Inside Llewyn Davis,2013,https://boxd.it/34Ro
2022-03-02,Extraordinary Stories,2008,https://boxd.it/3JF4
2022-03-02,Embrace of the Serpent,2015,https://boxd.it/baba
2022-03-02,Kung Fury 2,,https://boxd.it/ewvM
2022-03-02,Invisible Life,2019,https://boxd.it/k1JU
2022-03-02,Labor of Love,2020,https://boxd.it/qoSs
2022-03-02,The Bad Sleep Well,1960,https://boxd.it/1iLA
2022-03-02,The Fallen Idol,1948,https://boxd.it/1BzI
2022-03-02,The Parallax View,1974,https://boxd.it/1ILG
2022-03-02,The Asphalt Jungle,1950,https://boxd.it/1Jrs
2022-03-02,El Topo,1970,https://boxd.it/1QYS
2022-03-02,The Five Obstructions,2003,https://boxd.it/1RWy
2022-03-02,Year of the Dragon,1985,https://boxd.it/1UQy
2022-03-02,The Player,1992,https://boxd.it/1WlM
2022-03-02,Ali G Indahouse,2002,https://boxd.it/1Z24
2022-03-02,Sunshine,2007,https://boxd.it/28Xy
2022-03-02,Starship Troopers,1997,https://boxd.it/2a7k
2022-03-02,The Dance of Reality,2013,https://boxd.it/4qFw
2022-03-02,The Past,2013,https://boxd.it/4Ovg
2022-03-02,American Honey,2016,https://boxd.it/bk7C
2022-03-02,The Salesman,2016,https://boxd.it/d2we
2022-03-02,American Factory,2019,https://boxd.it/kJuY
2022-03-02,The Neighbors' Window,2019,https://boxd.it/m92e
2022-03-02,Vizontele,2001,https://boxd.it/lC0
2022-03-02,The Servant,1963,https://boxd.it/VAa
2022-03-02,My Man Godfrey,1936,https://boxd.it/1PTC
2022-03-02,Sling Blade,1996,https://boxd.it/1RRo
2022-03-02,Midnight Express,1978,https://boxd.it/1U7I
2022-03-02,Fly Away Home,1996,https://boxd.it/1UHc
2022-03-02,The Fountain,2006,https://boxd.it/28RU
2022-03-02,A Christmas Story,1983,https://boxd.it/29sw
2022-03-02,Rio Bravo,1959,https://boxd.it/2aE4
2022-03-02,The Best Offer,2013,https://boxd.it/4Oh4
2022-03-02,Venus in Fur,2013,https://boxd.it/5WhS
2022-03-02,Son of Saul,2015,https://boxd.it/b6r4
2022-03-02,Antiporno,2016,https://boxd.it/eDjy
2022-03-02,Morning Show Mysteries: Murder on the Menu,2018,https://boxd.it/jxV2
2022-03-02,Catch-22,2019,https://boxd.it/miHq
2022-03-02,The Count of Monte Cristo,1934,https://boxd.it/TPW
2022-03-02,A Night at the Opera,1935,https://boxd.it/17G0
2022-03-02,The Milky Way,1969,https://boxd.it/1cVk
2022-03-02,Who's Singin' Over There?,1980,https://boxd.it/1HSc
2022-03-02,They Drive by Night,1940,https://boxd.it/1Jsq
2022-03-02,"South Park: Bigger, Longer & Uncut",1999,https://boxd.it/1YAO
2022-03-02,Idiocracy,2006,https://boxd.it/20RW
2022-03-02,The Illusionist,2006,https://boxd.it/28H6
2022-03-02,M*A*S*H,1970,https://boxd.it/29U6
2022-03-02,Kill List,2011,https://boxd.it/2z4g
2022-03-02,Shiraz: A Romance of India,1928,https://boxd.it/5KJ6
2022-03-02,"I, Tonya",2017,https://boxd.it/dzR0
2022-03-02,Forgotten,2017,https://boxd.it/hAJE
2022-03-02,The Way of the Wind,,https://boxd.it/mqE0
2022-03-02,Daniel Sloss: Live Shows,2018,https://boxd.it/nx3M
2022-03-02,Anjaam Pathiraa,2020,https://boxd.it/osoi
2022-03-02,Malik,2021,https://boxd.it/oLgC
2022-03-02,Best Worst Movie,2009,https://boxd.it/10RU
2022-03-02,Monsieur Verdoux,1947,https://boxd.it/1l0s
2022-03-02,The Confined,1993,https://boxd.it/1mIg
2022-03-02,Limelight,1952,https://boxd.it/1osa
2022-03-02,Barefoot Gen,1983,https://boxd.it/1OMK
2022-03-02,The Dirty Dozen,1967,https://boxd.it/28nK
2022-03-02,Chameli Ki Shaadi,1986,https://boxd.it/3kB2
2022-03-02,Flight of the Conchords: A Texan Odyssey,2006,https://boxd.it/3okY
2022-03-02,Ernest & Celestine,2012,https://boxd.it/493A
2022-03-02,Leviathan,2014,https://boxd.it/7Ub8
2022-03-02,The Second Mother,2015,https://boxd.it/9Ydm
2022-03-02,Hell or High Water,2016,https://boxd.it/bfGM
2022-03-02,Life and a Day,2016,https://boxd.it/dEZy
2022-03-02,Corpus Christi,2019,https://boxd.it/gULy
2022-03-02,1906,2019,https://boxd.it/lDnE
2022-03-02,aTypical Wednesday,2020,https://boxd.it/qUeE
2022-03-02,Bole Chudiyan,,https://boxd.it/rFLK
2022-03-02,What Men Talk About,2010,https://boxd.it/1coA
2022-03-02,A Woman Is a Woman,1961,https://boxd.it/1iUC
2022-03-02,Clue,1985,https://boxd.it/1MDQ
2022-03-02,The Changeling,1980,https://boxd.it/1PVy
2022-03-02,Sideways,2004,https://boxd.it/1Y5c
2022-03-02,Howards End,1992,https://boxd.it/20nW
2022-03-02,Me and You and Everyone We Know,2005,https://boxd.it/28RK
2022-03-02,The Remains of the Day,1993,https://boxd.it/291A
2022-03-02,Bhumika,1977,https://boxd.it/2JMW
2022-03-02,Playing,2007,https://boxd.it/33Oe
2022-03-02,Laurence Anyways,2012,https://boxd.it/3HQu
2022-03-02,Nishant,1975,https://boxd.it/5Yrq
2022-03-02,Manthan,1976,https://boxd.it/78p2
2022-03-02,I Want to Eat Your Pancreas,2018,https://boxd.it/ie6C
2022-03-02,The Wild Goose Lake,2019,https://boxd.it/l8bs
2022-03-02,Baton Baton Mein,1979,https://boxd.it/SU2
2022-03-02,Amar Prem,1972,https://boxd.it/1ngW
2022-03-02,The Mist,2007,https://boxd.it/22r2
2022-03-02,"Salò, or the 120 Days of Sodom",1975,https://boxd.it/237s
2022-03-02,Naram Garam,1981,https://boxd.it/2Z3S
2022-03-02,Albert Pinto Ko Gussa Kyoon Aata Hai,1981,https://boxd.it/36ey
2022-03-02,36 Chowringhee Lane,1981,https://boxd.it/3ci2
2022-03-02,Chitchor,1976,https://boxd.it/3kAI
2022-03-02,Khamoshi,1969,https://boxd.it/3DLU
2022-03-02,Andaz,1949,https://boxd.it/415y
2022-03-02,Upkar,1967,https://boxd.it/41j6
2022-03-02,Jagte Raho,1956,https://boxd.it/4gKm
2022-03-02,Katha,1982,https://boxd.it/5zWI
2022-03-02,Barsaat,1949,https://boxd.it/5Z14
2022-03-02,Paar,1984,https://boxd.it/685a
2022-03-02,Anupama,1966,https://boxd.it/6gUA
2022-03-02,Shor,1972,https://boxd.it/8qWU
2022-03-02,Ankush,1986,https://boxd.it/9zic
2022-03-02,Nadiya Ke Paar,1982,https://boxd.it/9LwU
2022-03-02,Dominion,2018,https://boxd.it/gXqy
2022-03-02,Rascal Does Not Dream of a Dreaming Girl,2019,https://boxd.it/l0cC
2022-03-02,Early Summer,1951,https://boxd.it/E4G
2022-03-02,A Moment of Innocence,1996,https://boxd.it/T6W
2022-03-02,Never on Sunday,1960,https://boxd.it/VrM
2022-03-02,Day of Wrath,1943,https://boxd.it/ZtM
2022-03-02,Kuroneko,1968,https://boxd.it/12mE
2022-03-02,Sophie's Choice,1982,https://boxd.it/1Lzy
2022-03-02,"It's a Mad, Mad, Mad, Mad World",1963,https://boxd.it/1TvO
2022-03-02,The Descent,2005,https://boxd.it/1YNy
2022-03-02,Ray,2004,https://boxd.it/28km
2022-03-02,Billy Elliot,2000,https://boxd.it/2bdy
2022-03-02,The Music Lovers,1971,https://boxd.it/2neI
2022-03-02,Gaman,1978,https://boxd.it/9Q5a
2022-03-02,Loveless,2017,https://boxd.it/fcFa
2022-03-02,Mangrove,2020,https://boxd.it/qEAa
2022-03-02,Ethos,2020,https://boxd.it/sJVQ
2022-03-02,Extremely Loud & Incredibly Close,2011,https://boxd.it/Ju
2022-03-02,Let's Get Lost,1988,https://boxd.it/17RC
2022-03-02,A Matter of Life and Death,1946,https://boxd.it/1q6K
2022-03-02,Ms .45,1981,https://boxd.it/1AWG
2022-03-02,Withnail & I,1987,https://boxd.it/1Qa4
2022-03-02,Lilya 4-ever,2002,https://boxd.it/1SyW
2022-03-02,Munich,2005,https://boxd.it/2a0e
2022-03-02,Macario,1960,https://boxd.it/41Va
2022-03-02,Matrubhoomi: A Nation Without Women,2003,https://boxd.it/4b7k
2022-03-02,Nobody's Daughter Haewon,2013,https://boxd.it/50g8
2022-03-02,Fan,2016,https://boxd.it/d8xC
2022-03-02,3 Women,1977,https://boxd.it/YPs
2022-03-02,The Cranes Are Flying,1957,https://boxd.it/169Y
2022-03-02,Kirikou and the Sorceress,1998,https://boxd.it/1C3y
2022-03-02,Orphan,2009,https://boxd.it/1CgM
2022-03-02,World's Greatest Dad,2009,https://boxd.it/1DVG
2022-03-02,Maborosi,1995,https://boxd.it/1G9U
2022-03-02,Castaway on the Moon,2009,https://boxd.it/1GXU
2022-03-02,Maniac Cop,1988,https://boxd.it/1OtS
2022-03-02,Kes,1969,https://boxd.it/1Qi8
2022-03-02,Grease,1978,https://boxd.it/29YW
2022-03-02,Filth,2013,https://boxd.it/32NY
2022-03-02,Post Tenebras Lux,2012,https://boxd.it/3wTs
2022-03-02,The Infinite Man,2014,https://boxd.it/7qNm
2022-03-02,Manam,2014,https://boxd.it/7rrw
2022-03-02,The Tale,2018,https://boxd.it/cOkI
2022-03-02,Panchayat,2017,https://boxd.it/k4zS
2022-03-02,The Long Goodbye,2020,https://boxd.it/ppuO
2022-03-02,Henry & June,1990,https://boxd.it/1HJE
2022-03-02,The Triplets of Belleville,2003,https://boxd.it/1Y6Y
2022-03-02,Dead Ringers,1988,https://boxd.it/1Yqk
2022-03-02,The Man Without a Past,2002,https://boxd.it/212g
2022-03-02,Knocked Up,2007,https://boxd.it/23yS
2022-03-02,Salim Langde Pe Mat Ro,1989,https://boxd.it/4cJO
2022-03-02,Frantz,2016,https://boxd.it/d6Ym
2022-03-02,The Square,2017,https://boxd.it/e5YW
2022-03-02,Miles Davis: Birth of the Cool,2019,https://boxd.it/kLfm
2022-03-02,The Dissident,2020,https://boxd.it/oiQm
2022-03-02,Ram Part I,,https://boxd.it/omXQ
2022-03-02,Churuli,2021,https://boxd.it/r2Ae
2022-03-02,JUJUTSU KAISEN,2020,https://boxd.it/sOve
2022-03-02,On the Count of Three,2021,https://boxd.it/tbfI
2022-03-02,Belle,2021,https://boxd.it/tbEe
2022-03-02,Serie Noire,1979,https://boxd.it/1vS
2022-03-02,Deep Red,1975,https://boxd.it/1E1E
2022-03-02,The Missing,2003,https://boxd.it/1SqI
2022-03-02,Clueless,1995,https://boxd.it/1Ygk
2022-03-02,The Fly,1986,https://boxd.it/1YIe
2022-03-02,Going Places,1974,https://boxd.it/24PU
2022-03-02,In the Mouth of Madness,1994,https://boxd.it/26vi
2022-03-02,Time to Love,1965,https://boxd.it/46cu
2022-03-02,"Two Days, One Night",2014,https://boxd.it/6A58
2022-03-02,Personal Shopper,2016,https://boxd.it/bkGM
2022-03-02,In This Corner of the World,2016,https://boxd.it/d9kY
2022-03-02,"Quo Vadis, Aida?",2020,https://boxd.it/riws
2022-03-02,Religion,2007,https://boxd.it/13aa
2022-03-02,Russian Ark,2002,https://boxd.it/1JQM
2022-03-02,84 Charing Cross Road,1987,https://boxd.it/1LL0
2022-03-02,My Fair Lady,1964,https://boxd.it/1UBI
2022-03-02,The Gods Must Be Crazy,1980,https://boxd.it/20eq
2022-03-02,Erin Brockovich,2000,https://boxd.it/2al2
2022-03-02,Kya Dilli Kya Lahore,2014,https://boxd.it/831m
2022-03-02,Lights Out,2016,https://boxd.it/bAHc
2022-03-02,Aanandam,2016,https://boxd.it/eWB2
2022-03-02,Anne,2018,https://boxd.it/ixl2
2022-03-02,Natkhat,2020,https://boxd.it/qxOE
2022-03-02,Sarpatta Parambarai,2021,https://boxd.it/tX36
2022-03-02,Manasanamaha,2020,https://boxd.it/woIO
2022-03-02,#Home,2021,https://boxd.it/wupe
2022-03-02,Ferris Bueller's Day Off,1986,https://boxd.it/1YPY
2022-03-02,God's Comedy,1995,https://boxd.it/EJE
2022-03-02,Hovering Over the Water,1986,https://boxd.it/2VaU
2022-03-02,In the Bedroom,2001,https://boxd.it/27Fo
2022-03-02,Boys Don't Cry,1999,https://boxd.it/2aPG
2022-03-04,Land of Mine,2015,https://boxd.it/b5ee
2022-03-05,Woodlands Dark and Days Bewitched: A History of Folk Horror,2021,https://boxd.it/mJ04
2022-03-06,"Right Now, Wrong Then",2015,https://boxd.it/bWs4
2022-03-10,Chidambaram,1985,https://boxd.it/7Sd2
2022-03-15,Mikey and Nicky,1976,https://boxd.it/iL4
2022-03-17,Volver,2006,https://boxd.it/2aQO
2022-03-18,The Mirror,1997,https://boxd.it/10Iy
2022-03-20,"Norte, the End of History",2013,https://boxd.it/5FkU
2022-03-23,Persona,2018,https://boxd.it/nBOM
2022-03-23,Autumn,2008,https://boxd.it/1S22
2022-03-25,The Face of Another,1966,https://boxd.it/1nso
2022-03-26,A Room with a View,1986,https://boxd.it/1UfC
2022-03-27,Gusto Kita With All My Hypothalamus,2018,https://boxd.it/j0sQ
2022-03-30,Opera,2020,https://boxd.it/saK4
2022-04-03,War and Peace,1968,https://boxd.it/1nRy
2022-04-04,Girl Walk // All Day,2011,https://boxd.it/3nNg
2022-04-04,Nainsukh,2010,https://boxd.it/2R6Y
2022-04-07,The Governesses,,https://boxd.it/AdVq
2022-04-07,The Nun,1966,https://boxd.it/WbK
2022-04-10,Real Women Have Curves,2002,https://boxd.it/1lBI
2022-04-12,The Disciple,2020,https://boxd.it/riwi
2022-04-14,Fabian: Going to the Dogs,2021,https://boxd.it/mXyk
2022-04-15,Suspiria,2018,https://boxd.it/cioI
2022-04-18,27 Down,1974,https://boxd.it/4cJY
2022-04-22,Iraivi,2016,https://boxd.it/cNg6
2022-05-01,Miracle Mile,1988,https://boxd.it/1x68
2022-05-01,Full Time,2021,https://boxd.it/vqs2
2022-05-06,Badhaai Do,2022,https://boxd.it/sl1E
2022-05-09,Pixote,1980,https://boxd.it/XCs
2022-05-09,Broker,2022,https://boxd.it/rDUU
2022-05-11,Angels in America,2003,https://boxd.it/1yug
2022-05-14,Lovers of the Arctic Circle,1998,https://boxd.it/28NS
2022-05-14,A Heart in Winter,1992,https://boxd.it/Ja0
2022-05-16,Toute une nuit,1982,https://boxd.it/9oA
2022-05-16,Ode to Nothing,2018,https://boxd.it/kg5K
2022-05-16,Shin Kamen Rider,2023,https://boxd.it/uDlw
2022-05-19,Mary Jane's Not a Virgin Anymore,1996,https://boxd.it/7awa
2022-05-20,The Quiet Girl,2022,https://boxd.it/yvgm
2022-05-21,Ankur: The Seedling,1974,https://boxd.it/5hJG
2022-05-23,Cobain: Montage of Heck,2015,https://boxd.it/akuY
2022-05-23,David Byrne's American Utopia,2020,https://boxd.it/oUAG
2022-05-26,Hasan Minhaj: Homecoming King,2017,https://boxd.it/gn6M
2022-05-28,When a Woman Ascends the Stairs,1960,https://boxd.it/19Ck
2022-06-06,Haru,1996,https://boxd.it/7Lo8
2022-06-06,The Story of Marie and Julien,2003,https://boxd.it/2KoG
2022-06-07,Devi,1960,https://boxd.it/Vt4
2022-06-08,Mandi,1983,https://boxd.it/5gSC
2022-06-19,Titli,2014,https://boxd.it/7WnK
2022-06-19,A Death in the Gunj,2016,https://boxd.it/enKe
2022-06-19,Aligarh,2015,https://boxd.it/cRto
2022-06-21,Phantom of the Paradise,1974,https://boxd.it/1s34
2022-06-28,Brother,1997,https://boxd.it/1CA8
2022-07-01,Dogtooth,2009,https://boxd.it/158K
2022-07-01,The Life of Jesus,1997,https://boxd.it/1sBg
2022-07-01,Roma,2004,https://boxd.it/UuK
2022-07-01,House,1977,https://boxd.it/1vsm
2022-07-01,The Tribe,2014,https://boxd.it/8aqe
2022-07-01,O Kadhal Kanmani,2015,https://boxd.it/aM7I
2022-07-03,Heaven Is Still Far Away,2016,https://boxd.it/j2Xc
2022-07-09,Memories of Matsuko,2006,https://boxd.it/1iVU
2022-07-09,Mother,2009,https://boxd.it/1m9g
2022-07-09,Safe,1995,https://boxd.it/1gKU
2022-07-09,Green Snake,1993,https://boxd.it/12Vk
2022-07-10,Along the Coast,1958,https://boxd.it/7298
2022-07-12,Peppermint Soda,1977,https://boxd.it/2NiG
2022-07-16,Eight Hours Don’t Make a Day,1972,https://boxd.it/zgJ6
2022-07-16,Berlin Alexanderplatz,1980,https://boxd.it/B9mo
2022-07-16,Generation War,2013,https://boxd.it/5stY
2022-07-16,A Hidden Life,2019,https://boxd.it/eb1Q
2022-07-16,Martha,1974,https://boxd.it/1Wzu
2022-07-16,Fox and His Friends,1975,https://boxd.it/Xma
2022-07-20,Gargi,2022,https://boxd.it/ALXU
2022-07-25,My Little Loves,1974,https://boxd.it/1Eg
2022-07-31,Morvern Callar,2002,https://boxd.it/1GDU
2022-07-31,Medium Cool,1969,https://boxd.it/WsQ
2022-08-15,Panchatanthiram,2002,https://boxd.it/H2e
2022-09-22,Battle Royale,2000,https://boxd.it/25zS
2022-09-25,Audition,1999,https://boxd.it/1UHm
2022-09-27,Nick Cave & The Bad Seeds: One More Time with Feeling,2016,https://boxd.it/edaK
2022-09-27,See Know Evil,2018,https://boxd.it/lbZU
2022-09-27,Ryuichi Sakamoto: CODA,2017,https://boxd.it/gZV4
2022-10-06,Christiane F.,1981,https://boxd.it/1YiA
2022-10-06,Undine,2020,https://boxd.it/mM3K
2022-10-06,Places in Cities,1998,https://boxd.it/3Ig8
2022-10-13,Monster,2004,https://boxd.it/py6Q
2022-10-17,Planet Earth,2006,https://boxd.it/5Nx8
2022-10-28,Manila by Night,1980,https://boxd.it/4DPE
2022-11-06,Farewell My Concubine,1993,https://boxd.it/1UTM
2022-11-13,Taipei Story,1985,https://boxd.it/3BkC
2022-11-15,Planet Earth II,2016,https://boxd.it/eS8g
2022-11-16,Women Talking,2022,https://boxd.it/tdq4
2022-11-19,FLCL,2000,https://boxd.it/bWtG
2022-11-19,Ping Pong the Animation,2014,https://boxd.it/oL1s
2022-11-19,The Tatami Galaxy,2010,https://boxd.it/oL50
2022-11-19,Paranoia Agent,2004,https://boxd.it/lPy0
2022-11-20,Masel Tov Cocktail,2020,https://boxd.it/qIwm
2022-11-24,Moonage Daydream,2022,https://boxd.it/A8Co
2022-12-09,My Life as a Dog,1985,https://boxd.it/1ZOM
2022-12-09,Dust in the Wind,1986,https://boxd.it/OcA
2022-12-10,Deep End,1970,https://boxd.it/i8m
2022-12-16,Daisies,1966,https://boxd.it/LZk
2022-12-21,Blue Jean,2022,https://boxd.it/AHhg
2022-12-22,Lullaby,2022,https://boxd.it/vvUA
2022-12-24,Promise at Dawn,2017,https://boxd.it/fll4
2022-12-24,See You Up There,2017,https://boxd.it/fg2Q
2022-12-26,Dirty Dancing,1987,https://boxd.it/2baY
2022-12-26,The Diary of a Teenage Girl,2015,https://boxd.it/7kru
2022-12-26,The Sessions,2012,https://boxd.it/3NXQ
2022-12-26,Code Unknown,2000,https://boxd.it/1kaw
2022-12-26,Goodbye First Love,2011,https://boxd.it/2SYW
2022-12-26,The Spanish Apartment,2002,https://boxd.it/28Cq
2022-12-26,Videodrome,1983,https://boxd.it/29uC
2023-01-01,Fragile as the World,2001,https://boxd.it/dk80
2023-01-04,No Bears,2022,https://boxd.it/ANxk
2023-01-04,Last Film Show,2021,https://boxd.it/uWQy
2023-01-04,Inu-Oh,2021,https://boxd.it/nQDE
2023-01-06,Kadaisi Vivasayi,2021,https://boxd.it/mGrm
2023-01-08,Happy-Go-Lucky,2008,https://boxd.it/1W68
2023-01-17,Mukundan Unni Associates™,2022,https://boxd.it/xcWQ
2023-01-22,Interface,2021,https://boxd.it/11sCi
2023-01-23,Close,2022,https://boxd.it/y4qa
2023-01-29,A Confucian Confusion,1994,https://boxd.it/uNc
2023-02-02,The Mouth Agape,1974,https://boxd.it/3gEm
2023-02-02,Syndromes and a Century,2006,https://boxd.it/1qHQ
2023-02-02,Face to Face,1976,https://boxd.it/1ns4
2023-02-02,Female Prisoner Scorpion: Jailhouse 41,1972,https://boxd.it/1326
2023-02-03,Lone Wolf and Cub: Sword of Vengeance,1972,https://boxd.it/Zia
2023-02-03,Vengeance Is Mine,1979,https://boxd.it/XyU
2023-02-05,Bitter Moon,1992,https://boxd.it/1W76
2023-02-05,A New Love in Tokyo,1994,https://boxd.it/3F36
2023-02-09,Dear Future Children,2021,https://boxd.it/tCiu
2023-02-09,India,1993,https://boxd.it/1UAg
2023-02-10,The Lodger: A Story of the London Fog,1927,https://boxd.it/26m6
2023-02-14,Funny Games,1997,https://boxd.it/1WKM
2023-02-16,Tokyo Fist,1995,https://boxd.it/Z2m
2023-02-16,The Beasts,2022,https://boxd.it/w1L6
2023-02-16,Veronika Voss,1982,https://boxd.it/273O
2023-02-17,Cold Water,1994,https://boxd.it/uk
2023-02-21,Alice in Chains: MTV Unplugged,1996,https://boxd.it/1lYi
2023-02-23,The Happiness of the Katakuris,2001,https://boxd.it/1KDY
2023-02-23,Angst,1983,https://boxd.it/1G46
2023-02-23,System Crasher,2019,https://boxd.it/kO1W
2023-02-23,The American Friend,1977,https://boxd.it/1UkC
2023-03-01,Pride & Prejudice,2005,https://boxd.it/24u8
2023-03-02,The Sacrifice,1986,https://boxd.it/1xg8
2023-03-03,Happy Hour,2015,https://boxd.it/bXge
2023-03-07,Kadhalum Kadanthu Pogum,2016,https://boxd.it/dvpw
2023-03-15,How to Save a Dead Friend,2022,https://boxd.it/zTkk
2023-03-19,The Death of Stalin,2017,https://boxd.it/ea9Y
2023-03-20,About Elly,2009,https://boxd.it/18Ry
2023-03-20,Suzume,2022,https://boxd.it/yv7Y
2023-04-01,Why Don't You Play in Hell?,2013,https://boxd.it/4lnC
2023-04-08,At Berkeley,2013,https://boxd.it/6iDw
2023-04-08,A Touch of Sin,2013,https://boxd.it/5Fvo
2023-04-30,The Big Sleep,1946,https://boxd.it/29iQ
2023-04-30,O Auto da Compadecida,1999,https://boxd.it/pRBe
2023-05-02,Inland Empire,2006,https://boxd.it/28d6
2023-05-05,The Days Between,2001,https://boxd.it/Oka
2023-05-18,Fatal Pulse,2018,https://boxd.it/j2MS
2023-05-20,Theorem,1968,https://boxd.it/237C
2023-05-22,Pen15: Jacuzzi,2021,https://boxd.it/wMmW
2023-05-28,In the Cut,2003,https://boxd.it/1V12
2023-05-29,Taking Off,1971,https://boxd.it/hnq
2023-06-03,Il Sorpasso,1962,https://boxd.it/1y7Q
2023-06-17,Simple Men,1992,https://boxd.it/JQq
2023-06-21,Carnival of Souls,1962,https://boxd.it/1KQ4
2023-06-21,Café Lumière,2003,https://boxd.it/yNA
2023-06-29,Klute,1971,https://boxd.it/2ako
2023-07-06,Asteroid City,2023,https://boxd.it/s3ds
2023-07-10,The Makanai: Cooking for the Maiko House,2023,https://boxd.it/EAuU
2023-07-10,Threads,1984,https://boxd.it/1I0g
2023-07-12,In Cold Blood,1967,https://boxd.it/1G62
2023-07-12,Tokyo Olympiad,1965,https://boxd.it/U1o
2023-07-12,The Burmese Harp,1956,https://boxd.it/1fKa
2023-07-20,Wanda,1970,https://boxd.it/2OjK
2023-07-27,Kamome Diner,2006,https://boxd.it/1vnm
2023-08-05,Red Desert,1964,https://boxd.it/1ttW
2023-08-08,Larry,2022,https://boxd.it/Dgky
2023-08-10,Holy Motors,2012,https://boxd.it/3wai
2023-08-10,Il Posto,1961,https://boxd.it/1iqC
2023-08-14,Vortex,2021,https://boxd.it/uoni
2023-08-15,Stations of the Cross,2014,https://boxd.it/7uqQ
2023-08-15,Phoenix,2014,https://boxd.it/7u46
2023-08-16,Dont Look Back,1967,https://boxd.it/2b3y
2023-08-19,Dimensions of Dialogue,1983,https://boxd.it/1FPq
2023-08-20,The Captive,2000,https://boxd.it/Lcs
2023-08-21,Wolfwalkers,2020,https://boxd.it/fGrC
2023-08-24,The Fifth Seal,1976,https://boxd.it/2GNW
2023-08-25,Cries and Whispers,1972,https://boxd.it/1WK8
2023-08-27,The Four Times,2010,https://boxd.it/mPa
2023-08-27,Foxtrot,2017,https://boxd.it/fOqC
2023-08-29,Le Cercle Rouge,1970,https://boxd.it/1Tjy
2023-08-29,The Conformist,1970,https://boxd.it/20cE
2023-08-29,The Long Goodbye,1973,https://boxd.it/281O
2023-08-29,Sorcerer,1977,https://boxd.it/14J6
2023-09-01,Faces Places,2017,https://boxd.it/g7ck
2023-09-03,Evil Does Not Exist,2023,https://boxd.it/HJrc
2023-09-09,Viduthalai: Part I,2023,https://boxd.it/tzzM
2023-09-09,Nanpakal Nerathu Mayakkam,2022,https://boxd.it/x5xO
2023-09-10,Texhnolyze,2003,https://boxd.it/py62
2023-09-15,Teenage Mutant Ninja Turtles: Mutant Mayhem,2023,https://boxd.it/mK0a
2023-09-21,The Loneliness of the Long Distance Runner,1962,https://boxd.it/1KOM
2023-09-23,Streetwise,1984,https://boxd.it/XKw
2023-10-06,Happening,2021,https://boxd.it/tRts
2023-10-08,Manhunter,1986,https://boxd.it/1TOw
2023-10-12,Bee and PuppyCat,2013,https://boxd.it/6ll6
2023-10-14,A History of Violence,2005,https://boxd.it/2bfa
2023-10-21,Ghostwatch,1992,https://boxd.it/MIO
2023-10-22,Beauty and the Beast,1978,https://boxd.it/2tKA
2023-10-22,Death of Yazdgerd,1982,https://boxd.it/7WVM
2023-10-22,Under the Blossoming Cherry Trees,1975,https://boxd.it/3FsK
2023-10-22,The Bad and the Beautiful,1952,https://boxd.it/1h3M
2023-10-25,Like Someone in Love,2012,https://boxd.it/3tOu
2023-10-26,Camera Buff,1979,https://boxd.it/XzS
2023-10-29,A Face in the Crowd,1957,https://boxd.it/2lyc
2023-10-29,Splendor in the Grass,1961,https://boxd.it/1pig
2023-10-29,The Inauguration of the Pleasure Dome,1954,https://boxd.it/UJU
2023-11-01,The Devil,1972,https://boxd.it/3iRC
2023-11-01,On the Silver Globe,1988,https://boxd.it/1sAM
2023-11-04,Do Not Expect Too Much from the End of the World,2023,https://boxd.it/zkHI
2023-11-08,Indi(r)a's Emergency,2023,https://boxd.it/Jpau
2023-11-11,The Red Shoes,1948,https://boxd.it/1EXI
2023-11-13,Adaptation.,2002,https://boxd.it/26mA
2023-11-13,Salaam Cinema,1995,https://boxd.it/T68
2023-11-14,"As I Was Moving Ahead, Occasionally I Saw Brief Glimpses of Beauty",2000,https://boxd.it/4gcu
2023-11-14,I May Destroy You,2020,https://boxd.it/qX9i
2023-11-14,Make Way for Tomorrow,1937,https://boxd.it/10hC
2023-11-16,When the Cat Comes,1963,https://boxd.it/JJ0
2023-11-16,Die Nibelungen: Siegfried,1924,https://boxd.it/1iWS
2023-11-18,Ödipussi,1988,https://boxd.it/240i
2023-11-18,Hotel Adlon,2013,https://boxd.it/53yO
2023-11-19,And So We Put Goldfish in the Pool.,2017,https://boxd.it/ge6o
2023-11-19,It has to be lived once and dreamed twice,2019,https://boxd.it/loGQ
2023-11-20,The Nature of Love,2023,https://boxd.it/ym6i
2023-11-21,National Gallery,2014,https://boxd.it/7Wyo
2023-11-23,Distant,2002,https://boxd.it/1k28
2023-11-23,"Now, Voyager",1942,https://boxd.it/1gvq
2023-11-24,"Merry Christmas, Mr. Lawrence",1983,https://boxd.it/1SHu
2023-11-24,Ex Libris: The New York Public Library,2017,https://boxd.it/fSVY
2023-11-25,Scrapper,2023,https://boxd.it/zht4
2023-11-28,Crossing Delancey,1988,https://boxd.it/1rTS
2023-11-29,Endless Poetry,2016,https://boxd.it/aANs
2023-11-29,Starred Up,2013,https://boxd.it/6fRq
2023-11-30,Beau Travail,1999,https://boxd.it/1NI8
2023-12-01,Shin Godzilla,2016,https://boxd.it/a9lm
2023-12-02,The First Slam Dunk,2022,https://boxd.it/tt94
2023-12-03,Dirty Girls,2000,https://boxd.it/6fUu
2023-12-04,A Girl Walks Home Alone at Night,2014,https://boxd.it/7nZE
2023-12-05,"20,000 Species of Bees",2023,https://boxd.it/DRPy
2023-12-05,Wasp,2003,https://boxd.it/RRQ
2023-12-05,The Exquisite Corpus,2015,https://boxd.it/bnh6
2023-12-05,One Lives by Love,1984,https://boxd.it/7Dbg
2023-12-05,The Amazonian Angel,1992,https://boxd.it/i4OY
2023-12-06,Opium,2022,https://boxd.it/CXE0
2023-12-20,City of Pirates,1983,https://boxd.it/2cwG
2023-12-22,Cemetery Man,1994,https://boxd.it/1BES
2023-12-24,Gertrud,1964,https://boxd.it/1ec2
2024-01-01,Mars Express,2023,https://boxd.it/lATC
2024-01-01,Falling in Love Like in Movies,2023,https://boxd.it/EDQY
2024-01-01,Samsara,2023,https://boxd.it/EL1a
2024-01-01,The Teachers' Lounge,2023,https://boxd.it/BINY
2024-01-01,Slow,2023,https://boxd.it/E31g
2024-01-01,Chithha,2023,https://boxd.it/GbIc
2024-01-03,This Transient Life,1970,https://boxd.it/3y8S
2024-01-03,Play It Safe,2021,https://boxd.it/ugsE
2024-01-04,Memories of Underdevelopment,1968,https://boxd.it/Kos
2024-01-05,Ratcatcher,1999,https://boxd.it/1mSg
2024-01-06,"Apolonia, Apolonia",2022,https://boxd.it/DCxu
2024-01-06,Showing Up,2022,https://boxd.it/tJ1q
2024-01-07,Naked Childhood,1968,https://boxd.it/1jj8
2024-01-07,Ordinary People,1980,https://boxd.it/1JTm
2024-01-07,Drowning by Numbers,1988,https://boxd.it/1rYe
2024-01-07,Duelle (Une Quarantaine),1976,https://boxd.it/2WK
2024-01-07,The Parent Trap,1998,https://boxd.it/1XJq
2024-01-10,The Fiancés,1963,https://boxd.it/1Jq
2024-01-11,The Devil's Backbone,2001,https://boxd.it/28Li
2024-01-14,All Watched Over by Machines of Loving Grace,2011,https://boxd.it/5Ose
2024-01-14,Out-Takes from the Life of a Happy Man,2012,https://boxd.it/5LT2
2024-01-14,Song of Love,1950,https://boxd.it/36Om
2024-01-14,Camera,2000,https://boxd.it/3rAK
2024-01-14,Modern Romance,1981,https://boxd.it/6Xi
2024-01-14,No Crying at the Dinner Table,2019,https://boxd.it/mVd0
2024-01-14,Love Exists,1960,https://boxd.it/53CQ
2024-01-15,Blue,1993,https://boxd.it/3iyA
2024-01-15,To Be Continued,2007,https://boxd.it/7J62
2024-01-16,Asako I & II,2018,https://boxd.it/hyNk
2024-01-16,Moonstruck,1987,https://boxd.it/27zg
2024-01-16,Harold and Maude,1971,https://boxd.it/2axM
2024-01-16,"Black Cat, White Cat",1998,https://boxd.it/295s
2024-01-16,My Sex Life... or How I Got Into an Argument,1996,https://boxd.it/2Xhe
2024-01-16,The Last Days of Disco,1998,https://boxd.it/1JpQ
2024-01-18,Panic,1946,https://boxd.it/UpU
2024-01-20,Marketa Lazarová,1967,https://boxd.it/1uSS
2024-01-21,Kanan Gill: Is This It?,2023,https://boxd.it/H8hk
2024-01-23,Crashing,2016,https://boxd.it/ndN6
2024-01-23,The Return,2003,https://boxd.it/1UpM
2024-01-23,Devils on the Doorstep,2000,https://boxd.it/1v16
2024-01-23,In the Heat of the Sun,1994,https://boxd.it/523q
2024-01-23,In Vanda's Room,2000,https://boxd.it/36r8
2024-01-23,Veedu,1988,https://boxd.it/aSwO
2024-01-25,Dead Man's Letters,1986,https://boxd.it/2wKy
2024-01-28,An Unmarried Woman,1978,https://boxd.it/15kG
2024-01-28,The Truth,1960,https://boxd.it/d3Q
2024-01-28,The Century of the Self,2002,https://boxd.it/BnA
2024-01-28,HyperNormalisation,2016,https://boxd.it/eOGy
2024-01-28,The Taste of Tea,2004,https://boxd.it/1Mse
2024-02-07,Megalopolis,2024,https://boxd.it/lPBS
2024-02-07,The Khayal Saga,1989,https://boxd.it/bFce
2024-02-07,The Man's Woman and Other Stories,2009,https://boxd.it/7J6c
2024-02-07,The Brittle Thread,2021,https://boxd.it/xadO
2024-02-07,Kal Ho Naa Ho,2003,https://boxd.it/24By
2024-02-07,In Which Annie Gives It Those Ones,1989,https://boxd.it/cCoe
2024-02-07,Smoke Sauna Sisterhood,2023,https://boxd.it/E340
2024-02-07,The Promised Land,2023,https://boxd.it/B1hA
2024-02-08,Dharavi,1991,https://boxd.it/5Yfu
2024-02-08,The Ruins,1984,https://boxd.it/6yLw
2024-02-08,The Angrez,2006,https://boxd.it/3Rlw
2024-02-08,Nazar,1990,https://boxd.it/7ILo
2024-02-08,Pestonjee,1988,https://boxd.it/7k4A
2024-02-08,The Home and the World,1984,https://boxd.it/XLu
2024-02-08,Three of Us,2022,https://boxd.it/DQmq
2024-02-08,Monster,2023,https://boxd.it/DJEM
2024-02-10,The Iron Claw,2023,https://boxd.it/w5Pm
2024-02-13,Eros + Massacre,1969,https://boxd.it/2HSo
2024-02-15,The Idiot,,https://boxd.it/mpV0
2024-02-15,Shirkers,2018,https://boxd.it/hDOs
2024-02-15,From the Notebook of...,1972,https://boxd.it/3yYk
2024-02-16,Stop Making Sense,1984,https://boxd.it/1ygo
2024-02-16,Paris Is Burning,1990,https://boxd.it/1jzg
2024-02-16,The Trial,2017,https://boxd.it/Az6E
2024-02-16,Close Your Eyes,2023,https://boxd.it/BGhm
2024-02-16,The Son's Room,2001,https://boxd.it/1TPE
2024-02-16,At the First Breath of Wind,2002,https://boxd.it/6x2U
2024-02-18,Letter from an Unknown Woman,1948,https://boxd.it/2wRO
2024-02-18,The Earrings of Madame de...,1953,https://boxd.it/2lom
2024-02-18,Orlando,1992,https://boxd.it/1Z1K
2024-02-18,News from Home,1976,https://boxd.it/34TO
2024-02-19,Bramayugam,2024,https://boxd.it/Iekc
2024-02-22,The Zone of Interest,2023,https://boxd.it/gJsA
2024-02-22,Ryuichi Sakamoto | Opus,2023,https://boxd.it/HJBm
2024-02-25,"Ivan the Terrible, Part I",1944,https://boxd.it/1XMO
2024-02-25,Murmur of the Heart,1971,https://boxd.it/WKg
2024-02-27,Knife in the Water,1962,https://boxd.it/1THK
2024-02-28,Divorce Italian Style,1961,https://boxd.it/1DNs
2024-02-28,Castle of Purity,1972,https://boxd.it/Knu
2024-02-28,My Friends,1975,https://boxd.it/1CI2
2024-02-29,Movie Dementia,1986,https://boxd.it/5bH0
2024-02-29,Buccaneer Soul,1993,https://boxd.it/5z5E
2024-02-29,The Empire of Desire,1981,https://boxd.it/55bW
2024-02-29,Fake Blonde,2007,https://boxd.it/5eHM
2024-03-02,"They Shoot Horses, Don't They?",1969,https://boxd.it/1q9u
2024-03-02,The Taking of Pelham One Two Three,1974,https://boxd.it/20lG
2024-03-03,Love Affair(s),2020,https://boxd.it/oCJK
2024-03-03,What Now? Remind Me,2013,https://boxd.it/6moU
2024-03-03,Kid,2015,https://boxd.it/bWxo
2024-03-03,My Mother's Smile,2002,https://boxd.it/4CW
2024-03-03,Rouge,1987,https://boxd.it/2cdk
2024-03-03,Ricordi?,2018,https://boxd.it/jEEi
2024-03-03,The Horse Thief,1986,https://boxd.it/XWs
2024-03-06,The Asadas!,2020,https://boxd.it/lA2e
2024-03-10,Swing Girls,2004,https://boxd.it/1ag0
2024-03-16,La Flor,2018,https://boxd.it/eZCs
2024-03-16,Out 1,1971,https://boxd.it/3i2a
2024-03-16,Down by Law,1986,https://boxd.it/28CA
2024-03-16,Until the End of the World,1991,https://boxd.it/1WuY
2024-03-24,Manjummel Boys,2024,https://boxd.it/EtUc
2024-03-25,Heaven's Gate,1980,https://boxd.it/1V2k
2024-03-31,Violated Angels,1967,https://boxd.it/rbE
2024-04-01,The Gospel According to St. Matthew,1964,https://boxd.it/1y7c
2024-04-01,Anticipation of the Night,1958,https://boxd.it/4Jw4
2024-04-02,I Vitelloni,1953,https://boxd.it/1RJE
2024-04-08,Sexy Beast,2000,https://boxd.it/1SZS
2024-04-10,The Weeping Meadow,2004,https://boxd.it/177k
2024-04-10,The Tragedy of Man,2011,https://boxd.it/3SeQ
2024-04-11,A Season in Hakkari,1983,https://boxd.it/7QjC
2024-04-11,Where Does Your Hidden Smile Lie?,2001,https://boxd.it/3jHS
2024-04-12,The Valley of the Bees,1968,https://boxd.it/1uSe
2024-04-12,Big Fish,2003,https://boxd.it/2a3M
2024-04-12,Spirit: Stallion of the Cimarron,2002,https://boxd.it/1Zmo
2024-04-14,From the Clouds to the Resistance,1979,https://boxd.it/35JU
2024-04-19,The Image Book,2018,https://boxd.it/eBse
2024-04-19,The Innocents,1961,https://boxd.it/1KeY
2024-04-20,The Peasants,2023,https://boxd.it/rwWa
2024-04-21,Stormy Waters,1941,https://boxd.it/uY
2024-04-22,The Fire Within,1963,https://boxd.it/26AM
2024-04-25,One Million Yen Girl,2008,https://boxd.it/2h5K
2024-04-25,Dhrupad,1983,https://boxd.it/4nWY
2024-04-25,India Cabaret,1985,https://boxd.it/8NOY
2024-04-25,Forest of Bliss,1986,https://boxd.it/2Xg6
2024-04-25,Borderlands,2021,https://boxd.it/qpsq
2024-04-30,La Ricotta,1963,https://boxd.it/oYDk
2024-04-30,Ask Me If I'm Happy,2000,https://boxd.it/Dqw
2024-05-02,Summer Hours,2008,https://boxd.it/20pI
2024-05-02,Notre Musique,2004,https://boxd.it/1u3g
2024-05-03,Humanist Vampire Seeking Consenting Suicidal Person,2023,https://boxd.it/Blzk
2024-05-03,Saint Omer,2022,https://boxd.it/yShC
2024-05-03,Mistress America,2015,https://boxd.it/9UfS
2024-05-03,Another Year,2010,https://boxd.it/T1C
2024-05-03,One Hundred and One Nights,1995,https://boxd.it/3iuI
2024-05-03,La Pointe Courte,1955,https://boxd.it/ui4
2024-05-05,Japanese Girls at the Harbor,1933,https://boxd.it/Cy
2024-05-05,Ornamental Hairpin,1941,https://boxd.it/3QP6
2024-05-09,Three Times,2005,https://boxd.it/1Tzm
2024-05-14,NANA,2006,https://boxd.it/qBBE
2024-05-17,Bird,2024,https://boxd.it/GGhm
2024-05-20,Tropical Malady,2004,https://boxd.it/1TCA
2024-05-20,Mother and Son,1997,https://boxd.it/S96
2024-05-21,Design for Living,1933,https://boxd.it/2FJE
2024-05-21,I Am Love,2009,https://boxd.it/10ac
2024-05-21,Happy as Lazzaro,2018,https://boxd.it/hiVs
2024-05-21,The Eight Mountains,2022,https://boxd.it/ufRe
2024-05-25,The Seed of the Sacred Fig,2024,https://boxd.it/MKo4
2024-06-01,Angel Dust,1994,https://boxd.it/1esa
2024-06-01,The Noisy Requiem,1988,https://boxd.it/3xKc
2024-06-03,"Master, a Building in Copacabana",2002,https://boxd.it/gJK
2024-06-03,The Tree of Life,2011,https://boxd.it/1Zu8
2024-06-03,Caché,2005,https://boxd.it/2amY
2024-06-03,Love & Pop,1998,https://boxd.it/2sv0
2024-06-06,Love Torn in a Dream,2000,https://boxd.it/4uBI
2024-06-06,A New Life,2002,https://boxd.it/3q1O
2024-06-08,Our Lady of the Turks,1968,https://boxd.it/iZA
2024-06-08,One Hamlet Less,1973,https://boxd.it/5Yom
2024-06-08,Salomé,1972,https://boxd.it/5f2g
2024-06-08,Three Crowns of the Sailor,1983,https://boxd.it/1hQ
2024-06-11,Daria in 'Is It Fall Yet?',2000,https://boxd.it/Ras
2024-06-11,Daria in 'Is It College Yet?',2002,https://boxd.it/1y3a
2024-06-11,Histoire(s) du cinéma,1989,https://boxd.it/Mvuc
2024-06-11,The Lovely Month of May,1963,https://boxd.it/4d0q
2024-06-14,Hunger,1966,https://boxd.it/2D3m
2024-06-14,A Zed & Two Noughts,1985,https://boxd.it/1g9a
2024-06-15,Andrey Tarkovsky. A Cinema Prayer,2019,https://boxd.it/mRXS
2024-06-16,Three Men and a Leg,1997,https://boxd.it/16lg
2024-06-20,The Last Days of Humanity,2022,https://boxd.it/BYl2
2024-06-23,Viy,1967,https://boxd.it/nd2
2024-06-25,The Blood of a Poet,1932,https://boxd.it/19Bw
2024-06-25,"OSS 117: Cairo, Nest of Spies",2006,https://boxd.it/1MIm
2024-06-25,The Curse,2023,https://boxd.it/IWYq
2024-06-25,Mississippi Masala,1991,https://boxd.it/Ywg
2024-07-06,This Is How a Child Becomes a Poet,2023,https://boxd.it/HMlw
2024-07-06,To Sleep with Anger,1990,https://boxd.it/3iqG
2024-07-07,Pale Flower,1964,https://boxd.it/dGS
2024-07-07,November,2017,https://boxd.it/fxu8
2024-07-07,Penda's Fen,1974,https://boxd.it/4oQW
2024-07-07,The Ravishing of Frank N. Stein,1982,https://boxd.it/6J3K
2024-07-07,The Black Tower,1987,https://boxd.it/bz1a
2024-07-07,Morgiana,1972,https://boxd.it/x9Y
2024-07-07,The Third Part of the Night,1971,https://boxd.it/Miw
2024-07-07,Despite the Night,2015,https://boxd.it/aPmQ
2024-07-07,Rapture,1979,https://boxd.it/24f8
2024-07-07,Dog's Dialogue,1979,https://boxd.it/4L3I
2024-07-07,Iguana,1988,https://boxd.it/5McI
2024-07-07,"You're Sleeping, Nicole",2014,https://boxd.it/88Te
2024-07-07,Class Relations,1984,https://boxd.it/3Up2
2024-07-07,Chronicle of Anna Magdalena Bach,1968,https://boxd.it/3jIm
2024-07-07,Queen Margot,1994,https://boxd.it/1Wec
2024-07-07,The Night of the Shooting Stars,1982,https://boxd.it/XFm
2024-07-07,Charade,1963,https://boxd.it/23O2
2024-07-07,Masculin Féminin,1966,https://boxd.it/23UY
2024-07-07,My Journey Through French Cinema,2016,https://boxd.it/u2wC
2024-07-07,Into Great Silence,2005,https://boxd.it/1Uk8
2024-07-07,The Days When I Don’t Exist,2003,https://boxd.it/6jhm
2024-07-07,In Praise of Love,2001,https://boxd.it/yis
2024-07-07,A Lake,2008,https://boxd.it/19iu
2024-07-07,Il Buco,2021,https://boxd.it/ozry
2024-07-07,Corpo Celeste,2011,https://boxd.it/5a
2024-07-07,Vasfiye Is Her Name,1985,https://boxd.it/4wm6
2024-07-07,Band of Outsiders,1964,https://boxd.it/20Aw
2024-07-11,Kill,2023,https://boxd.it/HTqS
2024-07-13,Gomorrah,2008,https://boxd.it/1ZG4
2024-07-13,Dogman,2018,https://boxd.it/hniA
2024-07-14,A Moment of Romance,1990,https://boxd.it/2PLU
2024-07-18,Palms,1994,https://boxd.it/3Wbc
2024-07-22,Blood of the Beasts,1949,https://boxd.it/3cTW
2024-07-22,Gozu,2003,https://boxd.it/1RTa
2024-08-04,India Song,1975,https://boxd.it/32HQ
2024-08-05,The Red Balloon,1956,https://boxd.it/1Mxo
2024-08-05,The Man Who Planted Trees,1987,https://boxd.it/FKS
2024-08-05,The Mad Adventures of Rabbi Jacob,1973,https://boxd.it/29H2
2024-08-07,A Tale of Springtime,1990,https://boxd.it/1pZ0
2024-08-07,"The Tree, the Mayor and the Mediatheque",1993,https://boxd.it/4lEI
2024-08-07,The So-Called Caryatids,1984,https://boxd.it/Mm4
2024-08-07,Elsa the Rose,1966,https://boxd.it/5Eio
2024-08-08,Valparaiso,1963,https://boxd.it/2Ln0
2024-08-08,Statues Also Die,1953,https://boxd.it/17bc
2024-08-08,Cléo from 5 to 7: Remembrances and Anecdotes,2005,https://boxd.it/ernI
2024-08-08,The Seine Meets Paris,1957,https://boxd.it/4dcm
2024-08-08,Itinerary of Jean Bricard,2008,https://boxd.it/7BBm
2024-08-10,Shadows of Forgotten Ancestors,1965,https://boxd.it/1tbS
2024-08-10,Solaris,1972,https://boxd.it/2a2Y
2024-08-18,Shoot the Piano Player,1960,https://boxd.it/285w
2024-08-18,Daguerréotypes,1975,https://boxd.it/FxY
2024-08-18,Vivre Sa Vie,1962,https://boxd.it/28s6
2024-08-18,Dialogue of Shadows,2013,https://boxd.it/7zay
2024-08-19,These Encounters of Theirs,2006,https://boxd.it/3Fx6
2024-08-23,Mushi-Shi,2005,https://boxd.it/px1U
2024-08-24,Asparagus,1979,https://boxd.it/19AS
2024-08-25,The Bridge of Arts,2004,https://boxd.it/3tCS
2024-08-25,"Paris, 13th District",2021,https://boxd.it/s0Ky
2024-08-25,Irreversible,2002,https://boxd.it/29as
2024-08-27,Investigation of a Citizen Above Suspicion,1970,https://boxd.it/1tRY
2024-08-28,The Public Woman,1984,https://boxd.it/2tAU
2024-08-29,Ghost Dog: The Way of the Samurai,1999,https://boxd.it/23Ne
2024-09-12,Kwaidan,1964,https://boxd.it/1kbY
2024-09-12,Fire in Castilla (Tactilvision from the Moor of Fright),1961,https://boxd.it/47Ce
2024-09-13,Bird People,2014,https://boxd.it/7Wo4
2024-09-13,The Dinner Game,1998,https://boxd.it/1YJ2
2024-09-17,Dekalog,1989,https://boxd.it/bv4u
2024-09-20,Decalogue VIII,1989,https://boxd.it/C8m
2024-09-20,Decalogue III,1989,https://boxd.it/3Wmu
2024-09-20,World of Tomorrow Episode Three: The Absent Destinations of David Prime,2020,https://boxd.it/rmsk
2024-09-22,Rap World,2024,https://boxd.it/LPe2
2024-09-22,DJ Mehdi: Made in France,2024,https://boxd.it/QkA2
2024-09-24,Peking Opera Blues,1986,https://boxd.it/13fO
2024-09-25,The Night Porter,1974,https://boxd.it/1tsk
2024-09-26,Nickel Boys,2024,https://boxd.it/CStQ
2024-09-27,Jam,2000,https://boxd.it/py5o
2024-09-29,A Woman's Revenge,2012,https://boxd.it/3a1o
2024-09-29,Hayao Miyazaki and the Heron,2024,https://boxd.it/Njam
2024-09-29,Made in England: The Films of Powell and Pressburger,2024,https://boxd.it/H5qS
2024-10-03,Happy End,1967,https://boxd.it/B4o
2024-10-03,The Cremator,1969,https://boxd.it/1H8y
2024-10-03,There's Still Tomorrow,2023,https://boxd.it/COrw
2024-10-05,ME,2024,https://boxd.it/KqGe
2024-10-06,Redline,2009,https://boxd.it/2pQ0
2024-10-06,Blue Giant,2023,https://boxd.it/xwJW
2024-10-07,Grey Gardens,1975,https://boxd.it/1INM
2024-10-07,Love Jones,1997,https://boxd.it/1s3S
2024-10-10,No Sex Last Night,1996,https://boxd.it/SiC
2024-10-10,Divines,2016,https://boxd.it/dLDY
2024-10-10,The Swimmer,1968,https://boxd.it/1ffG
2024-10-11,A Different Man,2024,https://boxd.it/BoEC
2024-10-13,Sombre,1998,https://boxd.it/oA2
2024-10-14,The Bird with the Crystal Plumage,1970,https://boxd.it/1DDW
2024-10-14,My Winnipeg,2007,https://boxd.it/1Qz4
2024-10-14,The Mass Is Ended,1985,https://boxd.it/fjQ
2024-10-14,Andrei Tarkovsky: A Poet in the Cinema,1984,https://boxd.it/4cli
2024-10-14,What Time Is It?,1989,https://boxd.it/kXw
2024-10-14,Journey to Italy,1954,https://boxd.it/26o2
2024-10-14,Bianca,1984,https://boxd.it/1N06
2024-10-14,One Way or Another,1976,https://boxd.it/Lyo
2024-10-14,The 4th Man,1983,https://boxd.it/1o7c
2024-10-19,Hard Truths,2024,https://boxd.it/CiDq
2024-10-26,Happiness,1998,https://boxd.it/1VEe
2024-10-26,Original Cast Album: Company,1970,https://boxd.it/3rPU
2024-10-26,The Life and Death of Colonel Blimp,1943,https://boxd.it/1wwk
2024-10-27,The Isle,2000,https://boxd.it/1ZZ6
2024-10-27,Theatre of Blood,1973,https://boxd.it/1psg
2024-10-28,A Traveler's Needs,2024,https://boxd.it/Hm5i
2024-10-28,Night and Day,2008,https://boxd.it/lGG
2024-10-28,"Up, Down, Fragile",1995,https://boxd.it/4DK
2024-10-28,La Vie de Bohème,1992,https://boxd.it/1pZa
2024-10-29,Jigoku,1960,https://boxd.it/EfY
2024-10-30,Cunk on Britain,2018,https://boxd.it/qFnc
2024-10-30,Meiyazhagan,2024,https://boxd.it/GYue
2024-10-30,Memoir of a Snail,2024,https://boxd.it/EgX8
2024-11-01,Love Hurts,2002,https://boxd.it/Ati
2024-11-01,Breaking Away,1979,https://boxd.it/1DMO
2024-11-01,Made in Hong Kong,1997,https://boxd.it/1uFk
2024-11-01,Faces,1968,https://boxd.it/29Ia
2024-11-01,What Time Is It There?,2001,https://boxd.it/1ybe
2024-11-02,Japón,2002,https://boxd.it/1b4Y
2024-11-02,Conspirators of Pleasure,1996,https://boxd.it/hlE
2024-11-02,The Unbearable Lightness of Being,1988,https://boxd.it/1VKc
2024-11-03,Street of Crocodiles,1986,https://boxd.it/ifW
2024-11-03,Red Rooms,2023,https://boxd.it/ym4c
2024-11-06,Shōgun,2024,https://boxd.it/LciY
2024-11-06,The Remarkable Life of Ibelin,2024,https://boxd.it/Iftk
2024-11-06,Exterior Night,2022,https://boxd.it/SS1E
2024-11-06,ZeroZeroZero,2020,https://boxd.it/pLDe
2024-11-08,Move to Heaven,2021,https://boxd.it/viLU
2024-11-09,Love in the Afternoon,1957,https://boxd.it/1HcK
2024-11-11,Soundtrack to a Coup d'Etat,2024,https://boxd.it/K5gk
2024-11-11,Memorable,2019,https://boxd.it/mtl6
2024-11-16,Leningrad Cowboys Go America,1989,https://boxd.it/1TLs
2024-11-16,Arabian Nights,1974,https://boxd.it/KO6
2024-11-17,Tangerine,2015,https://boxd.it/9QRe
2024-11-20,I Knew Her Well,1965,https://boxd.it/ija
2024-11-20,The Movie Orgy,1968,https://boxd.it/48qy
2024-11-21,Altered States,1980,https://boxd.it/1TBi
2024-11-22,After Before,2017,https://boxd.it/hLoC
2024-11-22,Utopia,1983,https://boxd.it/7qEE
2024-11-23,Nothing But a Man,1964,https://boxd.it/3dDA
2024-11-23,Juliet of the Spirits,1965,https://boxd.it/1FF6
2024-11-26,Confidence,1980,https://boxd.it/GM6
2024-11-29,Drugstore Cowboy,1989,https://boxd.it/2aj6
2024-11-29,The Bitter Tears of Petra von Kant,1972,https://boxd.it/1WzE
2024-11-29,Unknown Pleasures,2002,https://boxd.it/2NeY
2024-11-29,Sleep Has Her House,2017,https://boxd.it/fljC
2024-12-03,Zorns Lemma,1970,https://boxd.it/37JW
2024-12-03,Birth,2004,https://boxd.it/1VvQ
2024-12-04,Dracula,1958,https://boxd.it/1STA
2024-12-06,Why Has Bodhi-Dharma Left for the East?,1989,https://boxd.it/aQg
2024-12-07,Loves of a Blonde,1965,https://boxd.it/13NG
2024-12-07,White Material,2009,https://boxd.it/NIg
2024-12-07,7 Men from Now,1956,https://boxd.it/1tLc
2024-12-08,Permanent Green Light,2018,https://boxd.it/i1mi
2024-12-08,I'm Still Here,2024,https://boxd.it/BPEO
2024-12-08,Where Is the Friend's House?,1987,https://boxd.it/ELg
2024-12-08,How to Make Millions Before Grandma Dies,2024,https://boxd.it/FLa4
2024-12-08,"Life, and Nothing More…",1992,https://boxd.it/2WEc
2024-12-10,The Bed You Sleep In,1993,https://boxd.it/6xVq
2024-12-10,Kishkindha Kaandam,2024,https://boxd.it/CLOM
2024-12-17,The Cloud-Capped Star,1960,https://boxd.it/ix2
2024-12-17,The Golden Thread,1965,https://boxd.it/33HM
2024-12-17,Days and Nights in the Forest,1970,https://boxd.it/1bM2
2024-12-17,Village Rockstars 2,2024,https://boxd.it/PLgw
2024-12-17,That Cloud Never Left,2019,https://boxd.it/l4ME
2024-12-17,Redemption,2013,https://boxd.it/6v8w
2024-12-17,Jaggi,2022,https://boxd.it/AGbm
2024-12-17,Calcutta 71,1972,https://boxd.it/7LnO
2024-12-17,Elippathayam,1982,https://boxd.it/37x2
2024-12-19,The New World,2005,https://boxd.it/1TVW
2024-12-19,Fists in the Pocket,1965,https://boxd.it/MPA
2024-12-21,Hard to Be a God,2013,https://boxd.it/3Ido
2024-12-21,Beduíno,2016,https://boxd.it/epeE
2024-12-21,Red Beard,1965,https://boxd.it/251m
2024-12-21,A Woman Under the Influence,1974,https://boxd.it/1myg
2024-12-21,Andrei Rublev,1966,https://boxd.it/29lg
2024-12-22,That Moment: Magnolia Diary,2000,https://boxd.it/S4U
2024-12-23,There Will Be Blood,2007,https://boxd.it/20Z2
2024-12-24,Saudade,2012,https://boxd.it/7MPu
2024-12-24,Hard Ticket to Hawaii,1987,https://boxd.it/1uEw
2024-12-24,Score,1973,https://boxd.it/2jok
2024-12-24,WR: Mysteries of the Organism,1971,https://boxd.it/WFK
2024-12-24,"Love Affair, or the Case of the Missing Switchboard Operator",1967,https://boxd.it/WfW
2024-12-24,Antoine and Colette,1962,https://boxd.it/2aKQ
2024-12-24,Our Lady of Paris,1982,https://boxd.it/ayXA
2024-12-24,Girl with a Suitcase,1961,https://boxd.it/Fqo
2024-12-24,The Crush,1967,https://boxd.it/4Hug
2024-12-25,Chess of the Wind,1976,https://boxd.it/5QRK
2024-12-26,Warsaw Bridge,1990,https://boxd.it/2Xo0
2024-12-27,A Pigeon Sat on a Branch Reflecting on Existence,2014,https://boxd.it/3Ifa
2024-12-28,Love at Twenty,1962,https://boxd.it/1ZRc
2024-12-28,Through the Olive Trees,1994,https://boxd.it/Lx6
2024-12-29,Céline and Julie Go Boating,1974,https://boxd.it/1sGA
2024-12-31,Together,2000,https://boxd.it/29JW
2024-12-31,The Lady from Shanghai,1947,https://boxd.it/251Q
2024-12-31,Allegro non troppo,1976,https://boxd.it/1Ao0
2025-01-02,Dream Work,2001,https://boxd.it/4ASA
2025-01-02,Import/Export,2007,https://boxd.it/23tS
2025-01-02,The Edge of Heaven,2007,https://boxd.it/27D8
2025-01-02,Paradise: Love,2012,https://boxd.it/3wTW
2025-01-02,Pappa ante Portas,1991,https://boxd.it/23WK
2025-01-02,"Aguirre, the Wrath of God",1972,https://boxd.it/27Fe
2025-01-02,Chinese Roulette,1976,https://boxd.it/1b2I
2025-01-02,One Day in the Life of Andrei Arsenevich,1999,https://boxd.it/4pJs
2025-01-02,"Go, Go Second Time Virgin",1969,https://boxd.it/2dkc
2025-01-03,The Lair of the White Worm,1988,https://boxd.it/1U4u
2025-01-03,I Don't Want to Sleep Alone,2006,https://boxd.it/1St8
2025-01-03,Women in Love,1969,https://boxd.it/286
2025-01-03,Out of the Blue,1980,https://boxd.it/1456
2025-01-03,The Seventh Continent,1989,https://boxd.it/1gB4
2025-01-03,The Draughtsman's Contract,1982,https://boxd.it/1VhO
2025-01-04,About Endlessness,2019,https://boxd.it/bHua
2025-01-05,That Obscure Object of Desire,1977,https://boxd.it/22zg
2025-01-05,The Discreet Charm of the Bourgeoisie,1972,https://boxd.it/2440
2025-01-06,The Velvet Underground,2021,https://boxd.it/jPXA
2025-01-07,Short Cuts,1993,https://boxd.it/29Nk
2025-01-07,Nymphomaniac,2014,https://boxd.it/B4Le
2025-01-07,A Story of Yonosuke,2013,https://boxd.it/61pM
2025-01-07,The Housemaid,1960,https://boxd.it/WJs
2025-01-07,Swallowtail Butterfly,1996,https://boxd.it/20b2
2025-01-07,Labyrinth of Dreams,1997,https://boxd.it/2EuS
2025-01-07,Lone Star,1996,https://boxd.it/1tge
2025-01-07,The Unfaithful Wife,1969,https://boxd.it/20p4
2025-01-07,The Ceremony,1971,https://boxd.it/3hWQ
2025-01-07,Malina,1991,https://boxd.it/7UE
2025-01-07,Bitter Rice,1949,https://boxd.it/1jXs
2025-01-07,The Demon,1963,https://boxd.it/4si0
2025-01-07,NEKO-MIMI,1993,https://boxd.it/k43s
2025-01-07,Ashes and Snow,2005,https://boxd.it/1E36
2025-01-08,Late Autumn,1960,https://boxd.it/1Bf4
2025-01-09,Dead Talents Society,2024,https://boxd.it/C3y6
2025-01-09,Lubber Pandhu,2024,https://boxd.it/FvlK
2025-01-09,Love in the Big City,2024,https://boxd.it/HF8q
2025-01-09,Tatami,2023,https://boxd.it/F0qE
2025-01-09,Loveable,2024,https://boxd.it/EXuo
2025-01-09,The Queen of My Dreams,2023,https://boxd.it/GrjW
2025-01-09,Malu,2024,https://boxd.it/K5d6
2025-01-09,Yana-Wara,2023,https://boxd.it/HJAS
2025-01-09,Butterfly in the Sky,2022,https://boxd.it/xKoS
2025-01-09,Disclaimer,2024,https://boxd.it/PDv4
2025-01-09,Quiet on Set: The Dark Side of Kids TV,2024,https://boxd.it/LWIy
2025-01-09,Biutiful,2010,https://boxd.it/OiI
2025-01-10,The Metamorphosis of Birds,2020,https://boxd.it/oJsw
2025-01-10,The Hart of London,1970,https://boxd.it/3Nwq
2025-01-10,Parsifal,1982,https://boxd.it/5pcg
2025-01-10,In the City of Sylvia,2007,https://boxd.it/1nc6
2025-01-11,La Soufrière: Waiting for an Inevitable Catastrophe,1977,https://boxd.it/IZ2
2025-01-11,Happy People: A Year in the Taiga,2010,https://boxd.it/3adu
2025-01-11,Boro in the Box,2011,https://boxd.it/3KKO
2025-01-11,Dream of Light,1992,https://boxd.it/3isM
2025-01-11,The Sun in a Net,1963,https://boxd.it/JBq
2025-01-11,Moses and Aaron,1975,https://boxd.it/6ed0
2025-01-11,Antigone,1992,https://boxd.it/6ecG
2025-01-11,Notebook on Cities and Clothes,1989,https://boxd.it/2FXm
2025-01-12,Universal Language,2024,https://boxd.it/BlwA
2025-01-12,The Dinosaur and the Baby,1967,https://boxd.it/7xPE
2025-01-12,The Angel,1982,https://boxd.it/3DhU
2025-01-15,March Comes In Like a Lion,1991,https://boxd.it/5DfI
2025-01-15,No More Easy Life,1979,https://boxd.it/4U46
2025-01-16,AGGRO DR1FT,2023,https://boxd.it/HJrw
2025-01-16,Rehearsals for Retirement,2007,https://boxd.it/g46y
2025-01-16,The Secret Garden,1988,https://boxd.it/bEZY
2025-01-16,The Dying Swan,1917,https://boxd.it/3jfO
2025-01-16,Wojaczek,1999,https://boxd.it/3Qai
2025-01-16,The Abominable Dr. Phibes,1971,https://boxd.it/1HMe
2025-01-16,'Til Madness Do Us Part,2013,https://boxd.it/6oFS
2025-01-16,To the Left of the Father,2001,https://boxd.it/gJU
2025-01-16,L'Amour fou,1969,https://boxd.it/8Vy
2025-01-16,Still Life,1974,https://boxd.it/6mO4
2025-01-16,Sink or Swim,1990,https://boxd.it/44PE
2025-01-16,Waitress,2007,https://boxd.it/1Vt6
2025-01-16,"Distant Voices, Still Lives",1988,https://boxd.it/Yv8
2025-01-18,David Lynch: The Art Life,2016,https://boxd.it/eASq
2025-01-18,Two-Lane Blacktop,1971,https://boxd.it/1sfE
2025-01-18,Va Savoir (Who Knows?),2001,https://boxd.it/rYQ
2025-01-19,Jazz on a Summer's Day,1959,https://boxd.it/wzw
2025-01-19,Bubble Bath,1980,https://boxd.it/7lJE
2025-01-20,Record of a Tenement Gentleman,1947,https://boxd.it/2zCM
2025-01-20,Putney Swope,1969,https://boxd.it/1gV4
2025-01-20,Testament of Orpheus,1960,https://boxd.it/19Bm
2025-01-20,i hate myself :),2013,https://boxd.it/6T9y
2025-01-20,"Wax, or The Discovery of Television Among the Bees",1991,https://boxd.it/une
2025-01-20,L'Enfant Secret,1979,https://boxd.it/44U0
2025-01-20,I Can No Longer Hear the Guitar,1991,https://boxd.it/2lE
2025-01-20,The Story of Sin,1975,https://boxd.it/4UZc
2025-01-20,Brief Crossing,2001,https://boxd.it/13gM
2025-01-20,Virgin Stripped Bare by Her Bachelors,2000,https://boxd.it/tFw
2025-01-20,The Passengers,1999,https://boxd.it/5ha2
2025-01-20,Inherent Vice,2014,https://boxd.it/5hla
2025-01-20,Szamanka,1996,https://boxd.it/2Q14
2025-01-20,Trans-Europ-Express,1966,https://boxd.it/3c9Y
2025-01-20,Dracula: Pages from a Virgin's Diary,2002,https://boxd.it/rpm
2025-01-20,Century of Birthing,2011,https://boxd.it/3JwQ
2025-01-20,Selva. A Portrait of Parvaneh Navaï,1982,https://boxd.it/7PAW
2025-01-20,Dillinger Is Dead,1969,https://boxd.it/otU
2025-01-20,20th Century Nostalgia,1997,https://boxd.it/dSZC
2025-01-20,Water Drops on Burning Rocks,2000,https://boxd.it/1RUi
2025-01-20,À propos de Nice,1930,https://boxd.it/JMo
2025-01-20,Earth,1930,https://boxd.it/MP6
2025-01-20,Tokyo Sonata,2008,https://boxd.it/1ZxQ
2025-01-22,The Man Who Stole the Sun,1979,https://boxd.it/igK
2025-01-22,Twilight,1990,https://boxd.it/3Igi
2025-01-22,The Last Laugh,1924,https://boxd.it/22es
2025-01-22,Lourdes,2009,https://boxd.it/108q
2025-01-23,The Incredible Shrinking Man,1957,https://boxd.it/1ixS
2025-01-25,Satyricon,1969,https://boxd.it/1UtY
2025-01-25,The Mystery of Picasso,1956,https://boxd.it/2pZQ
2025-01-25,The Untamed,2016,https://boxd.it/dwAK
2025-01-25,Hyphen,2023,https://boxd.it/HoWI
2025-01-26,Lonely Heart,1985,https://boxd.it/7LgI
2025-01-26,Beijing Watermelon,1989,https://boxd.it/an0C
2025-01-26,Round About Midnight,1999,https://boxd.it/bnNQ
2025-01-26,Sada,1998,https://boxd.it/42aE
2025-01-28,A Difficult Life,1961,https://boxd.it/pkO
2025-01-28,Ashik Kerib,1988,https://boxd.it/3f80
2025-01-28,Heimat,1984,https://boxd.it/mKpY
2025-01-28,Kanal,1957,https://boxd.it/1mky
2025-01-28,Recollections of the Yellow House,1989,https://boxd.it/2wIW
2025-01-28,Tras-os-Montes,1976,https://boxd.it/5Fly
2025-01-28,O Lucky Man!,1973,https://boxd.it/WQe
2025-01-28,Farewell to the Ark,1984,https://boxd.it/3xO4
2025-01-28,Elegy of a Voyage,2001,https://boxd.it/3WdW
2025-01-28,The Vertical Ray of the Sun,2000,https://boxd.it/1d6s
2025-01-28,Twice a Man,1963,https://boxd.it/49ms
2025-01-28,Bang Bang,1971,https://boxd.it/5lb4
2025-01-28,Safe Journey,1993,https://boxd.it/LwW
2025-01-28,Francisca,1981,https://boxd.it/3IYO
2025-01-28,Illuminated Texts,1982,https://boxd.it/fxv6
2025-01-28,Repeated Absences,1972,https://boxd.it/9msI
2025-01-28,Simone Barbès or Virtue,1980,https://boxd.it/7eOi
2025-01-28,Just Don't Think I'll Scream,2019,https://boxd.it/lcNg
2025-01-28,A House on Fire,2024,https://boxd.it/Kffw
2025-01-28,Sorrows,1969,https://boxd.it/5EGA
2025-01-28,The Illiac Passion,1967,https://boxd.it/7Ql4
2025-01-28,Medea,1969,https://boxd.it/1u1Y
2025-01-28,Iphigenia,1977,https://boxd.it/Nyq
2025-01-29,Demon Pond,1979,https://boxd.it/3TF4
2025-01-30,Pirosmani,1969,https://boxd.it/37VS
2025-01-30,The Saragossa Manuscript,1965,https://boxd.it/1ZPA
2025-01-30,"Sorry, Baby",2025,https://boxd.it/JKNi
2025-01-31,Train Dreams,2025,https://boxd.it/LdDo
2025-01-31,Heart of a Dog,1988,https://boxd.it/TRI
2025-01-31,Cargo 200,2007,https://boxd.it/1d7A
2025-01-31,Favorites of the Moon,1984,https://boxd.it/KHk
2025-01-31,Sapovnela,1959,https://boxd.it/6rLk
2025-02-01,Workers for the Good Lord,2000,https://boxd.it/3sxC
2025-02-01,Cactus Pears,2025,https://boxd.it/NaeE
2025-02-04,Poem,1972,https://boxd.it/3yie
2025-02-04,Antichrist,2009,https://boxd.it/1Inu
2025-02-04,Foreign Land,1995,https://boxd.it/lOg
2025-02-04,Tokyo Twilight,1957,https://boxd.it/sq6
2025-02-04,Love Letter,1995,https://boxd.it/LMA
2025-02-04,On the Occasion of Remembering the Turning Gate,2002,https://boxd.it/wYm
2025-02-04,Throw Down,2004,https://boxd.it/1vme
2025-02-04,Pariah,2011,https://boxd.it/2wWk
2025-02-04,Us and Them,2018,https://boxd.it/ip3a
2025-02-04,Heaven Knows What,2014,https://boxd.it/8P1a
2025-02-04,Solanin,2010,https://boxd.it/PbI
2025-02-04,Getting Any?,1994,https://boxd.it/13h6
2025-02-04,The Other Side of the Wind,2018,https://boxd.it/9w5Y
2025-02-04,Heavenly Creatures,1994,https://boxd.it/2974
2025-02-04,Comet,2014,https://boxd.it/8r08
2025-02-04,The Brick and the Mirror,1966,https://boxd.it/4IEG
2025-02-04,Dogs Don't Wear Pants,2019,https://boxd.it/j42i
2025-02-04,Minnie and Moskowitz,1971,https://boxd.it/1xPi
2025-02-04,All the Colours of the Dark,1972,https://boxd.it/1kkQ
2025-02-04,Yumeno Kyusaku's Girl Hell,1977,https://boxd.it/7wGQ
2025-02-04,Wife to Be Sacrificed,1974,https://boxd.it/3i3i
2025-02-04,Dementia,1955,https://boxd.it/2L6o
2025-02-04,Satan's Rhapsody,1917,https://boxd.it/4nd0
2025-02-04,Bad Girls Go to Hell,1965,https://boxd.it/Wa8
2025-02-04,Twentynine Palms,2003,https://boxd.it/1tug
2025-02-04,The Margin,1976,https://boxd.it/2mW
2025-02-04,New Rose Hotel,1998,https://boxd.it/1BVY
2025-02-04,Secret Ceremony,1968,https://boxd.it/2r5U
2025-02-04,Blonde Venus,1932,https://boxd.it/1dPs
2025-02-04,The Honeymoon Killers,1970,https://boxd.it/1WKi
2025-02-04,Female Prisoner Scorpion: Beast Stable,1973,https://boxd.it/1cvc
2025-02-04,The Embryo Hunts in Secret,1966,https://boxd.it/1jmG
2025-02-04,Wet Woman in the Wind,2016,https://boxd.it/en0A
2025-02-04,Star of David: Beauty Hunting,1979,https://boxd.it/133e
2025-02-04,Love for Sale,2006,https://boxd.it/3jjw
2025-02-04,To Live and Die in L.A.,1985,https://boxd.it/1XFo
2025-02-04,Beginners,2010,https://boxd.it/s2S
2025-02-04,The Beauty of Vice,1986,https://boxd.it/2474
2025-02-06,My Nights Are More Beautiful Than Your Days,1989,https://boxd.it/2we8
2025-02-06,Go Go Tales,2007,https://boxd.it/DVO
2025-02-06,Museo,2018,https://boxd.it/h9Da
2025-02-06,The Rapture,1991,https://boxd.it/28Om
2025-02-06,Choose Me,1984,https://boxd.it/XMs
2025-02-06,Occult,2009,https://boxd.it/3VFU
2025-02-07,The Rocking Horsemen,1992,https://boxd.it/4evO
2025-02-07,Malice@Doll,2001,https://boxd.it/On0W
2025-02-08,"Institute Benjamenta, or This Dream People Call Human Life",1995,https://boxd.it/11fW
2025-02-08,April,1961,https://boxd.it/2VoW
2025-02-08,Chain,2004,https://boxd.it/6fm8
2025-02-08,301/302,1995,https://boxd.it/uFi
2025-02-13,Mirrored Mind,2005,https://boxd.it/2MxK
2025-02-20,Images of the World and the Inscription of War,1988,https://boxd.it/3Q4u
2025-02-20,Rivers and Tides,2001,https://boxd.it/1lSO
2025-02-20,B-Movie: Lust & Sound in West-Berlin 1979-1989,2015,https://boxd.it/ai0W
2025-02-20,Song of the Exile,1990,https://boxd.it/YrA
2025-02-20,Forever a Woman,1955,https://boxd.it/7zvG
2025-02-28,Xiu Xiu: The Sent-Down Girl,1998,https://boxd.it/1fX4
2025-03-04,Asura,2025,https://boxd.it/Svfy
2025-03-04,La Cocina,2024,https://boxd.it/Aula
2025-03-07,Satah Se Uthata Aadmi,1980,https://boxd.it/7xXy
2025-03-07,Idiot,1991,https://boxd.it/x3d8
2025-03-07,Rhythm of a Flower,2024,https://boxd.it/MSU8
2025-03-07,Umrao Jaan,1981,https://boxd.it/2rk6
2025-03-07,"English, August",1994,https://boxd.it/ahdK
2025-03-15,Ne Zha 2,2025,https://boxd.it/B2qe
2025-03-15,Southern Chronicles,2024,https://boxd.it/LGXW
2025-03-19,The Death of Empedocles,1987,https://boxd.it/7xci
2025-03-21,Adolescence,2025,https://boxd.it/TFGw
2025-03-25,His Girl Friday,1940,https://boxd.it/25M8
2025-03-25,Performance,1970,https://boxd.it/1txE
2025-03-25,Always for Pleasure,1978,https://boxd.it/32bK
2025-03-29,Diary of a Shinjuku Thief,1969,https://boxd.it/3ywg
2025-03-29,Ride Lonesome,1959,https://boxd.it/1rjK
2025-03-29,The Lynx,1982,https://boxd.it/bb9E
2025-03-29,Caught by the Tides,2024,https://boxd.it/GZ4Q
2025-03-29,We Won't Grow Old Together,1972,https://boxd.it/9ma
2025-03-29,A Spring for the Thirsty,1965,https://boxd.it/4Jea
2025-03-29,Water and Power,1989,https://boxd.it/3UfG
2025-03-29,Train of Shadows,1997,https://boxd.it/1gmS
2025-04-01,August and After,2012,https://boxd.it/4LuY
2025-04-02,National Theatre Live: The Importance of Being Earnest,2025,https://boxd.it/Q4X0
2025-04-02,When Life Gives You Tangerines,2025,https://boxd.it/TRlA
2025-04-03,Superboys of Malegaon,2024,https://boxd.it/KyOU
2025-04-04,Supermen of Malegaon,2008,https://boxd.it/3PZa
2025-04-06,Jeff Buckley: Live in Chicago,2000,https://boxd.it/Zaq
2025-04-06,Homo Sapiens,2016,https://boxd.it/dj0E
2025-04-06,Decasia: The State of Decay,2002,https://boxd.it/1vsG
2025-04-08,Variations,1998,https://boxd.it/eICU
2025-04-11,Nouvelle Vague,2025,https://boxd.it/LLLQ
2025-04-18,Mademoiselle,1966,https://boxd.it/1axq
2025-04-21,The Portuguese Woman,2018,https://boxd.it/ilbu
2025-04-21,Ulysses' Gaze,1995,https://boxd.it/1ApC
2025-04-21,Cria!,1976,https://boxd.it/AoC
2025-04-21,I.K.U.,2000,https://boxd.it/173s
2025-04-22,"All About ""All About Lily Chou-Chou""",2002,https://boxd.it/rXZq
2025-04-26,I Am Curious (Yellow),1967,https://boxd.it/Wg6
2025-04-26,A Taste of Honey,1961,https://boxd.it/1wtA
2025-04-26,House of Hummingbird,2018,https://boxd.it/jZ8C
2025-04-27,Chekist,1992,https://boxd.it/3XuY
2025-04-27,Genesis,2018,https://boxd.it/jyeo
2025-04-27,A Summer in La Goulette,1996,https://boxd.it/41eq
2025-04-27,Wild,2014,https://boxd.it/6KQo
2025-04-27,The Telephone Book,1971,https://boxd.it/40sm
2025-05-03,The Blue Sky Maiden,1957,https://boxd.it/5IoK
2025-05-03,Splendor,1999,https://boxd.it/1cLE
2025-05-10,Die My Love,2025,https://boxd.it/D5cI
2025-05-14,Magellan,2025,https://boxd.it/APTM
2025-05-15,Miroirs No. 3,2025,https://boxd.it/IH3Y
2025-05-16,The Plague,2025,https://boxd.it/QMbO
2025-05-18,Broadcast News,1987,https://boxd.it/1RxS
2025-05-18,Jerichow,2008,https://boxd.it/1Sos
2025-05-18,Urchin,2025,https://boxd.it/MY30
2025-05-18,A Drama of Jealousy (and other things),1970,https://boxd.it/phg
2025-05-25,Lamentations: A Monument for the Dead World,1985,https://boxd.it/bAOM
2025-05-25,Gigantic,1999,https://boxd.it/28mC
2025-05-30,Working Girls,1986,https://boxd.it/3kYA
2025-05-30,Positano,1969,https://boxd.it/sSEO
2025-05-30,A Ladder,2025,https://boxd.it/TRLI
2025-05-30,The Last of England,1987,https://boxd.it/Y4c
2025-05-30,Studies for the Decay of the West,2010,https://boxd.it/56cc
2025-05-30,Dream Journal 2016–2019,2019,https://boxd.it/pD2a
2025-05-30,Tabula Rasa,1989,https://boxd.it/d0f6
2025-05-30,The Brown Bunny,2003,https://boxd.it/1RnI
2025-05-30,All These Sleepless Nights,2016,https://boxd.it/d55U
2025-05-30,Cremaster 3,2002,https://boxd.it/1yyW
2025-06-01,Hypnosis Display,2014,https://boxd.it/b5jo
2025-06-01,REVOLUTION+1,2022,https://boxd.it/COx0
2025-06-01,Favoriten,2024,https://boxd.it/zu9c
2025-06-01,The Rose King,1986,https://boxd.it/LGC
2025-06-12,Dyn Amo,1972,https://boxd.it/53Rc
2025-06-14,"Good Men, Good Women",1995,https://boxd.it/3pTU
2025-06-14,The Candy Snatchers,1973,https://boxd.it/12Zm
2025-06-14,"O-Bi, O-Ba: The End of Civilization",1985,https://boxd.it/2pHW
2025-06-14,The Palace of Angels,1970,https://boxd.it/5T7U
2025-06-14,Man's Gentle Love,2002,https://boxd.it/4l9A
2025-06-14,"The Eyes, the Mouth",1982,https://boxd.it/5Eyw
2025-06-15,Cocoon,1995,https://boxd.it/FYU
2025-06-15,"I, Claudius",1976,https://boxd.it/6bFU
2025-06-15,Mussolini: Son of the Century,2024,https://boxd.it/SM6S
2025-06-16,Rushing Green with Horses,2019,https://boxd.it/lgai
2025-06-20,Madeinusa,2006,https://boxd.it/Mf8
2025-06-22,Shake! Otis at Monterey,1987,https://boxd.it/d4k
2025-06-22,Cat Skin,1962,https://boxd.it/7Cva
2025-06-22,The Vampires of Poverty,1977,https://boxd.it/4drc
2025-06-22,Vengeance Is Mine,1984,https://boxd.it/gvAU
2025-06-22,Our Century,1983,https://boxd.it/61ps
2025-06-26,Fifi Howls from Happiness,2013,https://boxd.it/5eFw
2025-06-26,Style Wars,1983,https://boxd.it/1n9w
2025-06-26,China's Van Goghs,2016,https://boxd.it/f6Ca
2025-06-26,Antonio Gaudí,1984,https://boxd.it/18J0
2025-06-26,Helvetica,2007,https://boxd.it/1Qn8
2025-06-26,Bond 26,,https://boxd.it/IWkK
2025-06-27,The Long Gray Line,1955,https://boxd.it/cwC
2025-06-27,What Are the Clouds?,1968,https://boxd.it/iz5g
2025-06-27,Witch's Cradle,1944,https://boxd.it/KLm
2025-06-27,La chambre,1972,https://boxd.it/3Gps
2025-06-27,Phantom,1975,https://boxd.it/9mmq
2025-06-27,Measures of Distance,1988,https://boxd.it/azjw
2025-06-27,Carmen,1983,https://boxd.it/XJe
2025-06-27,Björk: Vespertine Live at the Royal Opera House,2001,https://boxd.it/HLI
2025-06-28,Lost in Starlight,2025,https://boxd.it/I6Yo
2025-06-29,Ghosts of Hiroshima,,https://boxd.it/QixK
2025-06-29,Thirst for Love,1966,https://boxd.it/3jzu
2025-06-29,And Your Bird Can Sing,2018,https://boxd.it/lavk
2025-07-01,A Dream Longer Than the Night,1976,https://boxd.it/laGW
2025-07-02,Pillion,2025,https://boxd.it/N6Pw
2025-07-02,The God Crippled With One Leg,1994,https://boxd.it/jyXy
2025-07-02,Ballet Mécanique,1924,https://boxd.it/3CAG
2025-07-02,Entr'acte,1924,https://boxd.it/RRG
2025-07-02,Swimmer,2012,https://boxd.it/53Z6
2025-07-02,Still Processing,2020,https://boxd.it/oSfQ
2025-07-02,You Killed Me First,1985,https://boxd.it/52d6
2025-07-02,The Starfish,1928,https://boxd.it/3gkQ
2025-07-02,Dizziness,2001,https://boxd.it/8I7U
2025-07-03,The Moment,2026,https://boxd.it/SCkg
2025-07-04,Cold Tropics,2009,https://boxd.it/5wXS
2025-07-05,Turumba,1981,https://boxd.it/4JUA
2025-07-05,The Other Side of the Underneath,1972,https://boxd.it/vFI
2025-07-05,Too Early / Too Late,1981,https://boxd.it/3m3m
2025-07-05,Ville Marie,2009,https://boxd.it/gZyu
2025-07-05,The Room,2003,https://boxd.it/1ICY
2025-07-05,Hapax Legomena I: (nostalgia),1971,https://boxd.it/4i48
2025-07-05,Film,1965,https://boxd.it/Pag
2025-07-05,Threnody,2004,https://boxd.it/ck8C
2025-07-05,Faust Sonnengesang,2011,https://boxd.it/hIai
2025-07-06,James White,2015,https://boxd.it/a3I0
2025-07-06,Defending Your Life,1991,https://boxd.it/1SkK
2025-07-07,Untitled Kyoto Project,,https://boxd.it/UCEa
2025-07-07,The Art of Joy,2024,https://boxd.it/SIzm
2025-07-09,In the Stone House,2012,https://boxd.it/h00e
2025-07-09,Mourning Rock,2000,https://boxd.it/K5g
2025-07-09,Marseille,2004,https://boxd.it/4Qau
2025-07-09,Bright Star,2009,https://boxd.it/1mfI
2025-07-10,Odd Man Out,1947,https://boxd.it/Uq4
2025-07-12,Elephant,1989,https://boxd.it/19aU
2025-07-12,The Temptation of St. Tony,2009,https://boxd.it/Mps
2025-07-12,The Second Circle,1990,https://boxd.it/4CB2
2025-07-12,Goodbye to Language,2014,https://boxd.it/3PMA
2025-07-13,The Peasant,,https://boxd.it/UBnW
2025-07-13,Shifty,2025,https://boxd.it/VJcE
2025-07-13,A Grin Without a Cat,1977,https://boxd.it/x8c
2025-07-13,It Felt Like a Kiss,2009,https://boxd.it/1dbM
2025-07-13,Desert Rose,1989,https://boxd.it/77Eq
2025-07-15,Hill of Freedom,2014,https://boxd.it/8MSU
2025-07-15,*Corpus Callosum,2002,https://boxd.it/44gO
2025-07-17,Uptown Girls,2003,https://boxd.it/1N64
2025-07-19,Reflections of Evil,2002,https://boxd.it/egm
2025-07-22,Fantozzi: White Collar Blues,1975,https://boxd.it/1vtE
2025-07-22,I Want Your Sex,2026,https://boxd.it/N8by
2025-07-22,The Gallerist,2026,https://boxd.it/R6Xe
2025-07-22,Untitled German Rave Scene Movie,,https://boxd.it/Tx4O
2025-07-24,The Drama,2026,https://boxd.it/OA2w
2025-07-24,Fiume o Morte!,2025,https://boxd.it/RZBC
2025-07-24,Fucktoys,2025,https://boxd.it/SBU8
2025-07-25,Doomed Love,1978,https://boxd.it/rupI
2025-07-26,Singapore Sling,1990,https://boxd.it/28BC
2025-07-26,The Belly of an Architect,1987,https://boxd.it/1IWO
2025-07-27,964 Pinocchio,1991,https://boxd.it/EhA
2025-07-27,The Second Night,2016,https://boxd.it/eQ34
2025-08-01,Music,2023,https://boxd.it/oPg2
2025-08-02,The Strange Case of Angelica,2010,https://boxd.it/wCU
2025-08-02,The Sorrow and the Pity,1969,https://boxd.it/NFgQ
2025-08-02,Shallow Grave,1994,https://boxd.it/1XyW
2025-08-02,The Last Supper,1976,https://boxd.it/LvE
2025-08-02,The Sound of the Shaking Earth,1990,https://boxd.it/fB4y
2025-08-02,Kitchen Sink,1989,https://boxd.it/3jtm
2025-08-02,Eaux d'Artifice,1953,https://boxd.it/3FA
2025-08-02,A Bride for Rip Van Winkle,2016,https://boxd.it/dj9c
2025-08-02,The Last Dive,1992,https://boxd.it/2Vbo
2025-08-02,Crime Wave,1985,https://boxd.it/1s7A
2025-08-02,"Solitary Acts (4, 5, 6)",2016,https://boxd.it/ddwk
2025-08-02,...No Lies,1973,https://boxd.it/eIo4
2025-08-02,Suburbs of Eden,1992,https://boxd.it/f1Gm
2025-08-02,Love,1962,https://boxd.it/7Snc
2025-08-02,Dream English Kid 1964-1999 AD,2015,https://boxd.it/cRty
2025-08-04,79 Springs,1969,https://boxd.it/4EgA
2025-08-04,The Interview,1966,https://boxd.it/gANO
2025-08-04,Diary of an African Nun,1977,https://boxd.it/bg40
2025-08-04,The Wagoner,1963,https://boxd.it/2uNg
2025-08-04,The Watermelon Woman,1996,https://boxd.it/RRc
2025-08-04,Belle de Nature,2009,https://boxd.it/hArU
2025-08-04,The Priest and the Girl,1966,https://boxd.it/3WXK
2025-08-05,Sister Wives,2024,https://boxd.it/KaIo
2025-08-05,Kappa,1986,https://boxd.it/cGKy
2025-08-05,Vault,1984,https://boxd.it/cGKe
2025-08-05,Blow Job,1964,https://boxd.it/RNu
2025-08-05,Trypps #7 (Badlands),2010,https://boxd.it/5Efu
2025-08-05,Watermelon Juice,2019,https://boxd.it/lnJu
2025-08-05,The Leaden Echo and the Golden Echo,1955,https://boxd.it/cMNI
2025-08-05,Lothringen!,1994,https://boxd.it/4dRu
2025-08-05,Winchester '73,1950,https://boxd.it/1NRO
2025-08-05,"Lacombe, Lucien",1974,https://boxd.it/rZu
2025-08-05,Straw Dogs,1971,https://boxd.it/2982
2025-08-05,The Grifters,1990,https://boxd.it/1HwA
2025-08-05,Targets,1968,https://boxd.it/1Fbq
2025-08-05,Young Mr. Lincoln,1939,https://boxd.it/Tsy
2025-08-05,My Darling Clementine,1946,https://boxd.it/25LE
2025-08-06,Weapons,2025,https://boxd.it/EMTM
2025-08-08,Messiah of Evil,1974,https://boxd.it/1wLY
2025-08-08,Let's Scare Jessica to Death,1971,https://boxd.it/1KI0
2025-08-09,Mister Lonely,2007,https://boxd.it/1KKg
2025-08-09,Dr. Jekyll and Mr. Hyde,1931,https://boxd.it/25VO
2025-08-12,100 Yen Love,2014,https://boxd.it/a8tk
2025-08-12,Takopi's Original Sin,2025,https://boxd.it/Wduo
2025-08-12,Puella Magi Madoka Magica,2011,https://boxd.it/px3c
2025-08-14,Christ Stopped at Eboli,1979,https://boxd.it/Xz4
2025-08-14,Crimes of Passion,1984,https://boxd.it/10Sy
2025-08-14,Green Porno,2008,https://boxd.it/UBrO
2025-08-14,37 Seconds,2019,https://boxd.it/kWb6
2025-08-15,The Strange Little Cat,2013,https://boxd.it/56Vw
2025-08-15,Yesterday Girl,1966,https://boxd.it/3a5g
2025-08-15,The Parallel Street,1962,https://boxd.it/5PSC
2025-08-15,Hanging Upside Down in the Branches,2009,https://boxd.it/hyeE
2025-08-16,Cunk on Earth,2022,https://boxd.it/J2mM
2025-08-16,Cunk on Life,2024,https://boxd.it/LKUi
2025-08-16,Talking Hands of Travancore,1981,https://boxd.it/BOn8
2025-08-17,The Forest for the Trees,2003,https://boxd.it/21GU
2025-08-21,Some Came Running,1958,https://boxd.it/15lO
2025-08-21,The Flowers of St. Francis,1950,https://boxd.it/oTS
2025-08-21,Cutie Honey,2004,https://boxd.it/1CHe
2025-08-21,Fosse/Verdon,2019,https://boxd.it/mfSg
2025-08-23,Sarah Winchester: Ghost Opera,2016,https://boxd.it/eyiq
2025-08-24,Flex,2000,https://boxd.it/d5Jg
2025-08-24,The Time to Live and the Time to Die,1985,https://boxd.it/Oc6
2025-08-24,Manitou's Shoe,2001,https://boxd.it/20hE
2025-08-24,(T)Raumschiff Surprise - Periode 1,2004,https://boxd.it/1XLw
2025-08-24,Suck Me Shakespeer,2013,https://boxd.it/6R7A
2025-08-24,Isi & Ossi,2020,https://boxd.it/ovVO
2025-08-24,Scary Movie,2026,https://boxd.it/MxEo
2025-08-24,The Other Woman,2014,https://boxd.it/5Q3U
2025-08-25,The Billion Dollar Code,2021,https://boxd.it/xhPK
2025-08-26,Hyenas,1992,https://boxd.it/45gg
2025-08-30,Enter the Void,2009,https://boxd.it/1dy2
2025-09-02,Our Time,2018,https://boxd.it/dAje
2025-09-02,Silent Light,2007,https://boxd.it/27Ds
2025-09-03,Hairpin Circus,1972,https://boxd.it/6m4U
2025-09-05,Southland Tales,2006,https://boxd.it/23Uu
2025-09-05,Digger,2026,https://boxd.it/LwDC
2025-09-05,The Adventures of Cliff Booth,2026,https://boxd.it/TZdY
2025-09-05,Heat 2,,https://boxd.it/DErS
2025-09-05,Ally,,https://boxd.it/vfq0
2025-09-05,Tracy Flick Can't Win,,https://boxd.it/E4jq
2025-09-05,The Mourning Children: Nagiko and the Girls Wearing Tsurubami Black,,https://boxd.it/zXs8
2025-09-05,The Batman: Part II,2028,https://boxd.it/umDy
2025-09-07,A Visit to the Louvre,2004,https://boxd.it/4bLO
2025-09-09,A Poet,2025,https://boxd.it/UkD4
2025-09-11,What's Up with Cinta?,2002,https://boxd.it/14yM
2025-09-17,Ana,1982,https://boxd.it/7JMs
2025-09-20,Naples to New York,2024,https://boxd.it/G5Mi
2025-09-21,The Girls Are Alright,2023,https://boxd.it/BTbQ
2025-09-21,Cheaper by the Dozen,2003,https://boxd.it/1USa
2025-09-21,Turkish for Beginners,2012,https://boxd.it/3i8i
2025-09-21,Bridesmaids,2011,https://boxd.it/rac
2025-09-22,Little Amélie or the Character of Rain,2025,https://boxd.it/prg0
2025-09-22,Dave Chappelle: Killin' Them Softly,2000,https://boxd.it/1KrS
2025-09-22,Dave Chappelle: Equanimity,2017,https://boxd.it/hzJy
2025-09-25,Left-Handed Girl,2025,https://boxd.it/BLDW
2025-09-28,Charisma,1999,https://boxd.it/2ogU
2025-09-28,Retribution,2006,https://boxd.it/NO4
2025-09-29,Magic Word,,https://boxd.it/RqB8
2025-09-29,Werwulf,2026,https://boxd.it/SC72
2025-10-03,The Julia Set,2026,https://boxd.it/QYUc
2025-10-04,Come See Me in the Good Light,2025,https://boxd.it/RSFC
2025-10-04,Nightshift,1981,https://boxd.it/aBUO
2025-10-05,Lokah Chapter 1: Chandra,2025,https://boxd.it/NelO
2025-10-05,French for Beginners,2006,https://boxd.it/1X2c
2025-10-05,The Crocodiles,2009,https://boxd.it/1Ssa
2025-10-05,Monsters: The Lyle and Erik Menendez Story,2024,https://boxd.it/QlGq
2025-10-08,Skinamarink,2022,https://boxd.it/ByDO
2025-10-09,In My Skin,2002,https://boxd.it/283A
2025-10-12,Friends of Friends,2002,https://boxd.it/2EPw
2025-10-12,Don't Torture a Duckling,1972,https://boxd.it/Gfc
2025-10-13,White Nights,1960,https://boxd.it/jiaK
2025-10-13,White Nights,2003,https://boxd.it/eqGE
2025-10-13,Empire Records,1995,https://boxd.it/1PY8
2025-10-17,I Do Not Care If We Go Down in History as Barbarians,2018,https://boxd.it/i4Ui
2025-10-17,Rat Fever,2012,https://boxd.it/4kek
2025-10-17,The Lovers,1994,https://boxd.it/2sjI
2025-10-17,Extremes of Pleasure,1984,https://boxd.it/dl4o
2025-10-18,Blue Heron,2025,https://boxd.it/IWJq
2025-10-18,I Only Rest in the Storm,2025,https://boxd.it/FJZa
2025-10-18,Kokuho,2025,https://boxd.it/R6yo
2025-10-18,What Does That Nature Say to You,2025,https://boxd.it/Swmq
2025-10-18,Nino,2025,https://boxd.it/O7uw
2025-10-18,Cairo Station,1958,https://boxd.it/L02
2025-10-18,All That Heaven Allows,1955,https://boxd.it/UNi
2025-10-18,Breaking the Waves,1996,https://boxd.it/2b1W
2025-10-18,Mildred Pierce,1945,https://boxd.it/25uS
2025-10-18,The Long Day Closes,1992,https://boxd.it/EMy
2025-10-22,The Last One for the Road,2025,https://boxd.it/UbvU
2025-10-22,La Grazia,2025,https://boxd.it/RLHm
2025-10-25,"Watermelon, Fish and Half Ghost",2014,https://boxd.it/mReS
2025-10-25,"Wittgenstein Plays Chess with Marcel Duchamp, or How Not to Do Philosophy",2020,https://boxd.it/rc3Y
2025-10-25,The Broken Table,2023,https://boxd.it/FbPq
2025-10-25,Rogan Josh,2018,https://boxd.it/lk5Q
2025-10-26,The Asthenic Syndrome,1989,https://boxd.it/3m2o
2025-10-26,Willow Springs,1973,https://boxd.it/4pt0
2025-10-26,Gemini,1999,https://boxd.it/1sak
2025-11-02,Halloween II,2009,https://boxd.it/1yda
2025-11-04,Task,2025,https://boxd.it/Xwl8
2025-11-04,Ozzy: No Escape from Now,2025,https://boxd.it/W5GQ
2025-11-07,Four Weddings and a Funeral,1994,https://boxd.it/29KA
2025-11-07,The Gift,2003,https://boxd.it/HQI
2025-11-10,Silent Friend,2025,https://boxd.it/IiEg
2025-11-10,Sundays,2025,https://boxd.it/TqIW
2025-11-12,Vāranāsi,2027,https://boxd.it/yGmK
2025-11-15,Blue Moon,2025,https://boxd.it/Nzwy
2025-11-15,"Mektoub, My Love: Canto Due",2025,https://boxd.it/oBTY
2025-11-15,Gustaakh Ishq,2025,https://boxd.it/L3Fu
2025-11-16,Peter Hujar's Day,2025,https://boxd.it/HSdo
2025-11-16,Late Shift,2025,https://boxd.it/QgzO
2025-11-16,If I Had Legs I'd Kick You,2025,https://boxd.it/HUtS
2025-11-16,Romería,2025,https://boxd.it/IR3k
2025-11-16,Hearts on Fire,2025,https://boxd.it/NJy0
2025-11-17,See the Sea,1997,https://boxd.it/MqK
2025-11-17,Sound of the Mountain,1954,https://boxd.it/N3s
2025-11-17,Atlantiques,2009,https://boxd.it/4wOO
2025-11-17,A Sad and Beautiful World,2025,https://boxd.it/R0hQ
2025-11-18,We All Loved Each Other So Much,1974,https://boxd.it/XjK
2025-11-18,Like Minds,2006,https://boxd.it/1LFG
2025-11-18,I Believe in Unicorns,2014,https://boxd.it/7qGA
2025-11-18,Tales of an Immoral Couple,2016,https://boxd.it/duNW
2025-11-18,My Suicide,2009,https://boxd.it/2QBw
2025-11-18,Parachute,2023,https://boxd.it/A0cW
2025-11-19,Before the Fall,2004,https://boxd.it/1YNo
2025-11-19,Christmas Holidays,1983,https://boxd.it/WTM
2025-11-20,Bluebeard's Castle,1963,https://boxd.it/4M0q
2025-11-20,The Dead,1987,https://boxd.it/13vC
2025-11-21,Bay of Angels,1963,https://boxd.it/fde
2025-11-23,Nishaanchi 2,2025,https://boxd.it/YUM0
2025-11-23,Little Tailor,2010,https://boxd.it/4OMQ
2025-11-23,Trouble Every Day,2001,https://boxd.it/115M
2025-11-23,Bassae,1964,https://boxd.it/6doQ
2025-11-23,Brutality in Stone,1961,https://boxd.it/3V4O
2025-11-23,Truth and Illusion: An Introduction to Metaphysics,1964,https://boxd.it/7VGG
2025-11-23,We Spin Around the Night Consumed by the Fire,1978,https://boxd.it/db6
2025-11-23,Good Girls,2016,https://boxd.it/gG4U
2025-11-23,Maternal Filigree,1980,https://boxd.it/gWkk
2025-11-23,Italian for Beginners,2000,https://boxd.it/2b76
2025-11-25,Dust of Angels,1992,https://boxd.it/6a3U
2025-11-26,Rebels of the Neon God,1992,https://boxd.it/mp2
2025-11-26,Living Still Life,2012,https://boxd.it/avqo
2025-11-29,Renaissance,1963,https://boxd.it/4GPW
2025-11-29,Rosalie,1966,https://boxd.it/4DCK
2025-11-29,Zabriskie Point,1970,https://boxd.it/25Yy
2025-11-29,The Living Dead Girl,1982,https://boxd.it/2F6M
2025-11-29,Venus in Furs,1969,https://boxd.it/2liy
2025-11-30,Welcome to the South,2010,https://boxd.it/IvQ
2025-12-01,Somebody to Love,2025,https://boxd.it/O4LY
2025-12-01,Bread and Tulips,2000,https://boxd.it/2a96
2025-12-01,Three Steps Over Heaven,2004,https://boxd.it/nXa
2025-12-02,Tiny Furniture,2010,https://boxd.it/Kjs
2025-12-02,To Die For,1995,https://boxd.it/2a5o
2025-12-03,Spring,2014,https://boxd.it/76Sm
2025-12-06,Under the Skin,2013,https://boxd.it/3mDa
2025-12-06,Smooth Talk,1985,https://boxd.it/1eTg
2025-12-06,Cruising,1980,https://boxd.it/1qzW
2025-12-07,Edvard Munch,1974,https://boxd.it/E3y
2025-12-07,On Your Mark,1995,https://boxd.it/1Vgm
2025-12-07,Mei and the Kittenbus,2002,https://boxd.it/4Xuw
2025-12-07,Mr. Dough and the Egg Princess,2010,https://boxd.it/6otM
2025-12-07,The Day I Bought a Star,2006,https://boxd.it/6Bky
2025-12-07,Super Happy Forever,2024,https://boxd.it/NpKg
2025-12-07,Cloud,2024,https://boxd.it/LhR0
2025-12-09,The Annunciation of Marie,1991,https://boxd.it/c1xy
2025-12-09,Everlasting Moments,2008,https://boxd.it/1JfQ
2025-12-10,Interview with the Vampire,1994,https://boxd.it/29XO
2025-12-13,Master of the House,1925,https://boxd.it/rto
2025-12-16,Bring Her Back,2025,https://boxd.it/Hxlc
2025-12-16,Camille Claudel,1988,https://boxd.it/1Tbk
2025-12-16,The House of Mirth,2000,https://boxd.it/1vEC
2025-12-16,Flux Gourmet,2022,https://boxd.it/w23a
2025-12-16,Blissfully Yours,2002,https://boxd.it/LFu
2025-12-16,The Scent of Green Papaya,1993,https://boxd.it/1EWq
2025-12-16,71 Fragments of a Chronology of Chance,1994,https://boxd.it/1gAU
2025-12-16,The Wild Boys,2017,https://boxd.it/h1kY
2025-12-16,Bad Timing,1980,https://boxd.it/1fUE
2025-12-16,A Sisyphean Task,2025,https://boxd.it/XIoI
2025-12-16,The Driver,1978,https://boxd.it/27jW
2025-12-16,Invisible Adversaries,1977,https://boxd.it/42AC
2025-12-16,"Baxter, Vera Baxter",1977,https://boxd.it/2UO
2025-12-16,Corps aboli,1978,https://boxd.it/jJG4
2025-12-17,Jennifer's Body,2009,https://boxd.it/1Efw
2025-12-17,Love & Basketball,2000,https://boxd.it/1Nu6
2025-12-17,Ravenous,1999,https://boxd.it/1WOa
2025-12-17,A Sense of History,1992,https://boxd.it/erY
2025-12-17,Syntagma,1983,https://boxd.it/5PIM
2025-12-17,Earth Light,1970,https://boxd.it/2Yqc
2025-12-17,The Last Mistress,2007,https://boxd.it/27EU
2025-12-17,Incoherence,1994,https://boxd.it/2fSK
2025-12-17,Patriotism,1966,https://boxd.it/2pZ2
2025-12-17,With a Little Patience,2007,https://boxd.it/ceMm
2025-12-17,The Bread and Alley,1970,https://boxd.it/4cjm
2025-12-17,Pioneer,2011,https://boxd.it/2Ruc
2025-12-17,Sugar Glass Bottle,2022,https://boxd.it/wazy
2025-12-17,"Stay Awake, Be Ready",2019,https://boxd.it/m0DU
2025-12-17,Nettles,2018,https://boxd.it/lgSu
2025-12-17,The Scooby-Doo Project,1999,https://boxd.it/eYtO
2025-12-17,Janine,1990,https://boxd.it/cIMc
2025-12-17,Diary of a Pregnant Woman,1958,https://boxd.it/3jtG
2025-12-17,School for Postmen,1946,https://boxd.it/2uAG
2025-12-17,Into the Blue,2017,https://boxd.it/fEso
2025-12-17,Sophia de Mello Breyner Andresen,1969,https://boxd.it/608g
2025-12-17,The Discipline of D.E.,1982,https://boxd.it/4Fze
2025-12-17,Innocence,2004,https://boxd.it/1f8A
2025-12-19,Gerorist,1986,https://boxd.it/4LAW
2025-12-19,She Don't Fade,1992,https://boxd.it/cPCS
2025-12-19,A Garden Without Birds,1992,https://boxd.it/3yYY
2025-12-19,Plainclothes,2025,https://boxd.it/LP4Q
2025-12-19,That Most Important Thing: Love,1975,https://boxd.it/25mk
2025-12-20,The Spirit of the Beehive,1973,https://boxd.it/24eY
2025-12-20,Benilde or the Virgin Mother,1975,https://boxd.it/568Y
2025-12-20,"Goodbye, Dragon Inn",2003,https://boxd.it/oFG
2025-12-20,Torment,1994,https://boxd.it/1HMS
2025-12-20,King of New York,1990,https://boxd.it/1Ynq
2025-12-22,Possible Love,2026,https://boxd.it/V4WQ
2025-12-23,The Soul Keeper,2003,https://boxd.it/KyC
2025-12-23,"That Day, on the Beach",1983,https://boxd.it/3Blg
2025-12-23,Like Grains of Sand,1995,https://boxd.it/1sVU
2025-12-23,The Consequences of Love,2004,https://boxd.it/1xgM
2025-12-23,Murder Mindfully,2024,https://boxd.it/RV7S
2025-12-23,The Age of the Medici,1972,https://boxd.it/3U4S
2025-12-24,The Spy Who Came In from the Cold,1965,https://boxd.it/1PQS
2025-12-24,The Scarlet Empress,1934,https://boxd.it/1iTO
2025-12-24,Blue Christmas,2017,https://boxd.it/i4cU
2025-12-26,The Sword of Doom,1966,https://boxd.it/1EoS
2025-12-27,Demons,1971,https://boxd.it/3yiy
2025-12-27,Jacquot de Nantes,1991,https://boxd.it/YwA
2025-12-28,The Wind,1928,https://boxd.it/1j9s
2025-12-28,Caught in the Net,2020,https://boxd.it/m8dg
2025-12-28,The Seashell and the Clergyman,1928,https://boxd.it/3VaC
2025-12-28,"Mektoub, My Love: Canto Uno",2017,https://boxd.it/bdhK
2025-12-29,A. K.,1985,https://boxd.it/dSDQ
2025-12-29,Tokyo-Ga,1985,https://boxd.it/2DyE
2025-12-29,JLG/JLG: Self-Portrait in December,1994,https://boxd.it/3yUC
2025-12-29,Werner Herzog Eats His Shoe,1980,https://boxd.it/3pcw
2025-12-29,How Did They Ever Make a Movie of Facebook?,2011,https://boxd.it/4R72
2025-12-29,Stanley Kubrick: A Life in Pictures,2001,https://boxd.it/1lnm
2025-12-29,It May Be That Beauty Has Strengthened Our Resolve - Masao Adachi,2011,https://boxd.it/4xEU
2025-12-29,L'Argent,1983,https://boxd.it/XIg
2025-12-29,Blood and Black Lace,1964,https://boxd.it/1qme
2025-12-29,Bridal of Rose ~The Promise Exchanged at Midnight~,2002,https://boxd.it/2zQE
2025-12-29,Alucarda,1977,https://boxd.it/12xs
2025-12-29,Torso,1973,https://boxd.it/1iGg
2025-12-29,A Lizard in a Woman's Skin,1971,https://boxd.it/9Sq
2025-12-29,The Whip and the Body,1963,https://boxd.it/1rl2
2025-12-29,EuroTrip,2004,https://boxd.it/1YTQ
2025-12-29,Road Trip,2000,https://boxd.it/1Z4a
2025-12-29,Afternoons of Solitude,2024,https://boxd.it/APRc
2025-12-30,Humanity and Paper Balloons,1937,https://boxd.it/2XQI
2025-12-30,Still Life,2006,https://boxd.it/26Tk
2025-12-30,Under the Open Sky,2020,https://boxd.it/rk3i
2025-12-30,Still Life,2013,https://boxd.it/6r2u
2025-12-31,The Social Reckoning,2026,https://boxd.it/MRPQ
2025-12-31,The Masque of the Red Death,,https://boxd.it/SALY
2025-12-31,Reptilia,,https://boxd.it/URpY
2025-12-31,American Nails,,https://boxd.it/Lnhi
2026-01-01,The Non-Actor,2025,https://boxd.it/RIHe
2026-01-01,The World of Love,2025,https://boxd.it/Ohfm
2026-01-01,Sick of Myself,2022,https://boxd.it/tEzs
2026-01-01,Black Mirror: USS Callister,2017,https://boxd.it/hQXi
2026-01-02,A.K.A. Serial Killer,1975,https://boxd.it/4UqQ
2026-01-04,Trust,1990,https://boxd.it/18Co
2026-01-04,Fish Tank,2009,https://boxd.it/1xBg
2026-01-04,Day of the Wacko,2002,https://boxd.it/1D0A
2026-01-05,Jauja,2014,https://boxd.it/7Wn6
2026-01-06,Trailer of a Film That Will Never Exist: Phony Wars,2023,https://boxd.it/Ekhg
2026-01-07,Hina Is Beautiful,,https://boxd.it/Gf3M
2026-01-07,100 METERS,2025,https://boxd.it/NpbA
2026-01-07,The Duellists,1977,https://boxd.it/1FLI
2026-01-08,The Round-Up,1966,https://boxd.it/3idC
2026-01-09,The Man Who Left His Will on Film,1970,https://boxd.it/3y0E
2026-01-10,Bad Luck Banging or Loony Porn,2021,https://boxd.it/tJOM
2026-01-10,Je Tu Il Elle,1974,https://boxd.it/3gWK
2026-01-10,A Night in Nude,1993,https://boxd.it/3zd0
2026-01-10,Horrors of Malformed Men,1969,https://boxd.it/12La
2026-01-10,Acto da Primavera,1963,https://boxd.it/5Mzs
2026-01-11,Klara and the Sun,2026,https://boxd.it/woXa
2026-01-11,The Entertainment System Is Down,,https://boxd.it/xSec
2026-01-11,Mile End Kicks,2025,https://boxd.it/IFxC
2026-01-11,BLKNWS: Terms & Conditions,2025,https://boxd.it/z7UE
2026-01-11,Paying for It,2024,https://boxd.it/NvY4
2026-01-11,The Dog Stars,2026,https://boxd.it/RfZI
2026-01-11,American Psycho,,https://boxd.it/Lzfy
2026-01-11,Teenage Sex and Death at Camp Miasma,2026,https://boxd.it/L9GS
2026-01-11,Polaris,,https://boxd.it/vMS2
2026-01-11,Resident Evil,2026,https://boxd.it/SEXE
2026-01-11,Untitled Trey Parker / Matt Stone / Kendrick Lamar Comedy,,https://boxd.it/yUzS
2026-01-11,What Happens at Night,,https://boxd.it/Ggua
2026-01-11,Orbital Era,,https://boxd.it/mFO0
2026-01-11,Dune: Part Three,2026,https://boxd.it/ImWe
2026-01-11,Lust Stories 3,,https://boxd.it/TLNy
2026-01-11,Batwara 1947,2026,https://boxd.it/Ilds
2026-01-12,The Heat,2013,https://boxd.it/4p9a
2026-01-12,Momo,1986,https://boxd.it/273k
2026-01-12,Momo,2001,https://boxd.it/1y98
2026-01-12,The Death King,1990,https://boxd.it/1LCM
2026-01-14,Castration Movie Anthology i. Traps,2024,https://boxd.it/Lgym
2026-01-14,The Second Time Around,2025,https://boxd.it/UECA
2026-01-14,Jeffrey Epstein: Bad Pedophile,2025,https://boxd.it/XQ6C
2026-01-14,We Were the Scenery,2025,https://boxd.it/Rejw
2026-01-14,As if Swallowed by Earth,2025,https://boxd.it/RYti
2026-01-14,The American Revolution,2025,https://boxd.it/XmGK
2026-01-14,Gianmarco Soresi: Thief of Joy,2025,https://boxd.it/XGOu
2026-01-14,Ivy,2015,https://boxd.it/a3IY
2026-01-14,Hotel Monterey,1973,https://boxd.it/3FEc
2026-01-14,Catwalk,1995,https://boxd.it/39H4
2026-01-14,In Vogue: The 90s,2024,https://boxd.it/QmJq
2026-01-14,Unzipped,1995,https://boxd.it/2FXG
2026-01-14,"Five Year Diary, Reel 80: Emily Died (May 14–September 26, 1994)",1994,https://boxd.it/jP3i
2026-01-14,Cameraperson,2016,https://boxd.it/d5ve
2026-01-14,May,2002,https://boxd.it/1V8M
2026-01-14,D.E.B.S.,2004,https://boxd.it/2aaS
2026-01-14,Excision,2012,https://boxd.it/2XMG
2026-01-14,Bringing Up Baby,1938,https://boxd.it/29ks
2026-01-14,Ball of Fire,1941,https://boxd.it/1ms8
2026-01-14,The Lady Eve,1941,https://boxd.it/25LY
2026-01-14,Leave Her to Heaven,1945,https://boxd.it/1IjC
2026-01-14,Midnight,1939,https://boxd.it/1hXK
2026-01-14,Moonglow,2026,https://boxd.it/LYpS
2026-01-14,All of a Sudden,2026,https://boxd.it/UMOO
2026-01-14,Ink,2026,https://boxd.it/X3MY
2026-01-14,I'll Forget Your Name,,https://boxd.it/QyE8
2026-01-14,What Do We See When We Look at the Sky?,2021,https://boxd.it/tWcQ
2026-01-14,The Furious,2025,https://boxd.it/MQuM
2026-01-14,Summer Beats,2025,https://boxd.it/NeQW
2026-01-14,Dying,1976,https://boxd.it/BgWy
2026-01-15,28 Years Later: The Bone Temple,2026,https://boxd.it/MwlA
2026-01-16,Pahadpangira,,https://boxd.it/Qp1m
2026-01-16,Mayasabha: The Hall of Illusion,2025,https://boxd.it/Foug
2026-01-16,"Bon Voyage, Marie",2025,https://boxd.it/BVXs
2026-01-16,A Place in the Sun,1951,https://boxd.it/1vlg
2026-01-18,House of Tolerance,2011,https://boxd.it/2Yjq
2026-01-18,Men and Women,1964,https://boxd.it/5T8e
2026-01-18,Heart and Guts,1982,https://boxd.it/bfqu
2026-01-18,Thelma,2017,https://boxd.it/e7Ce
2026-01-18,Misericordia,2024,https://boxd.it/Efxy
2026-01-18,The Unspeakable Act,2012,https://boxd.it/3Yk6
2026-01-18,À l'aventure,2008,https://boxd.it/5de
2026-01-18,The Exterminating Angels,2006,https://boxd.it/1EgE
2026-01-18,Wetlands,2013,https://boxd.it/6ehm
2026-01-18,The Girl from Nowhere,2012,https://boxd.it/4Q5E
2026-01-19,The Testament of Ann Lee,2025,https://boxd.it/RTTU
2026-01-21,All the Long Nights,2024,https://boxd.it/F3Re
2026-01-21,All the Real Girls,2003,https://boxd.it/1QLa
2026-01-22,Don't Change Hands,1975,https://boxd.it/47zE
2026-01-22,Contactos,1970,https://boxd.it/6hra
2026-01-22,Pocket Novel,,https://boxd.it/Wuvo
2026-01-23,Deep Crimson,1996,https://boxd.it/LLM
2026-01-24,Never Look Away,2018,https://boxd.it/eZns
2026-01-24,The Act of Seeing with One's Own Eyes,1972,https://boxd.it/48LQ
2026-01-24,The Girl Who Cried Pearls,2025,https://boxd.it/Hbo4
2026-01-24,Retirement Plan,2024,https://boxd.it/OeIK
2026-01-25,Michelangelo Eye to Eye,2004,https://boxd.it/IQY
2026-01-26,Muriel's Wedding,1994,https://boxd.it/2aO4
2026-01-26,Hobson's Choice,1954,https://boxd.it/1Ka8
2026-01-28,Their Eyes,2025,https://boxd.it/SrtQ
2026-01-28,Q: Into the Storm,2021,https://boxd.it/usBI
2026-01-30,Mélo,1986,https://boxd.it/hsg
2026-02-01,Johnny Stecchino,1991,https://boxd.it/1RfY
2026-02-01,Fun Is Beautiful,1980,https://boxd.it/17z4
2026-02-01,Sue,1997,https://boxd.it/F8a
2026-02-01,Visage,2009,https://boxd.it/wng
2026-02-01,Star 80,1983,https://boxd.it/1kKu
2026-02-04,Dying,2024,https://boxd.it/KQ2u
2026-02-08,Love Through a Prism,2026,https://boxd.it/10UHS
2026-02-08,Josephine,2026,https://boxd.it/NzPA
2026-02-08,The Invite,2026,https://boxd.it/zRNY
2026-02-08,Living With A Visionary,2026,https://boxd.it/1034y
2026-02-08,If I Go Will They Miss Me,2026,https://boxd.it/ZsF8
2026-02-08,Polyester,1981,https://boxd.it/1Oq0
2026-02-08,A Bay of Blood,1971,https://boxd.it/232i
2026-02-08,The House with Laughing Windows,1976,https://boxd.it/mG8
2026-02-08,The Possessed,1965,https://boxd.it/3xFm
2026-02-08,It Feels So Good,2019,https://boxd.it/nbq0
2026-02-11,Elaha,2023,https://boxd.it/Ey38
2026-02-12,The Ballad of Sexual Dependency,1985,https://boxd.it/9Yek
2026-02-13,A Bridge Too Far,1977,https://boxd.it/22nO
2026-02-13,"T,O,U,C,H,I,N,G",1969,https://boxd.it/54Sq
2026-02-13,A Single Girl,1995,https://boxd.it/3uzA
2026-02-13,Devil in the Flesh,1986,https://boxd.it/1c3s
2026-02-13,Sound of Falling,2025,https://boxd.it/Km9K
2026-02-17,Nirvanna the Band the Show the Movie,2025,https://boxd.it/HG9a
2026-02-19,"Help Me, Eros",2007,https://boxd.it/uyG
2026-02-19,Dog Days,2001,https://boxd.it/1Zm4
2026-02-19,"Athens, Return to the Acropolis",1983,https://boxd.it/dn6w
2026-02-20,The Hole,1998,https://boxd.it/LDo
2026-02-20,Woman in Chains,1968,https://boxd.it/2tnc
2026-02-20,All in Order,1980,https://boxd.it/dzmc
2026-02-22,Eternity,2025,https://boxd.it/LYtK
2026-02-23,Invocation of My Demon Brother,1969,https://boxd.it/WtO
2026-02-23,Submit to Me Now,1987,https://boxd.it/54Sg
2026-02-24,Moonlight Whispers,1999,https://boxd.it/3y7A
2026-02-25,"Good Luck, Have Fun, Don't Die",2025,https://boxd.it/Glua
2026-02-25,Irma Vep,1996,https://boxd.it/1vYs
2026-02-25,Coffee and Cigarettes,2003,https://boxd.it/29nc
2026-02-25,Swiss Army Man,2016,https://boxd.it/bDG2
2026-02-27,Underground,1995,https://boxd.it/1SOA
2026-02-27,The Young Girls of Rochefort,1967,https://boxd.it/26K8
2026-02-27,Tokyo Marigold,2001,https://boxd.it/7x86
2026-03-02,The Great Silence,1968,https://boxd.it/1ZlA
2026-03-02,The Brother from Another Planet,1984,https://boxd.it/1sX2
2026-03-05,Burlesque,2010,https://boxd.it/Xfo
2026-03-06,Casa de Lava,1994,https://boxd.it/498K
2026-03-07,Hoppers,2026,https://boxd.it/OFpg
2026-03-07,Heaven's Story,2010,https://boxd.it/4toe
2026-03-07,Analife,2005,https://boxd.it/avRE
2026-03-07,The Long Farewell,1971,https://boxd.it/4I3q
2026-03-07,Stop-Zemlia,2021,https://boxd.it/tTL4
2026-03-07,The Eve of Ivan Kupalo,1968,https://boxd.it/7WVW
2026-03-07,Alice Doesn't Live Here Anymore,1974,https://boxd.it/1KIa
2026-03-07,Married to the Mob,1988,https://boxd.it/26W4
2026-03-07,Losing Ground,1982,https://boxd.it/8jau
2026-03-07,6 Days,2025,https://boxd.it/XXng
2026-03-07,Alexandria… Why?,1979,https://boxd.it/10zw
2026-03-07,The Street Player,1983,https://boxd.it/7EvQ
2026-03-07,Sorry For Disturbance,2008,https://boxd.it/foQ
2026-03-07,Coyote Ugly,2000,https://boxd.it/21PW
2026-03-07,La Ciénaga,2001,https://boxd.it/kpk
2026-03-07,The South,1988,https://boxd.it/Mnc
2026-03-07,Camila,1984,https://boxd.it/XMC
2026-03-07,Billie & Emma,2018,https://boxd.it/kfWe
2026-03-07,Himself as Herself,1967,https://boxd.it/9fps
2026-03-07,A Quiet Passion,2016,https://boxd.it/cMXe
2026-03-07,Moral,1982,https://boxd.it/7s3g
2026-03-07,Spun,2002,https://boxd.it/1SAo
2026-03-07,Youth,2015,https://boxd.it/9Y7S
2026-03-07,Caramel,2007,https://boxd.it/20Jo
2026-03-07,The Dark Side of the Heart,1992,https://boxd.it/2yzi
2026-03-07,The Unbelievable Truth,1989,https://boxd.it/15LC
2026-03-07,Love and Anarchy,1973,https://boxd.it/3TC
2026-03-07,The Midnight Gospel,2020,https://boxd.it/xlUa
2026-03-07,Speaking Parts,1989,https://boxd.it/31G8
2026-03-07,The Travelling Players,1975,https://boxd.it/29Oi
2026-03-07,The Story of the Last Chrysanthemum,1939,https://boxd.it/O1i
2026-03-07,Exiled,2006,https://boxd.it/1Pn2
2026-03-07,Early Spring,1956,https://boxd.it/1DkA
2026-03-07,Courier,1986,https://boxd.it/2sbE
2026-03-07,Barking at the Stars,1998,https://boxd.it/syu
2026-03-07,The Death of Mr. Lazarescu,2005,https://boxd.it/1k1a
2026-03-07,Ten,2002,https://boxd.it/1NH0
2026-03-07,The Pillow Book,1995,https://boxd.it/1tW0
2026-03-07,The River,1997,https://boxd.it/uEk
2026-03-07,Metropolitan,1990,https://boxd.it/1Mku
2026-03-07,Somewhere,2010,https://boxd.it/14du
2026-03-07,The Corridor,1995,https://boxd.it/Ldg
2026-03-08,The Raspberry Reich,2004,https://boxd.it/2lnS
2026-03-08,Tony Manero,2008,https://boxd.it/1eSs
2026-03-08,River of Fundament,2014,https://boxd.it/7wPS
2026-03-08,Wedlock House: An Intercourse,1959,https://boxd.it/48Mk
2026-03-09,Mirage,2018,https://boxd.it/jeOm
2026-03-10,The Last Dance,2024,https://boxd.it/Kz1u
2026-03-10,The Innocent,1976,https://boxd.it/24y0
2026-03-10,A Tale of Sorrow and Sadness,1977,https://boxd.it/6cmk
2026-03-10,Guilty of Romance,2011,https://boxd.it/2OAQ
2026-03-10,Somewhere Beyond Love,1974,https://boxd.it/5Yqi
2026-03-10,Viva Erotica,1996,https://boxd.it/3VQy
2026-03-10,Killed the Family and Went to the Movies,1969,https://boxd.it/5nxm
2026-03-10,Career Girls,1997,https://boxd.it/G0w
2026-03-10,First Name: Carmen,1983,https://boxd.it/1gGe
2026-03-10,The Glamorous Life of Sachiko Hanai,2003,https://boxd.it/2rqI
2026-03-10,Daughters of Darkness,1971,https://boxd.it/NMs
2026-03-10,Acts of Love,2025,https://boxd.it/Rxgc
2026-03-15,Sleepless Night,2013,https://boxd.it/4LeQ
2026-03-15,Fruit of Paradise,1970,https://boxd.it/2N24
2026-03-15,Dark Story of a Sex Crime: Phantom Killer,1969,https://boxd.it/6RZW
2026-03-15,Terrifying Girls' High School: Lynch Law Classroom,1973,https://boxd.it/r10
2026-03-15,London,1994,https://boxd.it/41qw
2026-03-18,Cosmos,2015,https://boxd.it/abCE
2026-03-18,Upstream Color,2013,https://boxd.it/4Cwc
2026-03-18,Minding the Gap,2018,https://boxd.it/hDNu
2026-03-18,Nashville,1975,https://boxd.it/25GE
2026-03-18,Things to Come,2016,https://boxd.it/d0wc
2026-03-20,Demons,1985,https://boxd.it/1OTQ
2026-03-21,Argentina 1985,2022,https://boxd.it/qLxM
2026-03-21,Love,2024,https://boxd.it/KFoY
2026-03-21,Dreams,2024,https://boxd.it/KFnQ
2026-03-21,Dream Island Girl,1974,https://boxd.it/oYWG
2026-03-22,Familiar Touch,2024,https://boxd.it/Mfes
2026-03-22,Thesis on a Domestication,2024,https://boxd.it/FTPO
2026-03-24,Variety,1983,https://boxd.it/305A
2026-03-24,The Pit and the Pendulum,1964,https://boxd.it/8gcW
2026-03-27,Forbidden Fruits,2026,https://boxd.it/TI9g
2026-03-27,Frida,2024,https://boxd.it/K5fm
2026-03-30,Martin Margiela: In His Own Words,2019,https://boxd.it/nTbo
2026-03-30,Last Summer,1969,https://boxd.it/16Mc
2026-03-31,Cry to Heaven,,https://boxd.it/Sk0M
2026-04-04,The Kneeling Goddess,1947,https://boxd.it/5wlY
2026-04-04,The Brutal Hopelessness of Love,2007,https://boxd.it/4KpI
2026-04-04,La Chienne,1931,https://boxd.it/1tx0
2026-04-06,Follies,2025,https://boxd.it/RYg4
2026-04-06,Untitled Bi Gan Film,,https://boxd.it/Y8dm
2026-04-07,Japanese Summer: Double Suicide,1967,https://boxd.it/Iha
2026-04-07,Sing a Song of Sex,1967,https://boxd.it/2Fny
2026-04-07,Tokyo Noise,2002,https://boxd.it/4dOU
2026-04-07,Adrift in Tokyo,2007,https://boxd.it/1NVm
2026-04-07,tokyo.sora,2002,https://boxd.it/48ia
2026-04-07,Tokyo Blood,1993,https://boxd.it/bjei
2026-04-07,Shibuya - Tokyo,2010,https://boxd.it/biO0
2026-04-07,Tokyo!,2008,https://boxd.it/1ZxG
2026-04-07,Bright Future,2002,https://boxd.it/1sXw
2026-04-09,Cutter's Way,1981,https://boxd.it/1iKW
2026-04-09,I Love Boosters,2026,https://boxd.it/KBIU
2026-04-09,Arasan,,https://boxd.it/Vz4K
2026-04-10,Aviva,2020,https://boxd.it/plqe
2026-04-10,Wild Horse Nine,2026,https://boxd.it/xG0M
2026-04-11,From the Land of the Moon,2016,https://boxd.it/d4wg
2026-04-12,Quiet City,2007,https://boxd.it/M58
2026-04-12,Tale of Cinema,2005,https://boxd.it/31H6
2026-04-12,On the Beach at Night Alone,2017,https://boxd.it/fqEK
2026-04-12,Cecil B. Demented,2000,https://boxd.it/1OA0
2026-04-12,Violence Without a Cause,1969,https://boxd.it/3xXU
2026-04-12,I Saw the TV Glow,2024,https://boxd.it/woVe
2026-04-12,The World,2004,https://boxd.it/ZJg
2026-04-12,L'Eclisse,1962,https://boxd.it/1CoG
2026-04-12,The Wonders,2014,https://boxd.it/7Urq
2026-04-12,The Monk and the Gun,2023,https://boxd.it/G0jK
2026-04-12,The August Virgin,2019,https://boxd.it/kAU4
2026-04-12,Herostratus,1967,https://boxd.it/2kky
2026-04-12,Sometimes I Think About Dying,2023,https://boxd.it/xGlg
2026-04-12,Abel,1986,https://boxd.it/26n4
2026-04-12,The Northerners,1992,https://boxd.it/22oi
2026-04-12,Adoption,1975,https://boxd.it/d4Y
2026-04-12,The Dinosaurs,2026,https://boxd.it/11pyi
2026-04-13,"Léon Morin, Priest",1961,https://boxd.it/5O0
2026-04-18,The Strokes: MTV $2 Bill Concert,2002,https://boxd.it/sZ7M
2026-04-18,"If You Don't Like It, Look Away",2025,https://boxd.it/V64c
2026-04-19,Happy-Go-Lucky,1997,https://boxd.it/53hI
2026-04-19,Inspiration,1949,https://boxd.it/4fmS
2026-04-19,Cameron Winter at Carnegie Hall,,https://boxd.it/ZvZK
2026-04-20,Saraband,2003,https://boxd.it/rkw
2026-04-20,Tune in for Love,2019,https://boxd.it/kVUO
2026-04-22,"Aldeas, the Final Dream of Pope Francis",2026,https://boxd.it/UFjE
2026-04-24,Unnatural,2018,https://boxd.it/uCxw
2026-04-25,My Heart Is That Eternal Rose,1989,https://boxd.it/2HHA
2026-05-01,Modulations,1998,https://boxd.it/iLS
2026-05-03,Modern Whore,2025,https://boxd.it/KNQ2
2026-05-08,Helter Skelter,2012,https://boxd.it/3ybW
2026-05-09,Pavane,2026,https://boxd.it/MmUq
2026-05-10,Billie Eilish — Hit Me Hard and Soft: The Tour (Live in 3D),2026,https://boxd.it/Wowg
2026-05-10,The Store,1983,https://boxd.it/3IRo
2026-05-10,Kika,2025,https://boxd.it/O7vk
2026-05-11,Girls of the Night,1961,https://boxd.it/7yp8
2026-05-11,Unrelated,2007,https://boxd.it/1mcO
2026-05-11,Archipelago,2010,https://boxd.it/Oa
2026-05-11,Fjord,2026,https://boxd.it/RVja
2026-05-11,Fatherland,2026,https://boxd.it/TbK4
2026-05-12,"Pilgrim, Farewell",1980,https://boxd.it/gvk8
2026-05-13,Sad Girlz,2026,https://boxd.it/XcQ6
2026-05-13,Queen at Sea,2026,https://boxd.it/CE9i
2026-05-13,Wicker,2026,https://boxd.it/JlTq
2026-05-13,Rose,2026,https://boxd.it/ICFo
2026-05-13,Mouse,2026,https://boxd.it/LaMM
2026-05-13,"Ha-Chan, Shake Your Booty!",2026,https://boxd.it/ZsYE
2026-05-13,The Strange Case of Dr. Jekyll and Miss Osbourne,1981,https://boxd.it/15U
2026-05-13,"Ach, diese Lücke, diese entsetzliche Lücke",2026,https://boxd.it/Qg1i
2026-05-14,Once Upon a Time in Harlem,2026,https://boxd.it/ZsJa
2026-05-14,Minotaur,2026,https://boxd.it/w1Nc
2026-05-14,Another Day,2026,https://boxd.it/W4Lq
2026-05-14,It Will Happen Tonight,2026,https://boxd.it/VJYo
2026-05-14,Transaction Planet,,https://boxd.it/ZOIy
2026-05-14,Amri,,https://boxd.it/YmxU
2026-05-15,Immortal Love,1961,https://boxd.it/3zRk
2026-05-15,Kill!,1968,https://boxd.it/14D8
2026-05-16,Postman Blues,1997,https://boxd.it/1b3m
2026-05-17,Club Kid,2026,https://boxd.it/Z6lK
2026-05-18,La Gradiva,2026,https://boxd.it/HGtE
2026-05-18,Tangles,2026,https://boxd.it/Og1e
2026-05-18,Inhabitants,1970,https://boxd.it/5AdO
2026-05-18,The Devil Wears Prada,2006,https://boxd.it/2awE
2026-05-18,Model,1981,https://boxd.it/3OTA
2026-05-18,"Who Are You, Polly Maggoo?",1966,https://boxd.it/qCa
2026-05-18,Bill Cunningham New York,2010,https://boxd.it/si2
2026-05-19,Three Incestuous Sisters,,https://boxd.it/11h7S
2026-05-19,A Motherf*cking Life,2026,https://boxd.it/11DB6
2026-05-20,Magic Spot,2022,https://boxd.it/Ajys
2026-05-23,Coward,2026,https://boxd.it/TcSy
2026-05-23,The Diary of a Chambermaid,2026,https://boxd.it/UDLG
2026-05-23,La Bola Negra,2026,https://boxd.it/SDaQ
2026-05-23,Iron Boy,2026,https://boxd.it/zJMy
2026-05-23,I See Buildings Fall Like Lightning,2026,https://boxd.it/TUbS
2026-05-25,Paper Trail,2026,https://boxd.it/ZyFe
2026-05-29,50/50,2011,https://boxd.it/10Tw
2026-05-29,Wit,2001,https://boxd.it/1sKW
2026-05-29,Cancer: The Emperor of All Maladies,2015,https://boxd.it/aXky
2026-05-29,Tig,2015,https://boxd.it/ahPY
2026-05-29,Shadowlands,1993,https://boxd.it/1Wfk
2026-05-31,This World Can't Tear Me Down,2023,https://boxd.it/H11u
2026-05-31,Tokyo Stray Girls,2010,https://boxd.it/46Z2
2026-05-31,Ashes,2012,https://boxd.it/3MT4
2026-05-31,The Skywalk Is Gone,2002,https://boxd.it/5tru
2026-05-31,End,1992,https://boxd.it/61pW
2026-05-31,Life,1994,https://boxd.it/61pC
2026-06-02,Tony,2026,https://boxd.it/OJaa
2026-06-02,Sense and Sensibility,2026,https://boxd.it/VTKG
2026-06-02,The Blackout,1997,https://boxd.it/1vjk
2026-06-02,Violent,2014,https://boxd.it/8Djw
2026-06-02,Inca Light,1972,https://boxd.it/jygO
2026-06-02,Bells from the Deep,1993,https://boxd.it/3uX8
2026-06-02,"Eadweard Muybridge, Zoopraxographer",1975,https://boxd.it/43Jg
2026-06-02,Anti-Clock,1979,https://boxd.it/1jti
2026-06-02,E. M. Cioran. Sa vie. Son oeuvre,1999,https://boxd.it/gbUg
2026-06-02,On Top of the Whale,1982,https://boxd.it/499I
2026-06-02,Masoom: The Next Generation,,https://boxd.it/T7xg
2026-06-03,Tuner,2025,https://boxd.it/POtS
2026-06-05,Love Generation,1997,https://boxd.it/xfxk
2026-06-05,We Made a Beautiful Bouquet,2021,https://boxd.it/pZDC
2026-06-05,Long Vacation,1996,https://boxd.it/vkwW
2026-06-08,The Boston Strangler,1968,https://boxd.it/1tmG
2026-06-10,The Country Doctor,1909,https://boxd.it/19C0
2026-06-11,Richard III,1995,https://boxd.it/1jGw
2026-06-11,Jim Queen and the Quest for Chloroqueer,2026,https://boxd.it/EaA8
2026-06-11,A Place for Her,2025,https://boxd.it/OjEe
2026-06-11,The Panic in Needle Park,1971,https://boxd.it/1rwu
2026-06-11,Caprice,1986,https://boxd.it/lAH2
2026-06-12,Amor,1980,https://boxd.it/7QWu
2026-06-12,Neon Bull,2015,https://boxd.it/a6Ke
2026-06-13,Main Vaapas Aaunga,2026,https://boxd.it/SXnA
2026-06-13,Lalkaara,,https://boxd.it/13E9m
2026-06-13,Martin,1977,https://boxd.it/1tJ6
2026-06-13,The Baron in the Trees,,https://boxd.it/D6Yo
2026-06-13,"I Travel Because I Have to, I Come Back Because I Love You",2009,https://boxd.it/369y
2026-06-13,Ramayana,2026,https://boxd.it/org8
2026-06-16,Senso,1954,https://boxd.it/V6k
2026-06-17,Carolina Caroline,2025,https://boxd.it/OKiY
2026-06-18,Live to 100: Secrets of the Blue Zones,2023,https://boxd.it/IumS
2026-06-19,"Peep ""TV"" Show",2004,https://boxd.it/6i34
2026-06-19,Linda Linda Linda,2005,https://boxd.it/1s1C
2026-06-19,Bounce Ko Gals,1997,https://boxd.it/1sgC
2026-06-23,Thursday Special,2024,https://boxd.it/O2z2
2026-06-23,Voicemails for Isabelle,2026,https://boxd.it/mJVk
2026-06-23,Anything but Ghosts,,https://boxd.it/XoYm
2026-06-27,The Girls,1968,https://boxd.it/4mK8
2026-06-30,Delupi,2025,https://boxd.it/Y8Ug
2026-07-01,Dreams That Money Can Buy,1947,https://boxd.it/1hfy
2026-07-02,Deniz Göktaş: Ölü Deniz,2026,https://boxd.it/14ARc
2026-07-02,Billions Club Live with Olivia Rodrigo: A Concert Film,2026,https://boxd.it/13C5s
2026-07-02,Barbara Forever,2026,https://boxd.it/ZsPW
2026-07-03,Devilish Education,1995,https://boxd.it/2Q0U
2026-07-03,City of Lost Souls,1983,https://boxd.it/4goU
2026-07-03,Before the Rain,1994,https://boxd.it/1FAq
2026-07-03,Dangerous Liaisons,1988,https://boxd.it/29r4
2026-07-03,Marianne and Juliane,1981,https://boxd.it/XDq
2026-07-04,Lesson of a Dead Language,1979,https://boxd.it/eEus
2026-07-04,Like Crazy,2016,https://boxd.it/deGg
2026-07-04,The House That Jack Built,2018,https://boxd.it/dWO4
2026-07-04,Goltzius & the Pelican Company,2012,https://boxd.it/4tXy
2026-07-04,Cowards Bend the Knee,2003,https://boxd.it/1Ip6
2026-07-04,Vincere,2009,https://boxd.it/1lJC
2026-07-04,Baadasssss!,2003,https://boxd.it/1pYc
2026-07-04,Three... Extremes,2004,https://boxd.it/1eGw
2026-07-04,Life Is All You Get,1997,https://boxd.it/1Xi0
2026-07-04,Dr. Caligari,1989,https://boxd.it/1cbG
2026-07-04,I Love You,1981,https://boxd.it/2ADG
2026-07-04,The Cool Lakes of Death,1982,https://boxd.it/5fNc
2026-07-04,Virgin Machine,1988,https://boxd.it/44yo
2026-07-04,Boccaccio '70,1962,https://boxd.it/PWk
2026-07-04,Anaïs in Love,2021,https://boxd.it/tnQw
2026-07-04,Satluj,2026,https://boxd.it/HIBg
2026-07-06,Confessions,1972,https://boxd.it/aZQm
2026-07-06,Apocalypse After,2018,https://boxd.it/iNpk
2026-07-06,Scenes from the Life of Andy Warhol: Friendships & Intersections,1990,https://boxd.it/6I80
2026-07-06,A Place We Call Reality,2018,https://boxd.it/kwFu
2026-07-06,Whateverest,2012,https://boxd.it/76cU
2026-07-06,removed,1999,https://boxd.it/4OJ8
2026-07-18,The Odyssey: The Making of an Epic,2026,https://boxd.it/153j4
2026-07-18,Rao Bahadur,2026,https://boxd.it/TryS
2026-07-19,The Mysterious Gaze of the Flamingo,2025,https://boxd.it/xR4q
2026-07-23,Strike!,1998,https://boxd.it/1FbK
2026-07-25,Hadestown: The Musical,2026,https://boxd.it/Th8A
2026-07-27,The Shiver of the Vampires,1971,https://boxd.it/1o8E
2026-07-28,White Chicks,2004,https://boxd.it/1SpK
2026-07-28,Maîtresse,1976,https://boxd.it/LQi
2026-07-29,Los Frikis,2024,https://boxd.it/B1xe
2026-07-29,The Pear Tree,1998,https://boxd.it/59xi
2026-07-30,One Day,2011,https://boxd.it/Asu
2026-07-31,To my Sisters,2026,https://boxd.it/12Odm
2026-08-03,National Theatre Live: Prima Facie,2022,https://boxd.it/Ao48
2026-08-05,Maddie's Secret,2025,https://boxd.it/WtfY
2026-08-07,One Hundred and One Dalmatians,1961,https://boxd.it/1SeC
2026-08-08,The Samurai and the Prisoner,2026,https://boxd.it/10t6g
2026-08-10,Dorothy,2026,https://boxd.it/YQBs
2026-08-11,Primetime,2026,https://boxd.it/QX5s
2026-08-11,SPERMWORLD,2024,https://boxd.it/IE5C
2026-08-12,Dogfight,1991,https://boxd.it/1NCk
2026-08-12,The Happiest Guy in the World,2018,https://boxd.it/kD8i
2026-08-12,Untitled J.J. Abrams Film,,https://boxd.it/ZA16
